id,origem,ano,titulo,veiculo,dominio_aplicacao,estrategia,ponto_intervencao,dominios,operador_fusao,lido_por_ia
S0001,primario,2022,ObjectFormer for Image Manipulation Detection and Localization,2022 IEEE/CVF Conference on Computer Vision and Pattern Recognition (CVPR),imagem_natural,B,entrada_bruta,espacial+frequencia,concatenacao,sim
S0002,primario,2022,Learning JPEG Compression Artifacts for Image Manipulation Detection and Localization,International Journal of Computer Vision,imagem_natural,nao_informado,nao_informado,frequencia,nao_informado,sim
S0003,primario,2020,A robust copy-move forgery detection technique based on discrete cosine transform and cellular automata,Journal of Information Security and Applications,imagem_natural,C,nao_informado,frequencia,nao_informado,sim
S0004,primario,2020,Copy-move forgery detection technique based on discrete cosine transform blocks features,Neural Computing and Applications,imagem_natural,C,nao_informado,frequencia,nao_informado,sim
S0007,primario,2024,Copy Move Forgery detection and localisation robust to rotation using block based Discrete Cosine Transform and eigenvalues,Journal of Visual Communication and Image Representation,imagem_natural,C,nao_informado,frequencia,nao_informado,sim
S0008,primario,2022,DS-UNet: A dual streams UNet for refined image forgery localization,Information Sciences,imagem_natural,A,transversal,nao_informado,nao_informado,sim
S0009,primario,2022,Image Forgery Detection Using Deep Learning by Recompressing Images,Electronics,imagem_natural,B,entrada_bruta,frequencia,ausente,sim
S0010,primario,2020,Low dimensional DCT and DWT feature based model for detection of image splicing and copy-move forgery,Multimedia Tools and Applications,imagem_natural,nao_informado,nao_informado,frequencia,nao_informado,sim
S0014,primario,2020,Robust Detection of Image Operator Chain With Two-Stream Convolutional Neural Network,IEEE Journal of Selected Topics in Signal Processing,imagem_natural,A,transversal,espacial+ruido,nao_informado,sim
S0017,primario,2021,Two-stream encoder–decoder network for localizing image forgeries,Journal of Visual Communication and Image Representation,imagem_natural,A,transversal,nao_informado,nao_informado,sim
S0019,primario,2021,Document images forgery localization using a two‐stream network,International Journal of Intelligent Systems,documento,A,transversal,espacial+ruido,nao_informado,sim
S0021,primario,2023,Toward Effective Image Manipulation Detection With Proposal Contrastive Learning,IEEE Transactions on Circuits and Systems for Video Technology,imagem_natural,A,transversal,espacial+ruido,nao_informado,sim
S0022,primario,2020,Copy-Move Image Forgery Detection Using DCT and ORB Feature Set,Communications in computer and information science,imagem_natural,C,nao_informado,frequencia,nao_informado,sim
S0024,primario,2020,An improved block based copy-move forgery detection technique,Multimedia Tools and Applications,imagem_natural,nao_informado,nao_informado,nao_informado,nao_informado,sim
S0030,primario,2023,Towards Robust Tampered Text Detection in Document Image: New Dataset and New Solution,,documento,B,cabeca,frequencia,nao_informado,sim
S0032,primario,2023,A fast copy-move image forgery detection approach on a reduced search space,Multimedia Tools and Applications,imagem_natural,nao_informado,nao_informado,nao_informado,nao_informado,sim
S0034,primario,2020,A Robust Forgery Detection Method for Copy–Move and Splicing Attacks in Images,Electronics,imagem_natural,C,nao_informado,frequencia+textura,nao_informado,sim
S0036,primario,2022,An improved reduced feature-based copy-move forgery detection technique,Multimedia Tools and Applications,imagem_natural,nao_informado,nao_informado,nao_informado,nao_informado,sim
S0035,primario,2021,Image Forensic Investigation Using Discrete Cosine Transform-Based Approach,Wireless Personal Communications,imagem_natural,C,nao_informado,frequencia,nao_informado,sim
S0037,primario,2021,"Copy move forgery detection using DCT, PatchMatch and cellular automata",Multimedia Tools and Applications,imagem_natural,C,nao_informado,frequencia,nao_informado,sim
S0038,primario,2020,Utilization of edge operators for localization of copy-move image forgery using WLD-HOG features with connected component labeling,Multimedia Tools and Applications,imagem_natural,C,nao_informado,borda,nao_informado,sim
S0042,primario,2021,Multi-Modality Image Manipulation Detection,,imagem_natural,A,transversal,nao_informado,atencao,sim
S0041,primario,2024,Image Tampering Detection With Frequency-Aware Attention and Multiview Fusion,IEEE Transactions on Artificial Intelligence,imagem_natural,A,transversal,frequencia,gate_aprendivel,sim
S0047,primario,2022,CNN-Based Copy-Move Forgery Detection Using Rotation-Invariant Wavelet Feature,IEEE Access,imagem_natural,B,entrada_bruta,frequencia,ausente,sim
S0044,primario,2024,Dual-Stream Intermediate Fusion Network for Image Forgery Localization,IEEE Access,imagem_natural,A,transversal,nao_informado,gate_aprendivel,sim
S0015,primario,2024,Enhancing Tampered Text Detection Through Frequency Feature Fusion and Decomposition,Lecture notes in computer science,documento,nao_informado,nao_informado,frequencia,nao_informado,sim
S0050,primario,2020,Detection and localization of forgery using statistics of DCT and Fourier components,Signal Processing Image Communication,imagem_natural,C,nao_informado,frequencia,nao_informado,sim
S0051,primario,2023,Block-level double JPEG compression detection for image forgery localization,Multimedia Tools and Applications,imagem_natural,nao_informado,nao_informado,frequencia,nao_informado,sim
S0052,primario,2022,Unveiling digital image forgeries using Markov based quaternions in frequency domain and fusion of machine learning algorithms,Multimedia Tools and Applications,imagem_natural,C,nao_informado,frequencia,nao_informado,sim
S0054,primario,2023,CDS-Net: Cooperative dual-stream network for image manipulation detection,Pattern Recognition Letters,imagem_natural,A,transversal,nao_informado,nao_informado,sim
S0049,primario,2025,Document forgery detection based on spatial-frequency and multi-scale feature network,Journal of Visual Communication and Image Representation,documento,A,transversal,espacial+frequencia,nao_informado,sim
S0057,primario,2023,Discrepancy-Guided Reconstruction Learning for Image Forgery Detection,,nao_informado,nao_informado,nao_informado,frequencia+ruido,nao_informado,nao
S0058,primario,2024,Image manipulation detection and localization using multi-scale contrastive learning,Applied Soft Computing,imagem_natural,nao_informado,nao_informado,nao_informado,nao_informado,sim
S0062,primario,2025,Advanced digital image forensics: A hybrid framework for copy‐move forgery detection in multimedia security,Journal of Forensic Sciences,imagem_natural,A,transversal,espacial+frequencia,atencao,sim
S0063,primario,2023,An automatic enhanced filters with frequency-based copy-move forgery detection for social media images,Multimedia Tools and Applications,imagem_natural,nao_informado,nao_informado,frequencia,nao_informado,sim
S0064,primario,2020,A robust JPEG compression detector for image forensics,Signal Processing Image Communication,imagem_natural,nao_informado,nao_informado,frequencia,nao_informado,sim
S0065,primario,2022,Learning to localize image forgery using end-to-end attention network,Neurocomputing,imagem_natural,B,nao_informado,nao_informado,ausente,sim
S0066,primario,2022,Tampered text detection via RGB and frequency relationship modeling,DOAJ (DOAJ: Directory of Open Access Journals),documento,A,transversal,espacial+frequencia,atencao,sim
S0074,primario,2025,Explainable Dual‐Stream Attention Network for Image Forgery Detection and Localisation Using Contrastive Learning,IET Radar Sonar & Navigation,nao_informado,nao_informado,nao_informado,frequencia+ruido,nao_informado,nao
S0069,primario,2025,MSF-Net: Multi-stream fusion network for image manipulation detection and localization,Digital Signal Processing,imagem_natural,A,transversal,nao_informado,nao_informado,sim
S0080,primario,2024,Frequency-constrained transferable adversarial attack on image manipulation detection and localization,The Visual Computer,imagem_natural,D,nao_informado,frequencia,nao_informado,sim
S0086,primario,2021,Improved copy move forgery detection method via L*a*b* color space and enhanced localization technique,Multimedia Tools and Applications,imagem_natural,nao_informado,nao_informado,nao_informado,nao_informado,sim
S0083,primario,2023,DSSE-net: dual stream skip edge-enhanced network with forgery loss for image forgery localization,International Journal of Machine Learning and Cybernetics,imagem_natural,A,transversal,borda,nao_informado,sim
S0085,primario,2021,Digital image forensic using deep flower pollination with adaptive Harris hawk optimization,Multimedia Tools and Applications,imagem_natural,nao_informado,nao_informado,nao_informado,nao_informado,sim
S0082,primario,2025,Dual-stream network with complementary fusion and hierarchical attention for image tampering localization,Signal Image and Video Processing,imagem_natural,A,transversal,nao_informado,atencao,sim
S0087,primario,2022,SISL:Self-Supervised Image Signature Learning for Splicing Detection & Localization,2022 IEEE/CVF Conference on Computer Vision and Pattern Recognition Workshops (CVPRW),imagem_natural,D,nao_informado,frequencia,nao_informado,sim
S0090,primario,2025,Dual-stream and dual-branch generative adversarial network for image forgery localization,Knowledge-Based Systems,imagem_natural,A,transversal,nao_informado,nao_informado,sim
S0101,primario,2025,SFNet: Fusion of Spatial and Frequency-Domain Features for Remote Sensing Image Forgery Detection,IEEE Journal of Selected Topics in Applied Earth Observations and Remote Sensing,sensoriamento_remoto,A,transversal,espacial+frequencia,atencao,sim
S0056,primario,2025,Forgery-Aware Guided Spatial–Frequency Feature Fusion for Face Image Forgery Detection,Symmetry,face,A,transversal,espacial+frequencia,atencao,sim
S0094,primario,2025,Frequency domain manipulation of multiple copy-move forgery in digital image forensics,PLoS ONE,nao_informado,nao_informado,nao_informado,frequencia+ruido,nao_informado,nao
S0097,primario,2025,Recursive wavelet transform network for robust copy-move forgery detection,Neurocomputing,imagem_natural,B,nao_informado,frequencia,ausente,sim
S0095,primario,2021,A secure model on Advanced Fake Image-Feature Network (AFIFN) based on deep learning for image forgery detection,Pattern Recognition Letters,imagem_natural,nao_informado,nao_informado,nao_informado,nao_informado,sim
S0098,primario,2023,A Dual-Stream Input Faster-CNN Model for Image Forgery Detection,"Lecture notes of the Institute for Computer Sciences, Social Informatics and Telecommunications Engineering",imagem_natural,A,transversal,nao_informado,nao_informado,sim
S0141,primario,2025,Enhancing Document Forgery Detection with Edge-Focused Deep Learning,Symmetry,documento,B,entrada_bruta,borda,canais_entrada,sim
S0109,primario,2024,Research on Improved MobileViT Image Tamper Localization Model,"Computers, materials & continua/Computers, materials & continua (Print)",imagem_natural,A,transversal,espacial+ruido,concatenacao,sim
S0104,primario,2021,Digital image manipulation detection with weak feature stream,The Visual Computer,imagem_natural,nao_informado,nao_informado,nao_informado,nao_informado,sim
S0108,primario,2020,Detection of Copy-Move Forgery in Digital Image Based on SIFT Features and Automatic Matching Thresholds,Communications in computer and information science,imagem_natural,C,nao_informado,nao_informado,nao_informado,sim
S0112,primario,2023,Robust Copy-Move Forgery Detection Technique Against Image Degradation and Geometric Distortion Attacks,Wireless Personal Communications,imagem_natural,nao_informado,nao_informado,nao_informado,nao_informado,sim
S0099,primario,2021,Object-Based Video Forgery Detection via Dual-Stream Networks,,imagem_natural,A,transversal,temporal,nao_informado,sim
S0103,primario,2021,Towards general object-based video forgery detection via dual-stream networks and depth information embedding,Multimedia Tools and Applications,imagem_natural,A,transversal,nao_informado,nao_informado,sim
S0122,primario,2020,A Full-Image Full-Resolution End-to-End-Trainable CNN Framework for Image Forgery Detection,IEEE Access,nao_informado,nao_informado,nao_informado,frequencia,nao_informado,nao
S0133,primario,2025,Weakly-supervised cross-contrastive learning network for image manipulation detection and localization,Knowledge-Based Systems,imagem_natural,nao_informado,nao_informado,nao_informado,nao_informado,sim
S0118,primario,2025,MSHRT-Net: Multi-scale hierarchical residual transfer network for image manipulation detection and localization,Neurocomputing,imagem_natural,nao_informado,nao_informado,nao_informado,nao_informado,sim
S0128,primario,2024,SmartHash: Perceptual Hashing for Image Tampering Detection and Authentication,,imagem_natural,C,nao_informado,frequencia,nao_informado,sim
S0046,primario,2022,Robust detection of dehazed images via dual-stream CNNs with adaptive feature fusion,Computer Vision and Image Understanding,imagem_natural,A,transversal,nao_informado,nao_informado,sim
S0127,primario,2021,Image Tampering Localization Using Unified Two-Stream Features Enhanced with Channel and Spatial Attention,Lecture notes in computer science,imagem_natural,A,transversal,nao_informado,atencao,sim
S0130,primario,2024,Noise-Assisted Prompt Learning for Image Forgery Detection and Localization,Lecture notes in computer science,imagem_natural,nao_informado,nao_informado,ruido,nao_informado,sim
S0132,primario,2022,LWT-DCT based image hashing for image authentication via blind geometric correction,Multimedia Tools and Applications,imagem_natural,C,nao_informado,frequencia,nao_informado,sim
S0131,primario,2025,Frequency Bias Matters: Diving Into Robust and Generalized Deep Image Forgery Detection,IEEE Transactions on Dependable and Secure Computing,imagem_natural,D,nao_informado,frequencia,nao_informado,sim
S0134,primario,2025,DFST-UNet: Dual-Domain Fusion Swin Transformer U-Net for Image Forgery Localization,Entropy,imagem_natural,A,transversal,espacial+frequencia,atencao,sim
S0136,primario,2021,A Quaternion Two‐Stream R‐CNN Network for Pixel‐Level Color Image Splicing Localization,Chinese Journal of Electronics,imagem_natural,A,transversal,espacial+ruido,atencao,sim
S0138,primario,2023,Enhanced features in image manipulation detection,Signal Processing Image Communication,imagem_natural,nao_informado,nao_informado,nao_informado,nao_informado,sim
S0140,primario,2024,Image Tampering Detection with ELA Transform and Convolutional Neural Network,,imagem_natural,B,entrada_bruta,frequencia,ausente,sim
S0142,primario,2023,DFEE-Net: Dual-Stream Feature Exchange Enhanced Network for Image Forgery Localization,,imagem_natural,A,transversal,espacial+frequencia,nao_informado,sim
S0135,primario,2022,Image Tamper Detection Based on Two-Stream Attention Faster R-CNN,2022 7th International Conference on Signal and Image Processing (ICSIP),imagem_natural,A,transversal,borda+espacial+ruido,atencao,sim
S0147,primario,2024,A two-branch encoder-decoder network for image tampering localization,Applied Soft Computing,imagem_natural,A,transversal,nao_informado,nao_informado,sim
S0143,primario,2020,Leveraging Frequency Analysis for Deep Fake Image Recognition,Figshare,imagem_natural,B,entrada_bruta,frequencia,ausente,sim
S0146,primario,2023,DRRU-Net: DCT-Coefficient-Learning RRU-Net for Detecting an Image-Splicing Forgery,Applied Sciences,imagem_natural,A,transversal,espacial+frequencia,nao_informado,sim
S0137,primario,2023,Dual-branch multi-scale densely connected network for image splicing detection and localization,Signal Processing Image Communication,imagem_natural,A,transversal,nao_informado,nao_informado,sim
S0151,primario,2020,DCT-phase statistics for forged IMEI numbers and air ticket detection,Expert Systems with Applications,documento,C,nao_informado,frequencia,nao_informado,sim
S0152,primario,2024,SLRID: A Robust Image Tampering Localization Framework for Extremely Scaled Forgery Images,IEEE Signal Processing Letters,imagem_natural,B,entrada_bruta,frequencia,ausente,sim
S0154,primario,2022,AI-Based Compression: A New Unintended Counter Attack on JPEG-Related Image Forensic Detectors?,2022 IEEE International Conference on Image Processing (ICIP),imagem_natural,D,nao_informado,frequencia,nao_informado,sim
S0155,primario,2024,CCLHF-Net: Constrained Convolution Layer and Hybrid Features-Based Skip Connection Network for Image Forgery Detection,Arabian Journal for Science and Engineering,imagem_natural,B,entrada_bruta,ruido,nao_informado,sim
S0156,primario,2025,UFG-Net: Uncertainty and frequency guided network for image forgery localization,Neurocomputing,imagem_natural,B,nao_informado,frequencia,nao_informado,sim
S0161,primario,2020,Resampling Factor Estimation via Dual-stream Convolutional Neural Network,"Computers, materials & continua/Computers, materials & continua (Print)",nao_informado,nao_informado,nao_informado,frequencia,nao_informado,nao
S0163,primario,2022,Copy-move forgery detection and localization with hybrid neural network approach,Pamukkale University Journal of Engineering Sciences,nao_informado,nao_informado,nao_informado,frequencia,nao_informado,nao
S0165,primario,2023,Image Forgery Detection Using Deep Learning,International Journal for Research in Applied Science and Engineering Technology,nao_informado,nao_informado,nao_informado,frequencia,nao_informado,nao
S0164,primario,2021,Digital Image Forensic Analysis using Hybrid Features,,nao_informado,nao_informado,nao_informado,frequencia,nao_informado,nao
S0168,primario,2023,PL-GNet: Pixel Level Global Network for detection and localization of image forgeries,Signal Processing Image Communication,nao_informado,nao_informado,nao_informado,nao_informado,nao_informado,nao
S0169,primario,2023,Improved model for image tampering monitoring based on fast-RCNN,,nao_informado,nao_informado,nao_informado,nao_informado,nao_informado,nao
S0159,primario,2025,Spatiality–Frequency Domain Video Forgery Detection System Based on ResNet-LSTM-CBAM and DCT Hybrid Network,Applied Sciences,nao_informado,nao_informado,nao_informado,frequencia,nao_informado,nao
S0171,primario,2023,Fuzzy Based Image Forgery Classification with SWT-DCT-LBP Based Hybrid Features,Wireless Personal Communications,nao_informado,nao_informado,nao_informado,frequencia,nao_informado,nao
S0173,primario,2023,Detection of background forgery using a two-stream convolutional neural network architecture,Multimedia Tools and Applications,nao_informado,nao_informado,nao_informado,nao_informado,nao_informado,nao
S0175,primario,2023,An Efficient Image Forgery and Region Detection Using LogDIoU-Faster RCNN,Sensing and Imaging,nao_informado,nao_informado,nao_informado,nao_informado,nao_informado,nao
S0178,primario,2026,Frequency Mining Empowered by Text Aggregation: A New Perspective on Document Image Tampering Detection,Proceedings of the AAAI Conference on Artificial Intelligence,nao_informado,nao_informado,nao_informado,frequencia,nao_informado,nao
S0180,primario,2024,DDEM: Deepfake Detection Enhanced Model for Image Forgery Detection Combat Academic Misconduct,,nao_informado,nao_informado,nao_informado,frequencia,nao_informado,nao
S0183,primario,2025,KLMN: Knowledge distillation based lightweight multi-clue image forgery detection and localization,,nao_informado,nao_informado,nao_informado,frequencia,nao_informado,nao
S0198,primario,2025,A multi-scale feature and cross-domain fusion network for image tampering localization,Engineering Applications of Artificial Intelligence,nao_informado,nao_informado,nao_informado,nao_informado,nao_informado,nao
S0187,primario,2020,Deep Fake Image Detection Based on Pairwise Learning,Applied Sciences,nao_informado,nao_informado,nao_informado,ruido,nao_informado,nao
S0193,primario,2023,Document Forgery Detection in the Context of Double JPEG Compression,Lecture notes in computer science,nao_informado,nao_informado,nao_informado,nao_informado,nao_informado,nao
S0194,primario,2025,Unsupervised Document Image Tampering Localization via Anomaly Detection,Lecture notes in computer science,nao_informado,nao_informado,nao_informado,nao_informado,nao_informado,nao
S0191,primario,2024,Forensic analysis of AI-compression traces in spatial and frequency domain,Pattern Recognition Letters,nao_informado,nao_informado,nao_informado,frequencia+ruido,nao_informado,nao
S0195,primario,2025,Research on identity document image tampering detection based on texture understanding and multistream networks,Journal of Electronic Imaging,nao_informado,nao_informado,nao_informado,frequencia+ruido,nao_informado,nao
S0197,primario,2025,A dual-stream model based on PRNU and quaternion RGB for detecting fake faces,PLoS ONE,nao_informado,nao_informado,nao_informado,ruido,nao_informado,nao
S0200,primario,2023,Quantization Step Estimation of Color Images Based on Res2Net-C With Frequency Clustering Prior Knowledge,IEEE Transactions on Circuits and Systems for Video Technology,nao_informado,nao_informado,nao_informado,frequencia,nao_informado,nao
S0204,primario,2026,A Hybrid Deep Learning Framework for Robust Copy-Move Forgery Detection in Digital Images,SN Computer Science,nao_informado,nao_informado,nao_informado,nao_informado,nao_informado,nao
S0196,primario,2025,Remote Image Tampering Detection Combining Deep Neural Networks,Journal of Combinatorial Mathematics and Combinatorial Computing,nao_informado,nao_informado,nao_informado,frequencia,nao_informado,nao
S0105,primario,2025,Symmetry-Guided Dual-Branch Network with Adaptive Feature Fusion and Edge-Aware Attention for Image Tampering Localization,Symmetry,imagem_natural,A,transversal,borda+espacial+ruido,gate_aprendivel,sim
S0206,primario,2022,HDNet: A dual-stream network with progressive fusion for image hazing detection,Journal of Information Security and Applications,nao_informado,nao_informado,nao_informado,nao_informado,nao_informado,nao
S0210,primario,2026,F2Mamba: Forgery-Guided Vision Mamba With Multi-Scale Frequency Perception for General Image Forgery Localization,IEEE Transactions on Circuits and Systems for Video Technology,nao_informado,nao_informado,nao_informado,frequencia,nao_informado,nao
S0211,primario,2024,Image Tampering Detection Method Based on Hybrid Attention Mechanism,Communications in computer and information science,nao_informado,nao_informado,nao_informado,nao_informado,nao_informado,nao
S0213,primario,2024,Image Tampering Detection in Bilingual Scenes Based on Semantic,,nao_informado,nao_informado,nao_informado,frequencia,nao_informado,nao
S0217,primario,2025,"Semi-Fragile Watermarking Scheme for High-Resolution Color Images: Tamper Identification, Ownership Authentication, and Self-Recovery",Algorithms,nao_informado,nao_informado,nao_informado,frequencia,nao_informado,nao
S0219,primario,2021,Methods of Detecting Image forgery using convolutional neural network,Journal of Physics Conference Series,nao_informado,nao_informado,nao_informado,frequencia,nao_informado,nao
S0221,primario,2026,ART-Net: Artifact recognition and tracing network for image splicing detection,Digital Signal Processing,nao_informado,nao_informado,nao_informado,nao_informado,nao_informado,nao
S0224,primario,2024,Deepfake Image Forgery Detection using Local Feature Descriptors,,nao_informado,nao_informado,nao_informado,frequencia,nao_informado,nao
S0236,primario,2025,Formalized dual-stream hybrid convolutional neural network for efficient multi-scale tampering detection via feature-driven fusion,Engineering Applications of Artificial Intelligence,nao_informado,nao_informado,nao_informado,nao_informado,nao_informado,nao
S0226,primario,2026,Creating Blank Canvas Against AI-enabled Image Forgery,Proceedings of the AAAI Conference on Artificial Intelligence,nao_informado,nao_informado,nao_informado,frequencia,nao_informado,nao
S0230,primario,2025,Research on Multimodal Image Tampering Detection and Counterfeit Image Recognition Techniques under Deep Learning Framework,Applied Mathematics and Nonlinear Sciences,nao_informado,nao_informado,nao_informado,frequencia,nao_informado,nao
S0228,primario,2025,Document image tampering detection and localization based on dual-path network with progressive supervision,,nao_informado,nao_informado,nao_informado,frequencia,nao_informado,nao
S0235,primario,2025,Hybrid Domain Perception Combined With Multi-expert Decoding to Improve Image Forgery Localization,International Journal of Computational Intelligence Systems,nao_informado,nao_informado,nao_informado,frequencia,nao_informado,nao
S0119,primario,2025,Spatial and frequency feature fusion using multi-scale cross attention for enhancing deepfake face detection,Multimedia Systems,face,A,transversal,espacial+frequencia,atencao,sim
S0240,primario,2025,Robust medical image tamper detection using hybrid residual U-Net ++ and DWT-LSB based hash embedding,Journal of Engineering and Applied Science,nao_informado,nao_informado,nao_informado,frequencia,nao_informado,nao
S0242,primario,2024,Multi-modality boundary-guided network for generalizable image manipulation localization,Multimedia Systems,nao_informado,nao_informado,nao_informado,borda,nao_informado,nao
S0244,primario,2024,Localization of diffusion model-based inpainting through the inter-intra similarity of frequency features,Image and Vision Computing,nao_informado,nao_informado,nao_informado,frequencia,nao_informado,nao
S0247,primario,2020,A Passive Approach for Detecting Image Splicing Based on Deep Learning and Wavelet Transform,Arabian Journal for Science and Engineering,nao_informado,nao_informado,nao_informado,frequencia,nao_informado,nao
S0251,primario,2023,Exposing Deepfake Frames through Spectral Analysis of Color Channels in Frequency Domain,,nao_informado,nao_informado,nao_informado,frequencia,nao_informado,nao
S0254,primario,2024,Tampered Text Image Detection: Integrating Semantic Segmentation Using Deep Learning and Discrete Cosine Transform (DCT) in Web Applications,,nao_informado,nao_informado,nao_informado,frequencia,nao_informado,nao
S0256,primario,2025,Pixel-Inconsistency Modeling for Image Manipulation Localization,IEEE Transactions on Pattern Analysis and Machine Intelligence,nao_informado,nao_informado,nao_informado,nao_informado,nao_informado,nao
S0255,primario,2025,Median filtering detection based on multiple residuals in spatial and frequency domains,Signal Image and Video Processing,nao_informado,nao_informado,nao_informado,frequencia,nao_informado,nao
S0258,primario,2023,Deep learning model to detect deceptive generative adversarial network generated images using multimedia forensic,Computers & Electrical Engineering,nao_informado,nao_informado,nao_informado,nao_informado,nao_informado,nao
S0260,primario,2024,HDF-Net: Capturing Homogeny Difference Features to Localize the Tampered Image,IEEE Transactions on Pattern Analysis and Machine Intelligence,nao_informado,nao_informado,nao_informado,ruido,nao_informado,nao
S0265,primario,2022,Hash-based image watermarking technique for tamper detection and localization,Health and Technology,nao_informado,nao_informado,nao_informado,nao_informado,nao_informado,nao
S0266,primario,2026,Unified frequency and graph learning framework for accurate and robust copy‐move image forgery detection,Journal of Forensic Sciences,nao_informado,nao_informado,nao_informado,frequencia,nao_informado,nao
S0248,primario,2023,A lightweight image splicing tampering localization method based on MobileNetV2 and SRM,IET Image Processing,nao_informado,nao_informado,nao_informado,ruido,nao_informado,nao
S0267,primario,2025,Dual-Domain Frequency-Guided Capsule Network (DDF-CapsNet) for Copy-Move and Splicing Detection,,nao_informado,nao_informado,nao_informado,frequencia,nao_informado,nao
S0274,primario,2022,Image Tampering Localization Based on Two-Stream Weighted Fusion Features,Lecture notes in electrical engineering,nao_informado,nao_informado,nao_informado,nao_informado,nao_informado,nao
S0275,primario,2026,Dual-Stream Deep Learning for Image Forgery Detection,,nao_informado,nao_informado,nao_informado,borda+ruido,nao_informado,nao
S0277,primario,2024,HFRRU-Net: Hybrid Features Ringed Residual U-Net for Image Splicing Forgery Detection,,nao_informado,nao_informado,nao_informado,frequencia,nao_informado,nao
S0245,primario,2024,Image Tampering Localization Based on Dual-Stream Feature Fusion,Communications in computer and information science,nao_informado,nao_informado,nao_informado,nao_informado,nao_informado,nao
S0282,primario,2020,Detection of Image Forgery in Digital Images using DCT and DWT,Zenodo (CERN European Organization for Nuclear Research),nao_informado,nao_informado,nao_informado,frequencia,nao_informado,nao
S0284,primario,2025,Analysis of Digital Image Forensics Authentication in Image Forgery Cases,The IJICS (International Journal of Informatics and Computer Science),nao_informado,nao_informado,nao_informado,nao_informado,nao_informado,nao
S0281,primario,2024,HFDA-Net: Utilizing High-Frequency Feature and Dual-Attention to Enhance Image Manipulation Detection and Localization,Lecture notes in computer science,nao_informado,nao_informado,nao_informado,frequencia,nao_informado,nao
S0286,primario,2025,A Data Efficient Segmentation to Localization Framework for Effective Copy Move Image Forgery Localization,,nao_informado,nao_informado,nao_informado,frequencia,nao_informado,nao
S0285,primario,2024,Generative adversarial networks-based AI-generated imagery authentication using frequency domain analysis,,nao_informado,nao_informado,nao_informado,frequencia,nao_informado,nao
S0289,primario,2025,Re-Cropping Framework: A Grid Recovery Method for Quantization Step Estimation in Non-Aligned Recompressed Images,IEEE Transactions on Circuits and Systems for Video Technology,nao_informado,nao_informado,nao_informado,frequencia,nao_informado,nao
S0290,primario,2026,Copy-Move Image Forgery Detection Using Hybrid DyWT- SIFT-G2NN with Agglomerative Clustering,International Journal of Innovative Research in Engineering,nao_informado,nao_informado,nao_informado,frequencia+ruido,nao_informado,nao
S0294,primario,2021,DCT and Optimum Parameter Bilateral Filtering-Based Copy-Move Forgery Detection,2021 6th International Conference on Computer Science and Engineering (UBMK),nao_informado,nao_informado,nao_informado,frequencia,nao_informado,nao
S0253,primario,2026,DSDFF-Net: Dual-stream dynamic feature fusion network for image manipulation detection and localization,Digital Signal Processing,nao_informado,nao_informado,nao_informado,nao_informado,nao_informado,nao
S0299,primario,2026,Transwnet: Dual-Stream Hierarchical Feature Integrated Network for Image Forgery Localization,,nao_informado,nao_informado,nao_informado,nao_informado,nao_informado,nao
S0302,primario,2025,Computer-Generated Image Forensics Based on Vision Transformer with High-Frequency Feature Enhancement,,nao_informado,nao_informado,nao_informado,frequencia,nao_informado,nao
S0303,primario,2024,Image splicing detection using integrated LBP and DCT features,Applied and Computational Engineering,nao_informado,nao_informado,nao_informado,frequencia,nao_informado,nao
S0305,primario,2023,An ensemble learning approach for resampling forgery detection using Markov process,Applied Soft Computing,nao_informado,nao_informado,nao_informado,nao_informado,nao_informado,nao
S0307,primario,2026,Efficient Document Tampering Localization with Multi-level Discrepancy Features and Unified DCT–Quantization Embedding,Lecture notes in computer science,nao_informado,nao_informado,nao_informado,frequencia,nao_informado,nao
S0291,primario,2026,FAD-Net: a multi-scale image tampering localization network based on high-frequency awareness and dynamic focusing,Machine Vision and Applications,nao_informado,nao_informado,nao_informado,frequencia,nao_informado,nao
S0308,primario,2025,A Triple-Branch Frequency-Aware Network for Image Manipulation Detection,Communications in computer and information science,nao_informado,nao_informado,nao_informado,frequencia,nao_informado,nao
S0312,primario,2022,Detecting Generated Images by Real Images,Lecture notes in computer science,nao_informado,nao_informado,nao_informado,nao_informado,nao_informado,nao
S0311,primario,2025,MATADOR: a magic matrix-based framework for tamper detection and image recovery,Journal of King Saud University - Computer and Information Sciences,nao_informado,nao_informado,nao_informado,frequencia,nao_informado,nao
S0314,primario,2026,A Novel RINBP-DCT-Based Copy Move Forgery Detection Method Against Post-Processing Attacks,IEEE Access,nao_informado,nao_informado,nao_informado,frequencia,nao_informado,nao
S0317,primario,2025,Operator Chain Detection in Image Forensics Using a Two-Stream CNN,,nao_informado,nao_informado,nao_informado,ruido,nao_informado,nao
S0313,primario,2025,MS-DSCLNet: A Multi-Scale Dual-Stream Contrastive Learning Network for Image Tampering Detection and Localization,,nao_informado,nao_informado,nao_informado,ruido,nao_informado,nao
S0319,primario,2026,DualForge: A Unified Dual-Stream Contrastive Distance Framework for Point Cloud Completion and Image Forgery Detection,,nao_informado,nao_informado,nao_informado,nao_informado,nao_informado,nao
S0320,primario,2025,Image Manipulation Detection and Localization,KEC Journal of Science and Engineering,nao_informado,nao_informado,nao_informado,frequencia,nao_informado,nao
S0321,primario,2024,Multi-resolution deepfake face swap image forgery detection using DCT and DWT,International Journal of Computational Vision and Robotics,nao_informado,nao_informado,nao_informado,frequencia,nao_informado,nao
S0257,primario,2025,Frequency adaptive enhancement and multi-view feature fusion for image manipulation detection,Neurocomputing,nao_informado,nao_informado,nao_informado,frequencia,nao_informado,nao
S0326,primario,2026,A semantic-guided frequency enhancement network for image forgery detection,Computer Vision and Image Understanding,nao_informado,nao_informado,nao_informado,frequencia,nao_informado,nao
S0329,primario,2025,ADCD-Net: Robust Document Image Forgery Localization via Adaptive DCT Feature and Hierarchical Content Disentanglement,,nao_informado,nao_informado,nao_informado,frequencia,nao_informado,nao
S0323,primario,2025,Tampered Text Detection for ID Photos,,nao_informado,nao_informado,nao_informado,frequencia,nao_informado,nao
S0332,primario,2026,SFE-Net: A Spatial–Frequency Collaborative Network for Image Tampering Localization,Communications in computer and information science,nao_informado,nao_informado,nao_informado,frequencia,nao_informado,nao
S0327,primario,2025,EdgeAdapter for Image Forgery Localization,,nao_informado,nao_informado,nao_informado,borda,nao_informado,nao
S0335,primario,2024,UGEE-Net: Uncertainty-guided and edge-enhanced network for image splicing localization,Neural Networks,nao_informado,nao_informado,nao_informado,borda,nao_informado,nao
V0001,primario,2026,Image Forgery Detection using Noise Residual and Frequency Domain Analysis,,nao_informado,nao_informado,nao_informado,frequencia+ruido,nao_informado,nao
S0336,primario,2022,A Deep Learning and Machine Learning Approach for Image Classification of Tempered Images in Digital Forensic Analysis,International Journal of Advanced Computer Science and Applications,nao_informado,nao_informado,nao_informado,frequencia+ruido,nao_informado,nao
S0338,primario,2024,A cohesive forgery detection for splicing and copy-paste in digital images,Multimedia Tools and Applications,nao_informado,nao_informado,nao_informado,nao_informado,nao_informado,nao
S0340,primario,2023,Multi-attention-based approach for deepfake face and expression swap detection and localization,EURASIP Journal on Image and Video Processing,nao_informado,nao_informado,nao_informado,frequencia,nao_informado,nao
S0352,primario,2025,Generalizing Deepfake Video Detection with Plug-and-Play: Video-Level Blending and Spatiotemporal Adapter Tuning,,nao_informado,nao_informado,nao_informado,nao_informado,nao_informado,nao
S0337,primario,2025,Dual-stream FDS-CRF net: frequency-spatial constrained attention for cross-generative model image detection,Signal Image and Video Processing,nao_informado,nao_informado,nao_informado,frequencia,nao_informado,nao
S0342,primario,2026,Hybrid HRNET: An Enhanced Image Manipulation Detection and Localization Based on JPEG Compression,International Journal of Computational Intelligence Systems,nao_informado,nao_informado,nao_informado,frequencia,nao_informado,nao
S0343,primario,2025,Efficient Image Tamper Localization using Neural Activity Maps,,nao_informado,nao_informado,nao_informado,frequencia,nao_informado,nao
S0269,primario,2026,Image forgery detection based on YOLOv5 object detection and frequency-domain feature fusion,,nao_informado,nao_informado,nao_informado,frequencia,nao_informado,nao
S0347,primario,2024,Improving Copy-Move Forgery Detection: An Investigation into Techniques Based on Blocks and Key Points,Communications in computer and information science,nao_informado,nao_informado,nao_informado,nao_informado,nao_informado,nao
S0350,primario,2021,Dual-Tree Complex Wavelet Transform-Based Direction Correlation for Face Forgery Detection,Security and Communication Networks,nao_informado,nao_informado,nao_informado,frequencia,nao_informado,nao
S0348,primario,2026,Dynamic Frequency Domain Curriculum Learning: A Novel Framework for Adaptive Image Forgery Detection,,nao_informado,nao_informado,nao_informado,frequencia,nao_informado,nao
S0355,primario,2020,A New Robust Copy Move Forgery Detection Method,,nao_informado,nao_informado,nao_informado,frequencia,nao_informado,nao
S0353,primario,2022,Deep Metric Color Embeddings for Splicing Localization in Severely Degraded Images,IEEE Transactions on Information Forensics and Security,nao_informado,nao_informado,nao_informado,frequencia,nao_informado,nao
S0354,primario,2020,An efficient USM sharpening detection method for small-size JPEG image,Journal of Information Security and Applications,nao_informado,nao_informado,nao_informado,nao_informado,nao_informado,nao
S0358,primario,2021,An Enhanced Hybrid Method based on Local and Frequency Feature Extraction for Image Copy Move Forgery Detection,Majlesi Journal of Electrical Engineering,nao_informado,nao_informado,nao_informado,frequencia+ruido,nao_informado,nao
S0345,primario,2025,CLIP-Guided Frequency-Aware Representation Learning for Generalizable Remote-Sensing Image Tampering Detection,Lecture notes in computer science,nao_informado,nao_informado,nao_informado,frequencia,nao_informado,nao
S0365,primario,2024,Image manipulation localization via dynamic cross-modality fusion and progressive integration,Neurocomputing,nao_informado,nao_informado,nao_informado,nao_informado,nao_informado,nao
S0361,primario,2021,Image Manipulation Localization Using Attentional Cross-Domain CNN Features,IEEE Transactions on Neural Networks and Learning Systems,nao_informado,nao_informado,nao_informado,frequencia,nao_informado,nao
S0363,primario,2026,Image Forgery Detection Using CNN Transfer Learning,International Journal of Engineering Technology and Management Sciences,nao_informado,nao_informado,nao_informado,ruido,nao_informado,nao
V0002,primario,2026,A Lightweight Spatial–Frequency Fusion Framework with Self-Supervised Learning for Image Forgery Detection and Localization,,nao_informado,nao_informado,nao_informado,frequencia,nao_informado,nao
S0370,primario,2023,Radial search for accelerating block matching to detect copy-move forgery in digital photographs,Kongunadu Research Journal,nao_informado,nao_informado,nao_informado,frequencia,nao_informado,nao
S0371,primario,2025,MIRC-FADNet: a mutual information-regularized constraints and frequency attention detection network for generative image forgery,The Journal of Supercomputing,nao_informado,nao_informado,nao_informado,frequencia,nao_informado,nao
S0372,primario,2022,Digital image self-recovery using CNN networks,Optik,nao_informado,nao_informado,nao_informado,nao_informado,nao_informado,nao
S0375,primario,2022,General High-Pass Convolution: A Novel Convolutional Layer for Image Manipulation Detection,Lecture notes in computer science,nao_informado,nao_informado,nao_informado,nao_informado,nao_informado,nao
S0279,primario,2026,Document image tampering detection and location based on multi-scale feature fusion,Engineering Research Express,nao_informado,nao_informado,nao_informado,frequencia+ruido,nao_informado,nao
S0360,primario,2024,Attention-based fusion network for image forgery localization,,nao_informado,nao_informado,nao_informado,frequencia+ruido,nao_informado,nao
S0385,primario,2020,Block Based Technique for Copy-Move Tamper Detection by Means of Image Transformation Technique,TEST Engineering & Management,nao_informado,nao_informado,nao_informado,frequencia,nao_informado,nao
S0386,primario,2026,Document Image Tampering Detection Based on Multi-domain Feature Consistency,"Lecture notes of the Institute for Computer Sciences, Social Informatics and Telecommunications Engineering",nao_informado,nao_informado,nao_informado,nao_informado,nao_informado,nao
S0383,primario,2026,Improving Image Forgery Localization via Multi-scale Deformable Attention,Lecture notes in computer science,nao_informado,nao_informado,nao_informado,nao_informado,nao_informado,nao
S0381,primario,2022,Image Tampering Localization based on Pyramid Multi-Scale Pooling Module,Proceedings of WCSE 2022 Spring Event: 2022 9th International Conference on Industrial Engineering and Applications,nao_informado,nao_informado,nao_informado,nao_informado,nao_informado,nao
S0387,primario,2023,Empirical Comparison of Classical and Cognitive Image Forensics,International Journal of Mechanical Engineering,nao_informado,nao_informado,nao_informado,frequencia+ruido,nao_informado,nao
S0388,primario,2026,Advanced Deepfake and Digital Image Manipulation Detection Using Deep Learning and Neural Network Architectures,International Journal for Modern Trends in Science and Technology,nao_informado,nao_informado,nao_informado,frequencia,nao_informado,nao
S0390,primario,2026,DocForensic: A VMamba-Wavelet Cross-Attention Network for Document Image Tampering Localization,,nao_informado,nao_informado,nao_informado,frequencia+ruido,nao_informado,nao
S0392,primario,2024,Center region aware cross former for image forgery localization,,nao_informado,nao_informado,nao_informado,frequencia+ruido,nao_informado,nao
S0395,primario,2024,Hybrid Dual-Channel Input Image Tampering Detection for Scientific Papers,,nao_informado,nao_informado,nao_informado,frequencia,nao_informado,nao
S0396,primario,2020,Revealing the traces of nonaligned double JPEG compression in digital images,Optik,nao_informado,nao_informado,nao_informado,nao_informado,nao_informado,nao
S0394,primario,2025,AI-Based Image Forgery Detection (AI-IFD),,nao_informado,nao_informado,nao_informado,frequencia,nao_informado,nao
S0397,primario,2025,Multi-scale query-based transformer for image forgery localization,Signal Image and Video Processing,nao_informado,nao_informado,nao_informado,nao_informado,nao_informado,nao
S0405,primario,2024,Learning Fine-Grained and Semantically Aware Mamba Representations for Tampered Text Detection in Images,Lecture notes in computer science,nao_informado,nao_informado,nao_informado,nao_informado,nao_informado,nao
S0384,primario,2025,Wavelet Convolution and Multi-Scale Attention Network for Image Tampering Localization,,nao_informado,nao_informado,nao_informado,frequencia,nao_informado,nao
S0377,primario,2026,SCIFL-Net: Seam carving-based image forgery localization network,Journal of Information Security and Applications,nao_informado,nao_informado,nao_informado,frequencia+ruido,nao_informado,nao
S0393,primario,2026,Neuro-Forensics: An Explainable ResNet-KAN Framework for Digital Image Forgery Detection in Cybercrime Investigation,Journal of basic and applied research international,nao_informado,nao_informado,nao_informado,frequencia+ruido,nao_informado,nao
S0409,primario,2026,Optical fragile zero-watermarking scheme for medical image tampering detection,Physica Scripta,nao_informado,nao_informado,nao_informado,frequencia+ruido,nao_informado,nao
S0413,primario,2022,Image quality assessment based fake face detection,Multimedia Tools and Applications,nao_informado,nao_informado,nao_informado,nao_informado,nao_informado,nao
S0416,primario,2026,A Multidomain Deep Learning Approach for Accurate Detection and Localization of Copy-Move Forgeries using CLMD-BFA,International Journal of Artificial Intelligence and Machine Learning,nao_informado,nao_informado,nao_informado,frequencia,nao_informado,nao
S0423,primario,2021,Image Splicing Location Based on Illumination Maps and Cluster Region Proposal Network,Applied Sciences,nao_informado,nao_informado,nao_informado,ruido,nao_informado,nao
S0420,primario,2025,Robust detection of median filtering or adaptive bilateral filtering digital image retouching methods using a scalar feature,The Imaging Science Journal,nao_informado,nao_informado,nao_informado,frequencia,nao_informado,nao
S0427,primario,2026,DEEP FEATURE-BASED IMAGE FORGERY DETECTION USING THE RIFD-NET FRAMEWORK,IJTLS,nao_informado,nao_informado,nao_informado,frequencia+ruido,nao_informado,nao
S0417,primario,2022,Image Tamper Detection and Reconstruction Based on Compressive Sensing and Reversible Data Hiding,Communications in computer and information science,nao_informado,nao_informado,nao_informado,nao_informado,nao_informado,nao
S0430,primario,2026,ForgeGuard: A Hybrid Classical Signal Processing and Lightweight CNN Ensemble for Nine-Category Document Forgery Detection and Localization,Zenodo (CERN European Organization for Nuclear Research),nao_informado,nao_informado,nao_informado,frequencia+ruido,nao_informado,nao
S0425,primario,2024,Multi-Scale Enhanced Dual-Stream Network for Facial Attribute Editing Localization,Lecture notes in computer science,nao_informado,nao_informado,nao_informado,nao_informado,nao_informado,nao
S0426,primario,2026,Enhanced Image Forgery Detection In Digital Images Through Advanced Yolo And Rcnn-Based Deep Learning Techniques,International Journal of Advances in Signal and Image Sciences,nao_informado,nao_informado,nao_informado,frequencia,nao_informado,nao
S0429,primario,2024,Increasing Trust in Image Analysis by Detecting Trellis Quantization in JPEG Images,,nao_informado,nao_informado,nao_informado,frequencia,nao_informado,nao
S0439,primario,2024,DWT and LBP hybrid feature based deep learning technique for image splicing forgery detection,Soft Computing,nao_informado,nao_informado,nao_informado,nao_informado,nao_informado,nao
S0401,primario,2026,Generative-Model-Based AI Image Forgery Forensics and Efficient Detection Framework,Academic Journal of Engineering and Technology Science,nao_informado,nao_informado,nao_informado,frequencia,nao_informado,nao
S0434,primario,2026,Are Steganalysis Models Suitable for Temporal Image Forensics?,,nao_informado,nao_informado,nao_informado,frequencia+ruido,nao_informado,nao
S0436,primario,2026,ForgeryMoE: Mixture of Experts for Image Forgery Detection under JPEG Compression,,nao_informado,nao_informado,nao_informado,frequencia,nao_informado,nao
S0410,primario,2025,Image Authenticity Detection: A Dual-Domain Approach Using Vision Transformers with DCT-Based Frequency Analysis and Explainable AI,International Journal on Advanced Computer Engineering and Communication Technology,nao_informado,nao_informado,nao_informado,frequencia,nao_informado,nao
S0443,primario,2026,Multi-Scale Wavelet-Enhanced U-Mamba Network for Image Forgery Localization,Information,nao_informado,nao_informado,nao_informado,frequencia,nao_informado,nao
S0448,primario,2026,STD-Net: A novel source-target discrimination network for copy-move forgery detection using consistency strategy,Applied Soft Computing,nao_informado,nao_informado,nao_informado,nao_informado,nao_informado,nao
S0453,primario,2025,A Copy-Move Forgery Detection System Using Deep Learning based CNN model and Approximation Wavelet Coefficient,Annals of Computer Science and Information Systems,nao_informado,nao_informado,nao_informado,frequencia+ruido,nao_informado,nao
S0442,primario,2024,Optical fragile watermarking based on single-pixel ptychography and variational image decomposition,Optical and Quantum Electronics,nao_informado,nao_informado,nao_informado,nao_informado,nao_informado,nao
S0428,primario,2024,WG-Net: Dual Stream Network with Classifier for Image Manipulation,,nao_informado,nao_informado,nao_informado,nao_informado,nao_informado,nao
S0421,primario,2024,Multiview image tampering detection and localization in real scene based on spatial-channel attention,,nao_informado,nao_informado,nao_informado,frequencia+ruido,nao_informado,nao
S0445,primario,2025,DSBU-Net: Dual-stream branch union network for Image manipulation localization,,nao_informado,nao_informado,nao_informado,ruido,nao_informado,nao
S0449,primario,2023,UP-Net: Uncertainty-Supervised Parallel Network for Image Manipulation Localization,IEEE Transactions on Circuits and Systems for Video Technology,nao_informado,nao_informado,nao_informado,frequencia+ruido,nao_informado,nao
S0450,primario,2026,Lightweight Image Forgery Detection via Tucker Decomposition for Efficient Edge Deployment,IEEE Transactions on Artificial Intelligence,nao_informado,nao_informado,nao_informado,frequencia,nao_informado,nao
S0433,primario,2026,WSF-Net: Wavelet-Spatial Fusion Network for Image Forensics Detection and Localization,Lecture notes in computer science,nao_informado,nao_informado,nao_informado,frequencia,nao_informado,nao
S0301,primario,2026,WAHF-Net: Wavelet Attention and Hierarchical Feature Fusion Network for Image Tampering Localization,Lecture notes in computer science,nao_informado,nao_informado,nao_informado,frequencia,nao_informado,nao
S0454,primario,2020,Hybrid Dct based Approach for Duplicate Region Detection,TEST Engineering & Management,nao_informado,nao_informado,nao_informado,frequencia,nao_informado,nao
S0455,primario,2024,A Novel Adaptive DCT Filter for Image Manipulation Localization,,nao_informado,nao_informado,nao_informado,frequencia+ruido,nao_informado,nao
S0456,primario,2026,FIDF: A Hypergraph Convolutional Framework for Detection of Social Media Image Forgery in Compression Artefacts,Khulna University Studies,nao_informado,nao_informado,nao_informado,frequencia+ruido,nao_informado,nao
S0458,primario,2025,A robust JPEG quantization step estimation method for image forensics,Signal Processing Image Communication,nao_informado,nao_informado,nao_informado,nao_informado,nao_informado,nao
S0463,primario,2026,Residual-Guided Keypoint Detection and Phase–Zernike–Residual Descriptor for Efficient Copy-Move Forgery Localization,Communications in computer and information science,nao_informado,nao_informado,nao_informado,nao_informado,nao_informado,nao
S0379,primario,2025,DocForgeNet: Dual Cross-Stream Fusion Network for Robust Forgery Detection in Scanned Documents,Lecture notes in computer science,nao_informado,nao_informado,nao_informado,nao_informado,nao_informado,nao
S0441,primario,2026,MAFN-HFL: Multi-Scale Adaptive Fusion Network For Robust Image Forgery Detection Using Hierarchical Feature Learning,International Journal of Pattern Recognition and Artificial Intelligence,nao_informado,nao_informado,nao_informado,frequencia+ruido,nao_informado,nao
S0330,primario,2025,CMV2U ‐Net: A U‐shaped network with edge‐weighted features for detecting and localizing image splicing,Journal of Forensic Sciences,nao_informado,nao_informado,nao_informado,ruido,nao_informado,nao
S0444,primario,2026,A Robust Deep Learning Framework for Automated Digital Image Forgery Detection Under Real-World Post-Processing Attacks,,nao_informado,nao_informado,nao_informado,frequencia+ruido,nao_informado,nao
S0459,primario,2025,Multi-branch network for double JPEG detection and localization,Scientific Reports,nao_informado,nao_informado,nao_informado,frequencia,nao_informado,nao
S0460,primario,2025,Robust Image Tampering Localization via Dual-Domain Fusion Vision Mamba U-Net,,nao_informado,nao_informado,nao_informado,frequencia,nao_informado,nao
S0466,primario,2025,DITL 2 : Dual-Stage Invariance Transfer Learning for Generalizable Document Image Tampering Localization,,nao_informado,nao_informado,nao_informado,frequencia,nao_informado,nao
S0464,primario,2025,Dual-Module Architecture for Robust Image Forgery Segmentation and Classification Toward Cyber Fraud Investigation,Applied Sciences,nao_informado,nao_informado,nao_informado,ruido,nao_informado,nao
S0465,primario,2023,Image Splicing Detection Based on Discrete Wavelet Transform and co-occurrence Matrix,Iraqi Journal of Science,nao_informado,nao_informado,nao_informado,frequencia,nao_informado,nao
S0471,primario,2020,Manipulation Classification for JPEG Images Using Multi-Domain Features,IEEE Access,nao_informado,nao_informado,nao_informado,frequencia,nao_informado,nao
S0472,primario,2021,Research on Key Technologies of Digital Multimedia Passive Forensics,,nao_informado,nao_informado,nao_informado,frequencia,nao_informado,nao
S0475,primario,2024,Hybrid Dense Net Based Segmentation Framework for Automated Forgery Detection: Analyzing Copy-Move and Image Splicing Techniques,International Journal of Intelligent Systems and Applications in Engineering,nao_informado,nao_informado,nao_informado,frequencia,nao_informado,nao
S0468,primario,2026,Attention-Guided Hierarchical Contrast Learning and Multi-scale Feature Aggregation for Accurate Image Tampering Localization in Complex Scenes,Quantum Information and Computation,nao_informado,nao_informado,nao_informado,borda+ruido,nao_informado,nao
S0477,primario,2025,A Novel Image Forensics Approach Based on Machine Learning with use Case in Sensor Image Data Validation,SN Computer Science,nao_informado,nao_informado,nao_informado,nao_informado,nao_informado,nao
S0479,primario,2023,Learning to Locate the Text Forgery in Smartphone Screenshots,,nao_informado,nao_informado,nao_informado,nao_informado,nao_informado,nao
S0481,primario,2020,Neural Network based Block-Level Detection of Same Quality Factor Double JPEG Compression,,nao_informado,nao_informado,nao_informado,frequencia,nao_informado,nao
S0480,primario,2026,Multi-Modal Deep Learning for Image Forgery Detection: A Synergistic Fusion Approach Combining Visual Artifacts and Metadata Consistency Analysis,Multimedia,nao_informado,nao_informado,nao_informado,nao_informado,nao_informado,nao
S0482,primario,2026,UNMASKING DEEPFAKE FACE SWAPS USING MULTI-RESOLUTION HYBRID DCT-DWT APPROACH,Journal of Theoretical and Applied Information Technology,nao_informado,nao_informado,nao_informado,frequencia,nao_informado,nao
S0484,primario,2026,DA-CCQ: Visually Explainable Image Forgery Localization via Difference Amplification and Cross-Clue Querying,Lecture notes in computer science,nao_informado,nao_informado,nao_informado,nao_informado,nao_informado,nao
S0490,primario,2022,Unmasking Deepfakes by Fusing Rich Features from Two-Stream CNN Model,BASRA JOURNAL OF SCIENCE,nao_informado,nao_informado,nao_informado,borda,nao_informado,nao
S0492,primario,2021,Comparative analysis of feature extraction and fusion for blind authentication of digital images using chroma channels,Signal Processing Image Communication,nao_informado,nao_informado,nao_informado,nao_informado,nao_informado,nao
S0494,primario,2022,Self-embedding and Variable Authentication Approach for Fragile Image Watermarking Using SVD and DCT,Communications in computer and information science,nao_informado,nao_informado,nao_informado,frequencia,nao_informado,nao
S0495,primario,2024,Optimal Semi-Fragile Watermarking Based on Maximum Entropy Random Walk and Swin Transformer for Tamper Localization,IEEE Access,nao_informado,nao_informado,nao_informado,frequencia,nao_informado,nao
S0497,primario,2022,Anti‐forensics for double JPEG compression based on deep reinforcement learning,Electronics Letters,nao_informado,nao_informado,nao_informado,frequencia,nao_informado,nao
S0499,primario,2021,A hybrid convolutional architecture for accurate image manipulation localization at the pixel-level,Multimedia Tools and Applications,nao_informado,nao_informado,nao_informado,nao_informado,nao_informado,nao
S0503,primario,2023,A lightweight robust image hash based on random tensors and angle features for IoT devices,Signal Image and Video Processing,nao_informado,nao_informado,nao_informado,nao_informado,nao_informado,nao
S0504,primario,2026,RCDN: Real-Centered Detection Network for Robust Face Forgery Identification,,nao_informado,nao_informado,nao_informado,frequencia,nao_informado,nao
S0506,primario,2020,Finer-grained image splicing localization method based on noise level estimation,,nao_informado,nao_informado,nao_informado,frequencia+ruido,nao_informado,nao
S0505,primario,2025,Frequency-Enhanced Multi-Scale Progressive Detection for Document Image Manipulation,,nao_informado,nao_informado,nao_informado,frequencia,nao_informado,nao
S0511,primario,2025,AI-Synthesized Image Detection: Source Camera Fingerprinting to Discern the Authenticity of Digital Images,IEEE Access,nao_informado,nao_informado,nao_informado,frequencia,nao_informado,nao
S0512,primario,2025,"Combining ELA and Frequency Analysis for Robust Classification of Authentic, Spliced and Diffusion Image",,nao_informado,nao_informado,nao_informado,frequencia,nao_informado,nao
S0515,primario,2025,Improving the Generalization and Robustness of Computer‐Generated Image Detection Based on Contrastive Learning,International Journal of Intelligent Systems,nao_informado,nao_informado,nao_informado,frequencia,nao_informado,nao
S0516,primario,2025,SpectraCLIP: Merging Vision and Frequency for Decoding AI-Generated Images,,nao_informado,nao_informado,nao_informado,frequencia,nao_informado,nao
S0518,primario,2025,Median filtering forensics using spatial and frequency domain residuals,The Journal of Supercomputing,nao_informado,nao_informado,nao_informado,frequencia,nao_informado,nao
S0519,primario,2026,"FOCA: Frequency-Oriented Cross-Domain Forgery Detection, Localization and Explanation via Multi-Modal Large Language Model",,nao_informado,nao_informado,nao_informado,frequencia,nao_informado,nao
S0510,primario,2025,Multiclassification Tampering Detection Algorithm Based on Spatial‐Frequency Fusion and Swin‐T,IET Image Processing,nao_informado,nao_informado,nao_informado,frequencia,nao_informado,nao
S0341,primario,2025,Image Authenticity Detection via YOLOv5 with Frequency Domain Feature Fusion,American Journal Of Industrial And Production Engineering,nao_informado,nao_informado,nao_informado,frequencia,nao_informado,nao
S0524,primario,2024,Unveiling tampering traces: Enhancing image reconstruction errors for visualization,Journal of Visual Communication and Image Representation,nao_informado,nao_informado,nao_informado,nao_informado,nao_informado,nao
S0517,primario,2026,Multi-source forgery detection method based on the fusion of color space features and frequency domain features,DOAJ (DOAJ: Directory of Open Access Journals),nao_informado,nao_informado,nao_informado,frequencia,nao_informado,nao
S0523,primario,2026,Radial Residual Frequency: A Semantically Aligned Benchmark and Spectral Detector for AI-Generated Images,,nao_informado,nao_informado,nao_informado,frequencia,nao_informado,nao
S0521,primario,2026,"A Multi-Branch Deepfake Detection Framework Using Spatial, Noise, And Frequency Domain Features With Attention Fusion",International Journal of Science Engineering and Technology,nao_informado,nao_informado,nao_informado,frequencia+ruido,nao_informado,nao
S0526,primario,2025,Fourier-Based GAN Fingerprint Detection Using ResNet50,,nao_informado,nao_informado,nao_informado,frequencia,nao_informado,nao
S0527,primario,2024,Machine Learning-Based Detection of Forgery in Digital Images,Communications in computer and information science,imagem_natural,nao_informado,nao_informado,nao_informado,nao_informado,sim
S0528,primario,2026,Veiled Diffusion: A Diffusion-Based Anti-customization Adversarial Attack Method via Semantic Misalignment and Low-Frequency Information,Lecture notes in computer science,imagem_natural,D,nao_informado,frequencia,nao_informado,sim
S0529,primario,2025,Wavelet-based GAN Fingerprint Detection using ResNet50,,imagem_natural,B,entrada_bruta,frequencia,ausente,sim
S0530,primario,2025,DiffCoR: Exposing AI-Generated Image by Using Stable Diffusion Model Based on Consistent Representation Learning,IEEE Open Journal of the Computer Society,imagem_natural,B,nao_informado,frequencia,nao_informado,sim
S0531,primario,2021,SE_EDNet: A Robust Manipulated Faces Detection Algorithm,Lecture notes in computer science,face,nao_informado,nao_informado,nao_informado,nao_informado,sim
S0532,primario,2023,Framework for Localization of Forgery Regions in Image,International Conference on Applied Engineering and Natural Sciences,imagem_natural,B,entrada_bruta,frequencia,nao_informado,sim
S0406,primario,2025,Self-Attention Forged Images Detection Network with Three-Branch Multi-Feature Fusion,,nao_informado,nao_informado,nao_informado,frequencia,nao_informado,nao
S0536,primario,2024,An Effective Hybrid Algorithm for Locating Splicing Forgery Image,,imagem_natural,A,transversal,espacial+ruido,nao_informado,sim
S0541,primario,2025,Trustworthy Layout Analysis Network: Fine-grained multi-scale tampering detection for complex layout personnel documentation images,Knowledge-Based Systems,documento,nao_informado,nao_informado,nao_informado,nao_informado,sim
S0542,primario,2021,SEINet: Semantic-Edge Interaction Network for Image Manipulation Localization,Lecture notes in computer science,imagem_natural,A,nao_informado,borda,nao_informado,sim
S0550,primario,2022,Tampering Localization Using Divergence in First Digit Probability Distribution,Lecture notes in networks and systems,nao_informado,C,nao_informado,nao_informado,nao_informado,sim
S0553,primario,2026,Revealing Photoshop Inpainting Traces Under JPEG Compressions,IEEE Transactions on Image Processing,imagem_natural,A,transversal,frequencia,nao_informado,sim
S0554,primario,2026,EDGER: EDge-Guided with HEatmap Refinement for Generalizable IFL,Communications in computer and information science,imagem_natural,B,nao_informado,borda,nao_informado,sim
S0558,primario,2026,Ensemble-Based Fake Image Detection in Sentinel-2 RGB Data,elib (German Aerospace Center),sensoriamento_remoto,E,cabeca,espacial+frequencia,nao_informado,sim
S0564,primario,2026,Image-FakeFinder : A Multi-Layered Forensic Framework for Deepfake and Manipulation Detection,INTERANTIONAL JOURNAL OF SCIENTIFIC RESEARCH IN ENGINEERING AND MANAGEMENT,nao_informado,nao_informado,nao_informado,frequencia+ruido,nao_informado,nao
S0566,primario,2023,Exposing Computer-Generated Images Via Amplified Texture Differences Learning,,nao_informado,nao_informado,nao_informado,frequencia,nao_informado,nao
S0568,primario,2026,MambaGuard: A CLIP-Mamba Approach for OOD Generated Image Detection,Lecture notes in computer science,imagem_natural,nao_informado,nao_informado,nao_informado,nao_informado,sim
S0567,primario,2025,Learned Image Compression for Deepfake Detection,,face,D,nao_informado,frequencia,nao_informado,sim
S0569,primario,2022,Transformers in Spectral Domain for Estimating Image Geometric Transformation,Proceedings of the 30th ACM International Conference on Multimedia,imagem_natural,B,entrada_bruta,frequencia,ausente,sim
S0570,primario,2025,SPNet: Seam carving detection via spatial-phase learning,Journal of Information Security and Applications,imagem_natural,nao_informado,nao_informado,frequencia,nao_informado,sim
S0573,primario,2026,A Robust Facial Feature Watermarking Method Based on Learnable Quantum Controlled Encryption for Deepfake Detection,Lecture notes in computer science,face,D,nao_informado,nao_informado,nao_informado,sim
S0572,primario,2024,A deep learning model with an inductive transfer learning for forgery image detection,Indonesian Journal of Electrical Engineering and Computer Science,imagem_natural,D,nao_informado,frequencia,nao_informado,sim
S0578,primario,2025,Let Images Speak More: An Efficient Method for Detecting Image Manipulation History,IEEE Transactions on Circuits and Systems for Video Technology,nao_informado,nao_informado,nao_informado,frequencia+ruido,nao_informado,nao
S0552,primario,2026,A synergistic dual-module framework for robust forgery detection in remote sensing images,,sensoriamento_remoto,A,transversal,espacial+frequencia,atencao,sim
S0582,primario,2026,A Realism Evaluation Framework for Detecting AI Manipulated and Filtered Visual Content on Social Media,,imagem_natural,D,nao_informado,frequencia,nao_informado,sim
S0588,primario,2021,Generalizing Face Forgery Detection with High-frequency Features,,nao_informado,nao_informado,nao_informado,frequencia+ruido,nao_informado,nao
S0589,primario,2020,Thinking in Frequency: Face Forgery Detection by Mining Frequency-Aware Clues,Lecture notes in computer science,face,nao_informado,nao_informado,frequencia,nao_informado,sim
S0590,primario,2021,Spatial-Phase Shallow Learning: Rethinking Face Forgery Detection in Frequency Domain,,face,B,entrada_bruta,espacial+frequencia,canais_entrada,sim
S0591,primario,2023,F 2 Trans: High-Frequency Fine-Grained Transformer for Face Forgery Detection,IEEE Transactions on Information Forensics and Security,nao_informado,nao_informado,nao_informado,frequencia,nao_informado,nao
S0593,primario,2021,Frequency-aware Discriminative Feature Learning Supervised by Single-Center Loss for Face Forgery Detection,,face,B,nao_informado,frequencia,ausente,sim
S0594,primario,2022,End-to-End Reconstruction-Classification Learning for Face Forgery Detection,2022 IEEE/CVF Conference on Computer Vision and Pattern Recognition (CVPR),nao_informado,nao_informado,nao_informado,frequencia+ruido,nao_informado,nao
S0592,primario,2021,Local Relation Learning for Face Forgery Detection,Proceedings of the AAAI Conference on Artificial Intelligence,face,B,nao_informado,espacial+frequencia,atencao,sim
S0595,primario,2024,Frequency-Aware Deepfake Detection: Improving Generalizability through Frequency Space Domain Learning,Proceedings of the AAAI Conference on Artificial Intelligence,face,B,entrada_bruta,frequencia,ausente,sim
S0596,primario,2022,M2TR: Multi-modal Multi-scale Transformers for Deepfake Detection,,face,A,transversal,espacial+frequencia,atencao,sim
S0599,primario,2024,DeepFake detection based on high-frequency enhancement network for highly compressed content,Expert Systems with Applications,face,B,nao_informado,frequencia,nao_informado,sim
S0601,primario,2022,FrePGAN: Robust Deepfake Detection Using Frequency-Level Perturbations,Proceedings of the AAAI Conference on Artificial Intelligence,imagem_natural,D,nao_informado,frequencia,nao_informado,sim
S0598,primario,2023,Dynamic Graph Learning with Content-guided Spatial-Frequency Relation Reasoning for Deepfake Detection,,face,A,transversal,espacial+frequencia,atencao,sim
S0605,primario,2021,Face Forgery Detection by 3D Decomposition,,face,A,transversal,textura,atencao,sim
S0606,primario,2021,Fighting Fake News: Two Stream Network for Deepfake Detection via Learnable SRM,IEEE Transactions on Biometrics Behavior and Identity Science,face,A,transversal,espacial+ruido,nao_informado,sim
S0607,primario,2023,Locate and Verify: A Two-Stream Network for Improved Deepfake Detection,,face,A,nao_informado,nao_informado,nao_informado,sim
S0609,primario,2023,Interactive Two-Stream Network Across Modalities for Deepfake Detection,IEEE Transactions on Circuits and Systems for Video Technology,face,A,transversal,espacial+frequencia+temporal,nao_informado,sim
S0608,primario,2022,Exploiting Fine-Grained Face Forgery Clues via Progressive Enhancement Learning,Proceedings of the AAAI Conference on Artificial Intelligence,nao_informado,nao_informado,nao_informado,frequencia+ruido,nao_informado,nao
S0610,primario,2021,Improving the Efficiency and Robustness of Deepfakes Detection through Precise Geometric Features,,face,A,transversal,ruido+temporal,nao_informado,sim
S0611,primario,2024,Rethinking the Up-Sampling Operations in CNN-Based Generative Network for Generalizable Deepfake Detection,,imagem_natural,B,entrada_bruta,frequencia+ruido,ausente,sim
S0620,primario,2023,Hierarchical supervisions with two-stream network for Deepfake detection,Pattern Recognition Letters,face,A,nao_informado,nao_informado,nao_informado,sim
S0617,primario,2024,Frequency Masking for Universal Deepfake Detection,,imagem_natural,B,entrada_bruta,frequencia,ausente,sim
S0618,primario,2023,Constructing New Backbone Networks via Space-Frequency Interactive Convolution for Deepfake Detection,IEEE Transactions on Information Forensics and Security,face,B,transversal,espacial+frequencia,nao_informado,sim
S0621,primario,2023,Beyond the Prior Forgery Knowledge: Mining Critical Clues for General Face Forgery Detection,IEEE Transactions on Information Forensics and Security,nao_informado,nao_informado,nao_informado,frequencia+ruido,nao_informado,nao
S0623,primario,2021,Fighting Deepfakes by Detecting GAN DCT Anomalies,Journal of Imaging,imagem_natural,C,nao_informado,frequencia,nao_informado,sim
S0622,primario,2023,Frequency Domain Filtered Residual Network for Deepfake Detection,Mathematics,nao_informado,nao_informado,nao_informado,frequencia,nao_informado,nao
S0625,primario,2023,Exposing Deepfake Face Forgeries With Guided Residuals,IEEE Transactions on Multimedia,face,A,transversal,espacial+ruido,atencao,sim
S0624,primario,2022,BiHPF: Bilateral High-Pass Filters for Robust Deepfake Detection,2022 IEEE/CVF Winter Conference on Applications of Computer Vision (WACV),imagem_natural,B,entrada_bruta,frequencia,ausente,sim
S0626,primario,2023,Contrastive learning-based general Deepfake detection with multi-scale RGB frequency clues,Journal of King Saud University - Computer and Information Sciences,nao_informado,nao_informado,nao_informado,frequencia+ruido,nao_informado,nao
S0627,primario,2024,DeepFake detection method based on multi-scale interactive dual-stream network,Journal of Visual Communication and Image Representation,face,A,nao_informado,nao_informado,nao_informado,sim
S0629,primario,2022,IR-Capsule: Two-Stream Network for Face Forgery Detection,Cognitive Computation,face,A,nao_informado,nao_informado,nao_informado,sim
S0604,primario,2023,Frequency-Aware Attentional Feature Fusion for Deepfake Detection,,face,A,transversal,espacial+frequencia,atencao,sim
S0632,primario,2022,Transformer-Based Feature Compensation and Aggregation for DeepFake Detection,IEEE Signal Processing Letters,face,B,nao_informado,frequencia,atencao,sim
S0633,primario,2022,An Information Theoretic Approach for Attention-Driven Face Forgery Detection,Lecture notes in computer science,face,nao_informado,nao_informado,nao_informado,nao_informado,sim
S0635,primario,2021,Discriminative Feature Mining Based on Frequency Information and Metric Learning for Face Forgery Detection,IEEE Transactions on Knowledge and Data Engineering,face,A,transversal,espacial+frequencia,nao_informado,sim
S0636,primario,2025,FSBI: Deepfake detection with frequency enhanced self-blended images,Image and Vision Computing,face,D,nao_informado,frequencia,nao_informado,sim
S0643,primario,2025,Multi-Scale High-Frequency Vision Transformer for Face Forgery Detection,IEEE Transactions on Biometrics Behavior and Identity Science,face,B,nao_informado,frequencia,ausente,sim
S0637,primario,2022,SRTNet: a spatial and residual based two-stream neural network for deepfakes detection,Multimedia Tools and Applications,face,A,nao_informado,espacial+ruido,nao_informado,sim
S0639,primario,2022,Adaptive Face Forgery Detection in Cross Domain,Lecture notes in computer science,face,nao_informado,nao_informado,nao_informado,nao_informado,sim
S0612,primario,2024,Spatial-frequency feature fusion based deepfake detection through knowledge distillation,Engineering Applications of Artificial Intelligence,face,A,nao_informado,espacial+frequencia,nao_informado,sim
S0642,primario,2021,Leveraging High-Frequency Components for Deepfake Detection,,face,B,nao_informado,espacial+frequencia,nao_informado,sim
S0645,primario,2025,A spatio-frequency cross fusion model for deepfake detection and segmentation,Neurocomputing,face,A,nao_informado,espacial+frequencia,nao_informado,sim
S0615,primario,2023,Two-Stream Xception Structure Based on Feature Fusion for DeepFake Detection,International Journal of Computational Intelligence Systems,face,A,transversal,espacial+ruido,nao_informado,sim
S0646,primario,2025,MH-FFNet: Leveraging mid-high frequency information for robust fine-grained face forgery detection,Expert Systems with Applications,face,B,nao_informado,frequencia,nao_informado,sim
S0649,primario,2023,Adaptive Texture and Spectrum Clue Mining for Generalizable Face Forgery Detection,IEEE Transactions on Information Forensics and Security,face,A,transversal,espacial+frequencia+textura,nao_informado,sim
S0648,primario,2024,Faster Than Lies: Real-time Deepfake Detection using Binary Neural Networks,,misto,B,entrada_bruta,frequencia+textura,canais_entrada,sim
S0654,primario,2023,Hierarchical Forgery Classifier on Multi-Modality Face Forgery Clues,IEEE Transactions on Multimedia,face,A,transversal,espacial+frequencia,atencao,sim
S0655,primario,2024,FreqBlender: Enhancing DeepFake Detection by Blending Frequency Knowledge,,face,nao_informado,nao_informado,frequencia,nao_informado,sim
S0651,primario,2022,MC-LCR: Multimodal contrastive classification by locally correlated representations for effective face forgery detection,Knowledge-Based Systems,face,nao_informado,nao_informado,nao_informado,nao_informado,sim
S0657,primario,2024,Attention Consistency Refined Masked Frequency Forgery Representation for Generalizing Face Forgery Detection,IEEE Transactions on Information Forensics and Security,face,B,nao_informado,frequencia,ausente,sim
S0658,primario,2025,Wavelet-Driven Generalizable Framework for Deepfake Face Forgery Detection,,face,B,nao_informado,espacial+frequencia,nao_informado,sim
S0659,primario,2024,WATCHER: Wavelet-Guided Texture-Content Hierarchical Relation Learning for Deepfake Detection,International Journal of Computer Vision,face,nao_informado,nao_informado,frequencia+textura,nao_informado,sim
S0665,primario,2024,Combined spatial and frequency dual stream network for face forgery detection,PeerJ Computer Science,face,A,transversal,espacial+frequencia,atencao,sim
S0663,primario,2023,A comprehensive evaluation of feature-based AI techniques for deepfake detection,Neural Computing and Applications,face,D,nao_informado,nao_informado,nao_informado,sim
S0613,primario,2024,Feature fusion Vision Transformers using MLP-Mixer for enhanced deepfake detection,Neurocomputing,face,nao_informado,nao_informado,nao_informado,nao_informado,sim
S0668,primario,2022,Wavelet-enhanced Weakly Supervised Local Feature Learning for Face Forgery Detection,Proceedings of the 30th ACM International Conference on Multimedia,nao_informado,nao_informado,nao_informado,frequencia+ruido,nao_informado,nao
S0660,primario,2024,Deepfake Detection Model Combining Texture Differences and Frequency Domain Information,ACM Transactions on Privacy and Security,face,A,transversal,frequencia+textura,atencao,sim
S0661,primario,2023,Multi-scale Wavelet Transformer for Face Forgery Detection,Lecture notes in computer science,face,B,nao_informado,frequencia,nao_informado,sim
S0667,primario,2025,Frequency-Domain Masking and Spatial Interaction for Generalizable Deepfake Detection,Electronics,face,A,transversal,espacial+frequencia,nao_informado,sim
S0680,primario,2025,C2P-CLIP: Injecting Category Common Prompt in CLIP to Enhance Generalization in Deepfake Detection,Proceedings of the AAAI Conference on Artificial Intelligence,imagem_natural,B,nao_informado,frequencia,nao_informado,sim
S0676,primario,2025,FreqDebias: Towards Generalizable Deepfake Detection via Consistency-Driven Frequency Debiasing,,face,D,nao_informado,frequencia,nao_informado,sim
S0672,primario,2024,A dual descriptor combined with frequency domain reconstruction learning for face forgery detection in deepfake videos,Forensic Science International Digital Investigation,face,A,nao_informado,frequencia,nao_informado,sim
S0674,primario,2024,Face Forgery Detection Based on Fine-Grained Clues and Noise Inconsistency,IEEE Transactions on Artificial Intelligence,nao_informado,nao_informado,nao_informado,frequencia+ruido,nao_informado,nao
S0614,primario,2021,MFF-Net: Deepfake Detection Network Based on Multi-Feature Fusion,Entropy,nao_informado,nao_informado,nao_informado,frequencia,nao_informado,nao
S0675,primario,2022,Tensor-Based Deepfake Detection in Scaled and Compressed Images,2022 IEEE International Conference on Image Processing (ICIP),face,B,entrada_bruta,frequencia,ausente,sim
S0677,primario,2024,Generalizable Deepfake Detection With Phase-Based Motion Analysis,IEEE Transactions on Image Processing,nao_informado,nao_informado,nao_informado,frequencia,nao_informado,nao
S0683,primario,2023,Dodging DeepFake Detection via Implicit Spatial-Domain Notch Filtering,IEEE Transactions on Circuits and Systems for Video Technology,nao_informado,nao_informado,nao_informado,frequencia+ruido,nao_informado,nao
S0681,primario,2025,Leveraging High-Frequency Diversified Augmentation for general deepfake detection,Journal of Information Security and Applications,face,D,nao_informado,frequencia,nao_informado,sim
S0634,primario,2024,Mf-net: multi-feature fusion network based on two-stream extraction and multi-scale enhancement for face forgery detection,Complex & Intelligent Systems,face,A,transversal,nao_informado,nao_informado,sim
S0687,primario,2023,Face Forgery Detection Based on Facial Region Displacement Trajectory Series,,face,A,transversal,espacial+temporal,atencao,sim
S0690,primario,2022,Multiple Feature Mining Based on Local Correlation and Frequency Information for Face Forgery Detection,,face,A,transversal,espacial+frequencia,atencao,sim
S0691,primario,2024,Towards Unified Defense for Face Forgery and Spoofing Attacks via Dual Space Reconstruction Learning,International Journal of Computer Vision,face,A,nao_informado,nao_informado,nao_informado,sim
S0678,primario,2024,RLGC: Reconstruction Learning Fusing Gradient and Content Features for Efficient Deepfake Detection,IEEE Transactions on Consumer Electronics,nao_informado,nao_informado,nao_informado,frequencia+ruido,nao_informado,nao
S0694,primario,2024,Temporal Feature Prediction in Audio–Visual Deepfake Detection,Electronics,face,A,transversal,temporal,nao_informado,sim
S0697,primario,2021,MD-CSDNetwork: Multi-Domain Cross Stitched Network for Deepfake Detection,2021 16th IEEE International Conference on Automatic Face and Gesture Recognition (FG 2021),face,A,transversal,espacial+frequencia,gate_aprendivel,sim
S0628,primario,2022,Multi-Feature Fusion Based Deepfake Face Forgery Video Detection,Systems,face,A,transversal,espacial+frequencia+temporal+textura,nao_informado,sim
S0695,primario,2023,FDML: Feature Disentangling and Multi-view Learning for face forgery detection,Neurocomputing,face,A,nao_informado,nao_informado,nao_informado,sim
S0700,primario,2023,SiamNet: Exploiting source camera noise discrepancies using Siamese Network for Deepfake Detection,Information Sciences,face,B,nao_informado,ruido,ausente,sim
S0701,primario,2021,Deepfake Detection Method Based on Cross-Domain Fusion,Security and Communication Networks,nao_informado,nao_informado,nao_informado,frequencia,nao_informado,nao
S0702,primario,2023,Bi-Source Reconstruction-Based Classification Network for Face Forgery Video Detection,IEEE Transactions on Circuits and Systems for Video Technology,nao_informado,nao_informado,nao_informado,frequencia+ruido,nao_informado,nao
S0698,primario,2024,Learning spatial‐frequency interaction for generalizable deepfake detection,IET Image Processing,face,A,transversal,espacial+frequencia,atencao,sim
S0707,primario,2022,$$D^3$$: A Novel Face Forgery Detector Based on Dual-Stream and Dual-Utilization Methods,Communications in computer and information science,nao_informado,nao_informado,nao_informado,nao_informado,nao_informado,nao
S0711,primario,2024,FRADE: Forgery-aware Audio-distilled Multimodal Learning for Deepfake Detection,,nao_informado,nao_informado,nao_informado,frequencia,nao_informado,nao
S0704,primario,2023,Exposing Face Forgery Clues via Retinex-Based Image Enhancement,Lecture notes in computer science,face,B,entrada_bruta,nao_informado,nao_informado,sim
S0710,primario,2021,Face Forgery Detection Based On Segmentation Network,,nao_informado,nao_informado,nao_informado,frequencia,nao_informado,nao
S0716,primario,2024,Towards generalizable face forgery detection via mitigating spurious correlation,Neural Networks,nao_informado,nao_informado,nao_informado,nao_informado,nao_informado,nao
S0712,primario,2025,Evasion Attack on Deepfake Detection via DCT Trace Manipulation,Lecture notes in computer science,nao_informado,nao_informado,nao_informado,frequencia,nao_informado,nao
S0715,primario,2023,MCW: A Generalizable Deepfake Detection Method for Few-Shot Learning,Sensors,nao_informado,nao_informado,nao_informado,frequencia,nao_informado,nao
S0703,primario,2025,D 2 Fusion: Dual-domain fusion with feature superposition for Deepfake detection,Information Fusion,face,A,nao_informado,nao_informado,soma,sim
S0717,primario,2025,Lightweight Deepfake Detection on Mobile Devices Using Attention-Enhanced MobileNet and Frequency Domain Analysis,Journal of Technology Informatics and Engineering,nao_informado,nao_informado,nao_informado,frequencia,nao_informado,nao
S0718,primario,2025,MIFAE-Forensics: Masked Image-Frequency AutoEncoder for DeepFake Detection,,nao_informado,nao_informado,nao_informado,frequencia,nao_informado,nao
S0709,primario,2025,Space–Frequency and Global–Local Attentive Networks for Sequential Deepfake Detection,IEEE Transactions on Computational Social Systems,nao_informado,nao_informado,nao_informado,frequencia,nao_informado,nao
S0713,primario,2025,Dual Frequency-Guided Spatiotemporal Feature Learning for Face Forgery Detection,IEEE Transactions on Biometrics Behavior and Identity Science,nao_informado,nao_informado,nao_informado,frequencia,nao_informado,nao
S0720,primario,2022,Potential Attacks of DeepFake on eKYC Systems and Remedy for eKYC with DeepFake Detection Using Two-Stream Network of Facial Appearance and Motion Features,SN Computer Science,nao_informado,nao_informado,nao_informado,nao_informado,nao_informado,nao
S0721,primario,2024,Spatial-Frequency Dual-Stream Reconstruction for Deepfake Detection,Lecture notes in computer science,nao_informado,nao_informado,nao_informado,frequencia,nao_informado,nao
S0719,primario,2024,Face forgery detection by progressively enhancing spatial and frequency-aware features,Multimedia Systems,nao_informado,nao_informado,nao_informado,frequencia,nao_informado,nao
S0724,primario,2024,Enhancing Deepfake Detection With Diversified Self-Blending Images and Residuals,IEEE Access,nao_informado,nao_informado,nao_informado,frequencia,nao_informado,nao
S0725,primario,2024,Deepfake detection based on cross-domain local characteristic analysis with multi-domain transformer,Alexandria Engineering Journal,nao_informado,nao_informado,nao_informado,frequencia,nao_informado,nao
S0670,primario,2025,The Application of Cross-modal Consistency Enhancement and Feature Fusion in High-frequency Feature-driven Face Forgery Detection,,face,A,nao_informado,frequencia,nao_informado,sim
S0732,primario,2025,Multiscale Features Integrated Model for Generalizable Deepfake Detection,International Journal of Intelligent Systems,nao_informado,nao_informado,nao_informado,frequencia,nao_informado,nao
S0726,primario,2024,A Lightweight CNN for Efficient Deepfake Detection of Low-resolution Images in Frequency Domain,,nao_informado,nao_informado,nao_informado,frequencia,nao_informado,nao
S0728,primario,2023,FDS_2D: rethinking magnitude-phase features for DeepFake detection,Multimedia Systems,nao_informado,nao_informado,nao_informado,nao_informado,nao_informado,nao
S0730,primario,2025,FreqFaceNet: an enhanced transformer architecture with dual-order frequency attention for deepfake detection,Applied Intelligence,nao_informado,nao_informado,nao_informado,frequencia,nao_informado,nao
S0731,primario,2024,DeepStream-X: A Two-Stream Deepfake Detection Framework using Spatiotemporal and Frequency Features,,nao_informado,nao_informado,nao_informado,frequencia,nao_informado,nao
S0734,primario,2024,Face Forgery Detection with Long‐Range Noise Features and Multilevel Frequency‐Aware Clues,IET Biometrics,nao_informado,nao_informado,nao_informado,frequencia+ruido,nao_informado,nao
S0735,primario,2021,Deepfake Detection using a Two-Stream Capsule Network,2021 IST-Africa Conference (IST-Africa),nao_informado,nao_informado,nao_informado,nao_informado,nao_informado,nao
S0738,primario,2023,Multi-level feature disentanglement network for cross-dataset face forgery detection,Image and Vision Computing,nao_informado,nao_informado,nao_informado,nao_informado,nao_informado,nao
S0727,primario,2024,MDCF-Net: Multi-Scale Dual-Branch Network for Compressed Face Forgery Detection,IEEE Access,nao_informado,nao_informado,nao_informado,frequencia+ruido,nao_informado,nao
S0741,primario,2025,Revisiting face forgery detection towards generalization,Neural Networks,nao_informado,nao_informado,nao_informado,nao_informado,nao_informado,nao
S0744,primario,2021,DeFake: Decentralized ENF-Consensus Based DeepFake Detection in Video Conferencing,,nao_informado,nao_informado,nao_informado,frequencia,nao_informado,nao
S0662,primario,2024,Deepfake Detection Based on Multi-scale RGB-Frequency Feature Fusion,,face,A,transversal,espacial+frequencia,nao_informado,sim
S0736,primario,2023,Fine-grained deepfake detection based on cross-modality attention,Neural Computing and Applications,nao_informado,nao_informado,nao_informado,nao_informado,nao_informado,nao
S0743,primario,2024,Refining Localized Attention Features with Multi-Scale Relationships for Enhanced Deepfake Detection in Spatial-Frequency Domain,Electronics,nao_informado,nao_informado,nao_informado,frequencia,nao_informado,nao
S0729,primario,2025,WaViT-CDC: Wavelet Vision Transformer With Central Difference Convolutions for Spatial-Frequency Deepfake Detection,IEEE Open Journal of Signal Processing,nao_informado,nao_informado,nao_informado,frequencia,nao_informado,nao
S0656,primario,2024,Multi-feature fusion based face forgery detection with local and global characteristics,PLoS ONE,nao_informado,nao_informado,nao_informado,frequencia+ruido,nao_informado,nao
S0747,primario,2023,DIFLD: domain invariant feature learning to detect low-quality compressed face forgery images,Complex & Intelligent Systems,nao_informado,nao_informado,nao_informado,frequencia+ruido,nao_informado,nao
S0754,primario,2024,FLAG: frequency-based local and global network for face forgery detection,Multimedia Tools and Applications,nao_informado,nao_informado,nao_informado,frequencia,nao_informado,nao
S0750,primario,2023,Spatial-Temporal Frequency Forgery Clue for Video Forgery Detection in VIS and NIR Scenario,IEEE Transactions on Circuits and Systems for Video Technology,nao_informado,nao_informado,nao_informado,frequencia,nao_informado,nao
S0752,primario,2025,Enhanced Deep Learning DeepFake Detection Integrating Handcrafted Features,Lecture notes in computer science,nao_informado,nao_informado,nao_informado,nao_informado,nao_informado,nao
S0755,primario,2025,SFSimNet: An Efficient Spatial-Frequency Multi-Scale Intra-Feature Similarity Measurement Network for Deepfake Detection,IEEE Transactions on Consumer Electronics,nao_informado,nao_informado,nao_informado,frequencia,nao_informado,nao
S0758,primario,2024,Improving Video Deepfake Detection: A DCT-based Approach with Patch-level Analysis,Electronic Imaging,nao_informado,nao_informado,nao_informado,frequencia,nao_informado,nao
S0759,primario,2025,SFD-ViT: Spatial-Frequency dual-Stream transformer with patch embedding for face forgery detection,Knowledge-Based Systems,nao_informado,nao_informado,nao_informado,frequencia,nao_informado,nao
S0760,primario,2024,Enhanced Deepfake Detection Using Frequency Domain Upsampling,,nao_informado,nao_informado,nao_informado,frequencia,nao_informado,nao
S0761,primario,2024,Interpretable DeepFake Detection Based on Frequency Spatial Transformer,International Journal of Emerging Technologies and Advanced Applications,nao_informado,nao_informado,nao_informado,frequencia,nao_informado,nao
S0751,primario,2025,Robust face forgery detection integrating local texture and global texture information,EURASIP Journal on Information Security,nao_informado,nao_informado,nao_informado,nao_informado,nao_informado,nao
S0763,primario,2025,Learning Local Texture and Global Frequency Clues for Face Forgery Detection,Biomimetics,nao_informado,nao_informado,nao_informado,frequencia,nao_informado,nao
S0762,primario,2022,Identity-Referenced Deepfake Detection with Contrastive Learning,,nao_informado,nao_informado,nao_informado,frequencia,nao_informado,nao
S0787,primario,2025,SFCL: A Spatial-Frequency Collaborative Learning Framework for Generalizable Deepfake Detection,,nao_informado,nao_informado,nao_informado,frequencia,nao_informado,nao
S0766,primario,2025,AIM-Bone: Texture Discrepancy Generation and Localization for Generalized Deepfake Detection,IEEE Transactions on Biometrics Behavior and Identity Science,nao_informado,nao_informado,nao_informado,ruido,nao_informado,nao
S0671,primario,2025,HSFF-Net: Hierarchical spectral-feature fusion network for deepfake detection and localization,Neural Networks,face,B,nao_informado,frequencia,nao_informado,sim
S0767,primario,2026,Multiple contexts and frequencies aggregation network for deepfake detection,PLoS ONE,nao_informado,nao_informado,nao_informado,frequencia,nao_informado,nao
S0770,primario,2023,On Using rPPG Signals for DeepFake Detection: A Cautionary Note,Lecture notes in computer science,nao_informado,nao_informado,nao_informado,nao_informado,nao_informado,nao
S0771,primario,2023,Mining collaborative spatio-temporal clues for face forgery detection,Multimedia Tools and Applications,nao_informado,nao_informado,nao_informado,nao_informado,nao_informado,nao
S0772,primario,2024,AdvShadow: Evading DeepFake Detection via Adversarial Shadow Attack,,nao_informado,nao_informado,nao_informado,frequencia,nao_informado,nao
S0774,primario,2024,Deepfake Detection with Wavelet-Integrated Convolutional Networks,,nao_informado,nao_informado,nao_informado,frequencia,nao_informado,nao
S0775,primario,2022,ADD: Frequency Attention and Multi-View Based Knowledge Distillation to Detect Low-Quality Compressed Deepfake Images,Proceedings of the AAAI Conference on Artificial Intelligence,nao_informado,nao_informado,nao_informado,frequencia,nao_informado,nao
S0777,primario,2026,Deepfake Forensics Adapter: A Dual-Stream Network for Generalizable Deepfake Detection,"Lecture notes of the Institute for Computer Sciences, Social Informatics and Telecommunications Engineering",nao_informado,nao_informado,nao_informado,nao_informado,nao_informado,nao
S0781,primario,2024,SA$$^3$$WT: Adaptive Wavelet-Based Transformer with Self-Paced Auto Augmentation for Face Forgery Detection,International Journal of Computer Vision,nao_informado,nao_informado,nao_informado,frequencia,nao_informado,nao
S0780,primario,2025,SpecXNet: A Dual-Domain Convolutional Network for Robust Deepfake Detection,,nao_informado,nao_informado,nao_informado,frequencia,nao_informado,nao
S0782,primario,2023,An attention-erasing stripe pyramid network for face forgery detection,Signal Image and Video Processing,nao_informado,nao_informado,nao_informado,nao_informado,nao_informado,nao
S0785,primario,2024,A New Wave of Texture Feature: Enhancing Deepfake Detection via Image Waveform,,nao_informado,nao_informado,nao_informado,nao_informado,nao_informado,nao
S0784,primario,2026,MDL-Net: Multi-Task Learning Network for Face Forgery Detection and Localization Using Dual-Stream Feature Extraction and Reconstruction,IEEE Transactions on Biometrics Behavior and Identity Science,nao_informado,nao_informado,nao_informado,nao_informado,nao_informado,nao
S0792,primario,2024,A new deepfake detection method by vision transformers,,nao_informado,nao_informado,nao_informado,frequencia,nao_informado,nao
S0790,primario,2024,Boosting Deepfake Detection Generalizability via Expansive Learning and Confidence Judgement,IEEE Transactions on Circuits and Systems for Video Technology,nao_informado,nao_informado,nao_informado,frequencia,nao_informado,nao
S0773,primario,2025,Face Forgery Detection via Multi‐Scale and Multi‐Domain Features Fusion,IET Image Processing,nao_informado,nao_informado,nao_informado,frequencia,nao_informado,nao
S0783,primario,2025,Deepfake Detection Technology Integrating Spatial Domain and Frequency Domain,Frontiers in Computing and Intelligent Systems,nao_informado,nao_informado,nao_informado,frequencia,nao_informado,nao
S0796,primario,2026,A Spatial-Frequency Aware Multi-scale Fusion Network for Real-Time Deepfake Detection,Lecture notes in computer science,nao_informado,nao_informado,nao_informado,frequencia,nao_informado,nao
S0814,primario,2025,Deepfake Detection using XAI based Deep Fusion Models,,nao_informado,nao_informado,nao_informado,frequencia,nao_informado,nao
S0788,primario,2024,Consistent Learning of Multiple Paths Using Frequency-Aware Clues for Face Forgery Detection,,nao_informado,nao_informado,nao_informado,frequencia,nao_informado,nao
S0797,primario,2024,Learning Meta Model for Strong Generalization Deepfake Detection,,nao_informado,nao_informado,nao_informado,nao_informado,nao_informado,nao
S0798,primario,2024,BiFAT: Bilateral Filtering and Attention Mechanisms in a Two-Stream Model for Deepfake Detection,Lecture notes in computer science,nao_informado,nao_informado,nao_informado,nao_informado,nao_informado,nao
S0786,primario,2024,Noise-aware progressive multi-scale deepfake detection,Multimedia Tools and Applications,nao_informado,nao_informado,nao_informado,ruido,nao_informado,nao
S0801,primario,2023,Concentric Ring Loss for Face Forgery Detection,,nao_informado,nao_informado,nao_informado,frequencia,nao_informado,nao
S0799,primario,2022,Data-Driven Deepfake Forensics Model Based on Large-Scale Frequency and Noise Features,IEEE Intelligent Systems,nao_informado,nao_informado,nao_informado,frequencia+ruido,nao_informado,nao
S0800,primario,2024,Development of a Deepfake Detection Method: Application of Frequency Analysis and Reduction of the Image Color Space to Improve Classification Accuracy,,nao_informado,nao_informado,nao_informado,frequencia,nao_informado,nao
S0791,primario,2024,A New Deepfake Detection Method Based on Compound Scaling Dual-Stream Attention Network,EAI Endorsed Transactions on Pervasive Health and Technology,nao_informado,nao_informado,nao_informado,nao_informado,nao_informado,nao
S0802,primario,2023,Hybrid Domain Meta-Learning Network for Face Forgery Detection and Localization in Deepfakes,,nao_informado,nao_informado,nao_informado,frequencia+ruido,nao_informado,nao
S0692,primario,2024,Research on video face forgery detection model based on multiple feature fusion network,Signal Image and Video Processing,face,nao_informado,nao_informado,nao_informado,nao_informado,sim
S0805,primario,2026,SAFE: Semantic- and Frequency-Enhanced Curriculum for Cross-Domain Deepfake Detection,Proceedings of the AAAI Conference on Artificial Intelligence,nao_informado,nao_informado,nao_informado,frequencia,nao_informado,nao
S0804,primario,2025,WaveGuard: Robust Deepfake Detection and Source Tracing via Dual-Tree Complex Wavelet and Graph Neural Networks,IEEE Transactions on Circuits and Systems for Video Technology,nao_informado,nao_informado,nao_informado,frequencia,nao_informado,nao
S0807,primario,2023,FAClue: Exploring Frequency Clues by Adaptive Frequency-Attention for Deepfake Detection,,nao_informado,nao_informado,nao_informado,frequencia,nao_informado,nao
S0809,primario,2025,Multi-modal Deepfake Detection via Multi-task Audio-Visual Prompt Learning,Proceedings of the AAAI Conference on Artificial Intelligence,nao_informado,nao_informado,nao_informado,nao_informado,nao_informado,nao
S0810,primario,2025,Joint spatial-frequency deepfake detection network based on dual-domain attention-enhanced deformable convolution,Applied Intelligence,nao_informado,nao_informado,nao_informado,frequencia,nao_informado,nao
S0811,primario,2025,LET-CViT: A low-light enhanced two-stream CNN and vision transformer for Deepfake detection,Image and Vision Computing,nao_informado,nao_informado,nao_informado,nao_informado,nao_informado,nao
S0813,primario,2024,Deepfake Detection Using Multi-Modal Fusion Combined with Attention Mechanism,,nao_informado,nao_informado,nao_informado,frequencia,nao_informado,nao
S0815,primario,2026,CURVELET-BASED FREQUENCY-AWARE FEATURE ENHANCEMENT FOR DEEPFAKE DETECTION,Science Journal of University of Zakho,nao_informado,nao_informado,nao_informado,frequencia,nao_informado,nao
S0818,primario,2023,Frequency Spectrum with Multi-head Attention for Face Forgery Detection,Communications in computer and information science,nao_informado,nao_informado,nao_informado,frequencia,nao_informado,nao
S0812,primario,2023,Spatial and Frequency Domains Inconsistency Learning for Face Forgery Detection,Communications in computer and information science,nao_informado,nao_informado,nao_informado,frequencia,nao_informado,nao
S0857,primario,2024,A Face Forgery Video Detection Model Based on Knowledge Distillation,,nao_informado,nao_informado,nao_informado,frequencia,nao_informado,nao
S0816,primario,2025,Deepfake Detection via Spatial-Frequency Attention Network,IEEE Transactions on Consumer Electronics,nao_informado,nao_informado,nao_informado,frequencia,nao_informado,nao
S0823,primario,2023,DT-TransUNet: A Dual-Task Model for Deepfake Detection and Segmentation,Lecture notes in computer science,nao_informado,nao_informado,nao_informado,nao_informado,nao_informado,nao
S0822,primario,2025,Enhancing Deepfake Detection Through Dynamics of Facial Expressions,,nao_informado,nao_informado,nao_informado,frequencia,nao_informado,nao
S0826,primario,2023,Exposing Deepfakes using Dual-Channel Network with Multi-Axis Attention and Frequency Analysis,,nao_informado,nao_informado,nao_informado,frequencia,nao_informado,nao
S0825,primario,2026,StegaFFD: Privacy-preserving Face Forgery Detection via Fine-grained Steganographic Domain Lifting,Machine Intelligence Research,nao_informado,nao_informado,nao_informado,nao_informado,nao_informado,nao
S0827,primario,2025,Enhanced Deepfake Detection Using Hybrid Spatial-Frequency Representations and Unsupervised Adaptation,,nao_informado,nao_informado,nao_informado,frequencia,nao_informado,nao
S0831,primario,2024,Multimodal Deepfake Detection using Deep-Convolutional Neural Networks and Mel-Frequency Cepstral Coefficients,,nao_informado,nao_informado,nao_informado,frequencia,nao_informado,nao
S0833,primario,2025,Frequency-Assisted Temporal Upsampling Artifacts Representation Learning for Face Forgery Detection,IEEE Transactions on Biometrics Behavior and Identity Science,nao_informado,nao_informado,nao_informado,frequencia,nao_informado,nao
S0834,primario,2025,Generalizable face forgery detection based on adaptive spatial-frequency information mining,Multimedia Systems,nao_informado,nao_informado,nao_informado,frequencia,nao_informado,nao
S0836,primario,2024,CoDeiT: Contrastive Data-Efficient Transformers for Deepfake Detection,Lecture notes in computer science,nao_informado,nao_informado,nao_informado,nao_informado,nao_informado,nao
S0835,primario,2024,Siam-CNNNet: A Novel Fusion of Siamese Network and Convolutional Neural Networks Based on Mel-Frequency Cepstral Coefficients for Audio Deepfake Detection,Lecture notes on data engineering and communications technologies,nao_informado,nao_informado,nao_informado,frequencia,nao_informado,nao
S0838,primario,2025,ADNet: Delving into generalizable deepfake detection via adaptive expert selection and discrepancy learning,Pattern Recognition,nao_informado,nao_informado,nao_informado,nao_informado,nao_informado,nao
S0840,primario,2026,Unveiling Deepfakes: A Frequency-Aware Triple Branch Network for Deepfake Detection,IEEE Transactions on Dependable and Secure Computing,nao_informado,nao_informado,nao_informado,frequencia,nao_informado,nao
S0842,primario,2026,Explainable and proactive fragile watermarking for medical Deepfake detection,Intelligent Systems with Applications,nao_informado,nao_informado,nao_informado,frequencia,nao_informado,nao
S0843,primario,2024,Learning dual aggregate features for face forgery detection,Neural Computing and Applications,nao_informado,nao_informado,nao_informado,nao_informado,nao_informado,nao
S0779,primario,2026,WaveFuseNet: Landmark-Guided Deepfake Detection with CNN–LSTM–ViT Feature Fusion and Comparative Frequency-Domain Analysis,Cybernetics & Systems,nao_informado,nao_informado,nao_informado,frequencia,nao_informado,nao
S0846,primario,2026,Multiscale Spatial Frequency-Aware Transformer and Saturation Analysis for Universal Deepfake Detection,IEEE Transactions on Cybernetics,nao_informado,nao_informado,nao_informado,frequencia,nao_informado,nao
S0845,primario,2025,Robust manipulated media localization and detection based on high frequency and texture features,Discover Computing,nao_informado,nao_informado,nao_informado,frequencia,nao_informado,nao
S0849,primario,2026,Generalizable face forgery detection via mining single-step reconstruction difference,Pattern Recognition,nao_informado,nao_informado,nao_informado,nao_informado,nao_informado,nao
S0852,primario,2022,Face Forgery Detection by Multi-dimensional Image Decomposition,Lecture notes in computer science,nao_informado,nao_informado,nao_informado,nao_informado,nao_informado,nao
S0854,primario,2025,A two-stage interaction approach for enhancing generalization of deepfake detection,Multimedia Systems,nao_informado,nao_informado,nao_informado,nao_informado,nao_informado,nao
S0855,primario,2026,DDSF-Net: dual-domain deepfake detection via semantic suppression and spatial-frequency mapping,Expert Systems with Applications,nao_informado,nao_informado,nao_informado,frequencia,nao_informado,nao
S0853,primario,2024,Unified Frequency-Assisted Transformer Framework for Detecting and Grounding Multi-modal Manipulation,International Journal of Computer Vision,nao_informado,nao_informado,nao_informado,frequencia,nao_informado,nao
S0856,primario,2025,A Hybrid Deep Learning and Forensic Approach for Robust Deepfake Detection,International Journal of Advanced Computer Science and Applications,nao_informado,nao_informado,nao_informado,frequencia+ruido,nao_informado,nao
S0859,primario,2025,FlashF5-MaViT: A Fast Five Frequency Mamba with CDC–FastViT Architecture for Deepfake Detection,,face,nao_informado,nao_informado,frequencia,nao_informado,sim
S0847,primario,2025,Constructing adaptive spatial-frequency interactive network with bi-directional adapter for generalizable face forgery detection,Computer Vision and Image Understanding,nao_informado,nao_informado,nao_informado,frequencia,nao_informado,nao
S0861,primario,2025,An Attention-Based Framework for Detecting Face Forgeries: Integrating Efficient-ViT and Wavelet Transform,Mathematics,face,A,transversal,espacial+frequencia,atencao,sim
S0860,primario,2025,Continual face forgery detection based on relation-aware spatial-frequency interaction aggregation and contrastive learning,Pattern Recognition,face,nao_informado,nao_informado,espacial+frequencia,nao_informado,sim
S0848,primario,2023,A Dual Domain Attention Mechanism for Face Forgery Detection,,nao_informado,nao_informado,nao_informado,frequencia,nao_informado,nao
S0865,primario,2023,Multi-Scale Feature Enhancement Network for Face Forgery Detection,,face,B,nao_informado,frequencia+textura,nao_informado,sim
S0867,primario,2025,Wavelet‐Based Texture Mining and Enhancement for Face Forgery Detection,IET Biometrics,face,B,nao_informado,espacial+frequencia+textura,nao_informado,sim
S0866,primario,2025,Context-Aware Deepfake Detection for Securing AI-Driven Financial Transactions,IEEE Transactions on Computational Social Systems,face,B,nao_informado,frequencia,nao_informado,sim
S0868,primario,2025,"HybridNet: Advancing Deepfake Detection Through Residual, SE, and Depthwise Convolutions",IEEE Access,nao_informado,nao_informado,nao_informado,frequencia+ruido,nao_informado,nao
S0862,primario,2023,Uncertainty-Guided Test-Time Training for Face Forgery Detection,Lecture notes in computer science,face,D,nao_informado,nao_informado,nao_informado,sim
S0745,primario,2022,Deepfake Detection Using Multiple Feature Fusion,IFIP advances in information and communication technology,nao_informado,nao_informado,nao_informado,nao_informado,nao_informado,nao
S0870,primario,2022,Deepfake Detection on Videos Based on Ratio Images,2022 12th International Congress on Advanced Applied Informatics (IIAI-AAI),face,B,entrada_bruta,temporal,ausente,sim
S0872,primario,2022,MSFRNet: Two‐stream deep forgery detector via multi‐scale feature extraction,IET Image Processing,face,A,nao_informado,ruido,nao_informado,sim
S0875,primario,2024,A Triple Complementary Stream Network based on forgery feature enhancement and coupling for universal face forgery localization,Computers & Graphics,face,A,nao_informado,nao_informado,nao_informado,sim
S0871,primario,2026,Multi-scale cross-attention network for enhanced face forgery detection,The Visual Computer,face,nao_informado,nao_informado,nao_informado,nao_informado,sim
S0877,primario,2024,Modal-Guided Multi-Domain Inconsistency Learning for Face Forgery Detection,Applied Sciences,face,A,nao_informado,espacial+frequencia+temporal,nao_informado,sim
S0880,primario,2025,A Hybrid Approach for Medical Deepfake Detection Using Depth-Wise Convolutions in Vision Transformer and Frequency Domain Analysis,Lecture notes in computer science,medico,nao_informado,nao_informado,frequencia,nao_informado,sim
S0869,primario,2025,STA-3D: Combining Spatiotemporal Attention and 3D Convolutional Networks for Robust Deepfake Detection,Symmetry,face,B,nao_informado,frequencia+temporal,nao_informado,sim
S0879,primario,2026,Unified Frequency-Masked CNN Approach for Deepfake Detection and Secure Skin Disorder Identification Using Image Segmentation,,misto,B,entrada_bruta,frequencia,nao_informado,sim
S0881,primario,2026,Hybrid multimodal deepfake detection in medical images using ConvNeXtV2-Tiny with Triplet Attention,Journal of Computational Science,medico,B,nao_informado,nao_informado,nao_informado,sim
S0882,primario,2024,Multi-domain Multi-scale DeepFake Detection for Generalization,,face,A,nao_informado,espacial+frequencia,atencao,sim
S0874,primario,2022,Attention-guided Fine-grained Feature Learning For Robust Face Forgery Detection,2022 26th International Conference on Pattern Recognition (ICPR),face,B,nao_informado,espacial+frequencia,atencao,sim
S0884,primario,2024,Local Region Frequency Guided Dynamic Inconsistency Network for Deepfake Video Detection,Big Data Mining and Analytics,face,A,nao_informado,frequencia+temporal,nao_informado,sim
S0878,primario,2024,Multi-scale Feature Learning with Graph Attention Network for Face Forgery Detection,,face,B,nao_informado,frequencia,nao_informado,sim
S0886,primario,2020,Two-Branch Recurrent Network for Isolating Deepfakes in Videos,IRIS Research product catalog (Sapienza University of Rome),face,A,nao_informado,nao_informado,nao_informado,sim
S0892,primario,2020,"Deepfake Video Detection Based on Spatial, Spectral, and Temporal Inconsistencies Using Multimodal Deep Learning",,face,A,nao_informado,espacial+frequencia+temporal,nao_informado,sim
S0898,primario,2025,GC-ConsFlow: Leveraging Optical Flow Residuals and Global Context for Robust Deepfake Detection,,face,A,nao_informado,espacial+temporal,nao_informado,sim
S0891,primario,2024,Test-time Forgery Detection with Spatial-Frequency Prompt Learning,International Journal of Computer Vision,nao_informado,D,nao_informado,espacial+frequencia,nao_informado,sim
S0903,primario,2025,DEEPFAKE DETECTION USING ADVANCED IMAGE PROCESSING AND MACHINE LEARNING TECHNIQUES FOR CYBERSECURITY,International Journal of Apllied Mathematics,nao_informado,nao_informado,nao_informado,frequencia,nao_informado,sim
S0904,primario,2025,"Deepfake Detection: A Hybrid Approach Integrating EfficientNetB4, Attention Mechanisms, and Vision Transformers",,face,E,nao_informado,espacial+frequencia+textura,nao_informado,sim
S0907,primario,2025,Deepfake Detection using Multi-Stream Convolutional Neural Networks with Attention-based Fusion,,nao_informado,nao_informado,nao_informado,frequencia+ruido,nao_informado,nao
S0908,primario,2025,Interactive dual-branch network based on adversarial knowledge distillation for compressed deepfake detection,The Journal of Supercomputing,face,A,nao_informado,nao_informado,nao_informado,sim
S0919,primario,2024,Deepfake Video Prediction Using Attention-Based CNN and Mel-Frequency Cepstral Coefficients,,face,A,nao_informado,frequencia,nao_informado,sim
S0920,primario,2022,Robustness of Electrical Network Frequency Signals as a Fingerprint for Digital Media Authentication,2022 IEEE 24th International Workshop on Multimedia Signal Processing (MMSP),nao_informado,D,nao_informado,frequencia,nao_informado,sim
S0922,primario,2025,FTA-DFI: a framework for generalizable deepfake detection based on distinctive features from various manipulations compared to genuine images,Applied Intelligence,face,nao_informado,nao_informado,nao_informado,nao_informado,sim
S0921,primario,2025,Frequency forensics for deep fake face detection using dual residual networks,Multimedia Tools and Applications,nao_informado,nao_informado,nao_informado,frequencia,nao_informado,nao
S0915,primario,2025,Dual-stream temporal-spatial forgery detection via phase-consistent edge features and 3D visual state-space modeling,Expert Systems with Applications,nao_informado,A,nao_informado,borda+espacial+temporal,nao_informado,sim
S0927,primario,2026,A Dual-Domain Face Forgery and Deepfake Detection Framework,MEJ Mansoura Engineering Journal,face,A,nao_informado,espacial+frequencia+textura,gate_aprendivel,sim
S0930,primario,2026,DFST: Dual-Stream Frequency-Spatial Transformer for Robust Deepfake Detection,Communications in computer and information science,face,A,nao_informado,espacial+frequencia,nao_informado,sim
S0931,primario,2023,Frequency domain deepfake detection based on two-stream neural network,,face,A,nao_informado,frequencia+temporal,nao_informado,sim
S0936,primario,2025,CAE-Net: Generalized deepfake image detection using convolution and attention mechanisms with spatial and frequency domain features,Journal of Visual Communication and Image Representation,face,B,nao_informado,espacial+frequencia,atencao,sim
S0934,primario,2025,Two-Stream Manipulation Trace Network for Face Forgery Detection,,nao_informado,nao_informado,nao_informado,frequencia,nao_informado,nao
S0939,primario,2026,ER-FusNet: Two-Stream RGB–Frequency with MLP Late Fusion for Deepfake Detection,The Journal of Korean Institute of Information Technology,face,A,nao_informado,espacial+frequencia,atencao,sim
S0940,primario,2026,Deepfake Detection Model Based on Dual-stream Network,,face,A,nao_informado,nao_informado,nao_informado,sim
S0941,primario,2026,DeepFake Detection Method Based on Multi-Scale Dual-Stream Network,DOAJ (DOAJ: Directory of Open Access Journals),nao_informado,nao_informado,nao_informado,frequencia+ruido,nao_informado,nao
S0942,primario,2025,DCT vs. FFT Frequency Features for Compression-Robust Deepfake Detection: A Systematic Comparison,,face,A,nao_informado,espacial+frequencia,nao_informado,sim
S0943,primario,2025,Dual-Stream Deep Learning Architecture for Deepfake Detection Using Spatial and Frequency Domain Analysis,,face,A,nao_informado,espacial+frequencia,nao_informado,sim
S0945,primario,2025,DeepSentinel: Frequency-Spatial Dual-Stream Network with Temporal Consistency Mining for Robust Deepfake Detection,,face,A,nao_informado,espacial+frequencia+temporal,nao_informado,sim
S0946,primario,2026,Face-Obfuscated Deepfake Detection by Learning Spatial and High-Frequency Generative Artifacts,Lecture notes in computer science,face,nao_informado,nao_informado,espacial+frequencia,nao_informado,sim
S0944,primario,2026,HFGA ‐Net: High‐frequency guided attention network for deepfake detection and localization,Journal of Forensic Sciences,face,B,transversal,frequencia,ausente,sim
S0950,primario,2022,A Novel Face Forgery Detection Method Based on Augmented Dual-Stream Networks,,face,A,nao_informado,borda+espacial+ruido,nao_informado,sim
S0951,primario,2022,Three-classification face manipulation detection using attention-based feature decomposition,Computers & Security,face,nao_informado,nao_informado,nao_informado,nao_informado,sim
S0958,primario,2026,MLHFA: Multi-local high-frequency attention and feature aggregation for generalizable deepfake detection,Journal of Visual Communication and Image Representation,face,B,nao_informado,frequencia,ausente,sim
S0963,primario,2025,DDL: Effective and Comprehensible Interpretation Framework for Diverse Deepfake Detectors,IEEE Transactions on Information Forensics and Security,face,D,nao_informado,frequencia,nao_informado,sim
S0960,primario,2026,DSC-Light: A Dual-Stream Complementary Structure for Lightweight Deepfake Detection,IEEE Transactions on Multimedia,face,A,nao_informado,nao_informado,nao_informado,sim
S0955,primario,2026,DualFocusNet: Dual-Stream Spatio-Temporal Transformer for Generalizable Deepfake Detection,ACM Transactions on Multimedia Computing Communications and Applications,face,A,nao_informado,temporal+textura,atencao,sim
S0953,primario,2025,LTRNet: A Dual-Stream Deepfake Detection Model Using KAN Fusion,,face,A,nao_informado,espacial+temporal,nao_informado,sim
S0961,primario,2025,A Dual-Stream CNN-LSTM Framework with ELA Preprocessing for Deepfake Detection,,face,A,entrada_bruta,nao_informado,nao_informado,sim
S0957,primario,2026,Two-Stream Network for Face Forgery Detection Supervised by Single-Center Loss,DOAJ (DOAJ: Directory of Open Access Journals),face,A,nao_informado,espacial+frequencia,atencao,sim
S0964,primario,2023,Harmonizing Dynamic Frequency Analysis with Attention Mechanisms for Efficient Facial Image Authenticity Detection,,face,B,nao_informado,frequencia,ausente,sim
S0965,primario,2026,Artifact-Aware Explainable Deepfake Detection via Fake-Only High-Frequency Alignment Supervision,,face,nao_informado,nao_informado,frequencia,nao_informado,sim
S0966,primario,2022,Protecting World Leader Using Facial Speaking Pattern Against Deepfakes,IEEE Signal Processing Letters,face,A,nao_informado,temporal,nao_informado,sim
S0969,primario,2026,Deepfake Detection using Dual-Stream Learning with Spatial-Temporal and Physiological Features,,face,A,nao_informado,espacial+temporal,nao_informado,sim
S0976,primario,2025,3D-SAF: Face Forgery Detection via Dual-Stream & Dual-Attention & Dual-Feature,,face,A,transversal,nao_informado,atencao,sim
S0981,primario,2026,An optimized dual-stream framework for deepfake detection using advanced detection and classification architectures,Signal Processing Image Communication,face,A,nao_informado,nao_informado,nao_informado,sim
S0935,primario,2024,Multi-domain awareness for compressed deepfake videos detection over social networks guided by common mechanisms between artifacts,Computer Vision and Image Understanding,face,nao_informado,nao_informado,nao_informado,nao_informado,sim
S0979,primario,2024,FETNet: frequency-enhanced transformer network for face forgery detection,,face,A,nao_informado,espacial+frequencia,atencao,sim
S0984,primario,2025,DeepFake detection for highly compressed social media and streaming: Scalability and efficiency evaluation of a High-Frequency Enhancement Network (HFEN),,face,B,nao_informado,frequencia,ausente,sim
S0988,primario,2026,Rethinking in Frequency: Towards Generalization for Deepfake Detection*,,face,nao_informado,nao_informado,frequencia,nao_informado,sim
S0989,primario,2025,A Frequency-Aware Suppression Masking for Generalized Deepfake Detection,,imagem_natural,D,nao_informado,frequencia,nao_informado,sim
S0990,primario,2026,FCL: frequency-based contrastive learning for generalizable face forgery detection,Multimedia Systems,face,nao_informado,nao_informado,frequencia,nao_informado,sim
S0986,primario,2025,Hybrid Frequency-guided Fusion Network for Face Forgery Detection,,face,A,nao_informado,espacial+frequencia,nao_informado,sim
S0926,primario,2026,Spatial‐Frequency Feature Fusion Based Deepfake Detection With Mask Supervision,Expert Systems,face,A,cabeca,espacial+frequencia,concatenacao,sim
S0992,primario,2026,Cross-modal deepfake detection: integrating textual and frequency domains,Journal of Cloud Computing Advances Systems and Applications,face,A,nao_informado,frequencia,nao_informado,sim
S0987,primario,2025,FSSNet: Frequency-Spatial Synergy Network for Universal Deepfake Detection,,imagem_natural,A,nao_informado,espacial+frequencia,atencao,sim
S0993,primario,2026,Frequency-Aware Robustness Analysis of Deepfake Detection Models,Journal on artificial intelligence,face,D,nao_informado,frequencia,nao_informado,sim
S0996,primario,2026,Hybrid-Forensics: A Dual-Stream Deepfake Detection Framework via Spectral-Spatial DenseNet and Temporal ResNeXt-LSTM,,face,A,nao_informado,espacial+frequencia+temporal,nao_informado,sim
S0995,primario,2026,Frequency-Enhanced Localized Artifact Attention Network for Deepfake Detection,Applied and Computational Engineering,face,A,nao_informado,espacial+frequencia,atencao,sim
S0994,primario,2025,Frequency-Aware Deepfake Detection: Transformers vs. CNNs,Lecture notes in computer science,face,nao_informado,nao_informado,frequencia,nao_informado,sim
S0991,primario,2023,Exploring Frequency Attention Learning and Contrastive Learning for Face Forgery Detection,Lecture notes in computer science,face,nao_informado,nao_informado,frequencia,nao_informado,sim
S0997,primario,2023,A facial geometry based detection model for face manipulation using CNN-LSTM architecture,Information Sciences,face,B,nao_informado,nao_informado,nao_informado,sim
S1000,primario,2022,DeFakePro: Decentralized Deepfake Attacks Detection Using ENF Authentication,IT Professional,face,D,nao_informado,frequencia,nao_informado,sim
S1001,primario,2025,Image Low-Frequency Subcomponents Information Enhanced CLIP for Deepfake Face Forgery Detection,,face,A,nao_informado,frequencia,nao_informado,sim
S1004,primario,2026,Deepfake Detection Using Time-Domain and Frequency-Domain Features,Lecture notes in networks and systems,face,nao_informado,nao_informado,frequencia+temporal,nao_informado,sim
S1007,primario,2025,Low Resolution Deepfake Face Detection using Multi-Scale Discrete Cosine Transform and Vision Transformer,,face,B,entrada_bruta,frequencia,ausente,sim
S1009,primario,2026,Towards Sustainable Universal Deepfake Detection with Frequency-Domain Masking,ACM Transactions on Multimedia Computing Communications and Applications,imagem_natural,D,nao_informado,frequencia,nao_informado,sim
S1010,primario,2026,A Hybrid Spatial–Frequency Learning Framework for Medical Deepfake Detection,International Journal of Drug Delivery Technology,medico,nao_informado,nao_informado,espacial+frequencia,nao_informado,sim
S1011,primario,2026,FreqMamba: Spatial–Frequency Fusion and State Space Sequence Modeling for Deepfake Detection,Sensors,nao_informado,nao_informado,nao_informado,frequencia+ruido,nao_informado,nao
S1002,primario,2025,A Frequency Aware Attention Driven Deepfake Detection Framework Using YOLOv8,,face,B,nao_informado,espacial+frequencia,atencao,sim
S1017,primario,2026,YOLODF: YOLO-Based Spatial-Frequency Interaction Mining for General Deepfake Detection,Lecture notes in computer science,face,nao_informado,nao_informado,espacial+frequencia,nao_informado,sim
S1018,primario,2026,Generalization in Deepfake Detection:,Revista de Informática Teórica e Aplicada,nao_informado,nao_informado,nao_informado,frequencia,nao_informado,nao
S0929,primario,2025,SpectralFusionNet: Adaptive Frequency-Spatial Feature Fusion for Robust Deepfake Detection,,face,A,nao_informado,espacial+frequencia,atencao,sim
S1008,primario,2026,Generalizable Deepfake Detection via Frequency-Domain Enhancement and Feature Disentanglement,AI,face,A,nao_informado,frequencia,nao_informado,sim
S1022,primario,2026,An Analysis of the Impact of Frequency-Domain Analysis on rPPG-Based Deepfake Detection,Journal of Korean institute of intelligent systems,nao_informado,nao_informado,nao_informado,frequencia,nao_informado,nao
S1025,primario,2026,UAFD: Unified Adaptive Frequency-Domain Detector for Generalizable Deepfake Detection,,nao_informado,nao_informado,nao_informado,frequencia,nao_informado,nao
S1024,primario,2026,Frequency-Aware Semantic Fusion for Multi-Task Deepfake Detection and Localization,,nao_informado,nao_informado,nao_informado,frequencia,nao_informado,nao
S1028,primario,2025,Enhancing Generalization in Deepfake Detection via Frequency and Gradient Representation Fusion,,nao_informado,nao_informado,nao_informado,frequencia,nao_informado,nao
S1027,primario,2026,A dual-domain spatio-temporal and frequency framework for robust deepfake detection,Scientific Reports,nao_informado,nao_informado,nao_informado,frequencia,nao_informado,nao
S1014,primario,2026,A hybrid spatial–frequency attention-based algorithm using efficientnet for robust and interpretable deepfake detection,Scientific Reports,face,B,entrada_bruta,espacial+frequencia,canais_entrada,sim
S0932,primario,2025,A Generalizable Deepfake Detection Method Based on Local Spatial-Frequency Feature Fusion,,imagem_natural,B,entrada_bruta,frequencia,ausente,sim
S1013,primario,2026,Deepfake detection method based on complementary enhancement of spatial-frequency domain features,Multimedia Systems,face,nao_informado,nao_informado,espacial+frequencia,nao_informado,sim
S1023,primario,2025,Frequency-Enhanced Multi-Modal Consistency Learning for Audio-Visual Deepfake Detection,,nao_informado,nao_informado,nao_informado,frequencia,nao_informado,nao
S1038,primario,2026,Enhancing Face Forgery Detection with Multi-Subset Ensemble Models and Spatial-Frequency Cross Attention,,nao_informado,nao_informado,nao_informado,frequencia,nao_informado,nao
S1033,primario,2026,SpectraGuard: Provably-Private Deepfake Detection with Learnable Frequency-Domain Differential Privacy,IEEE Transactions on Circuits and Systems for Video Technology,nao_informado,nao_informado,nao_informado,frequencia,nao_informado,nao
S1037,primario,2026,"Attention-Based Multimodal Deepfake Detection Using Spatial, Frequency and Audio Features",,nao_informado,nao_informado,nao_informado,frequencia,nao_informado,nao
S1040,primario,2025,Representation Alignment For Deepfake Detection,,nao_informado,nao_informado,nao_informado,frequencia,nao_informado,nao
S1034,primario,2026,Adaptive Fusion of Spatial and Frequency Features For Robust Deepfake Detection Under Compression,,nao_informado,nao_informado,nao_informado,frequencia,nao_informado,nao
S1036,primario,2026,ReCLIP-SFD: Refining CLIP with Spatial-Frequency Debiasing for Generalizable Deepfake Detection,IEEE Transactions on Circuits and Systems for Video Technology,nao_informado,nao_informado,nao_informado,frequencia,nao_informado,nao
S1041,primario,2026,Deepfake Detection By using Watermark,International Journal for Research in Applied Science and Engineering Technology,nao_informado,nao_informado,nao_informado,frequencia,nao_informado,nao
S1039,primario,2026,A lightweight dual-branch spatial-frequency framework for joint deepfake detection and localization,Computer Vision and Image Understanding,nao_informado,nao_informado,nao_informado,frequencia,nao_informado,nao
S1044,primario,2023,High-compressed deepfake video detection with contrastive spatiotemporal distillation,Neurocomputing,nao_informado,nao_informado,nao_informado,nao_informado,nao_informado,nao
S1043,primario,2023,Deep Learning Methods to Detect Image Falsification,Applied Sciences,nao_informado,nao_informado,nao_informado,nao_informado,nao_informado,nao
S1042,primario,2026,Dual-Domain Transformer-Based Video Deepfake Detection,Journal of Innovation Information Technology and Application (JINITA),nao_informado,nao_informado,nao_informado,frequencia,nao_informado,nao
S1031,primario,2025,Multimodal Consistency-Driven Deepfake Detection,Lecture notes in computer science,nao_informado,nao_informado,nao_informado,nao_informado,nao_informado,nao
S1054,primario,2026,A lightweight hybrid face forgery detector with explicit geometric constraints,IET conference proceedings.,nao_informado,nao_informado,nao_informado,frequencia,nao_informado,nao
V0003,primario,2026,FAS-MSSA: Frequency-Aware Sampling with Multi-Scale Spectral Attention for Video Face Forgery Detection,,nao_informado,nao_informado,nao_informado,frequencia,nao_informado,nao
S1056,primario,2021,Thinking in Patch: Towards Generalizable Forgery Detection with Patch Transformation,Lecture notes in computer science,nao_informado,nao_informado,nao_informado,nao_informado,nao_informado,nao
S1052,primario,2026,Complementary features of multi-scale frequency domain aggregation and spatial reconstruction for deepfake detection,Image and Vision Computing,nao_informado,nao_informado,nao_informado,frequencia,nao_informado,nao
S1057,primario,2025,Wavelet-Based Self-image Blending for More General Face Forgery Detection,Lecture notes in computer science,nao_informado,nao_informado,nao_informado,frequencia,nao_informado,nao
S1051,primario,2026,Supervised Anomaly Detection for Generalized Deepfake Detection,IEEE Signal Processing Letters,nao_informado,nao_informado,nao_informado,frequencia,nao_informado,nao
S1053,primario,2026,TAFSNet: A Type-Aware Low-Frequency Semantic Consistency Network for Robust Deepfake Detection,,nao_informado,nao_informado,nao_informado,frequencia,nao_informado,nao
S1059,primario,2025,Cognitive Inspired Generalization Boosting for Face Forgery Detection,,nao_informado,nao_informado,nao_informado,frequencia,nao_informado,nao
S1062,primario,2026,Superficial Texture Suppression Network for Generalized Deepfake Detection,,nao_informado,nao_informado,nao_informado,frequencia+ruido,nao_informado,nao
S1047,primario,2025,Deepfake detection based on Spatio-Temporal Fusion,,nao_informado,nao_informado,nao_informado,frequencia,nao_informado,nao
S1068,primario,2026,Kol-3-Freq: Frequency-Aware Video Deepfake Detection Using Kolmogorov-Arnold Networks,IEEE Transactions on Biometrics Behavior and Identity Science,nao_informado,nao_informado,nao_informado,frequencia,nao_informado,nao
S1069,primario,2026,Quad-Stream Deepfake Detection: Combining Spatial and Frequency Domain Analysis for Robust Video Authentication,,nao_informado,nao_informado,nao_informado,frequencia,nao_informado,nao
S1067,primario,2026,HMSDD: Hybrid Multi-Scale Deepfake Detection through Self-Supervised Learning and Frequency Analysis,,nao_informado,nao_informado,nao_informado,frequencia,nao_informado,nao
S1066,primario,2026,HDST-CAF: Adaptive CNN Transformer Frequency Fusion for Deepfake Detection Under Visual Degradation,International Journal of Advanced Computer Science and Applications,nao_informado,nao_informado,nao_informado,frequencia+ruido,nao_informado,nao
S1072,primario,2023,Cross-Domain Local Characteristic Enhanced Deepfake Video Detection,Lecture notes in computer science,nao_informado,nao_informado,nao_informado,nao_informado,nao_informado,nao
S0949,primario,2025,Multi-Scale Spatial-Frequency Features Representation and Learnable Cross Modal Feature Fusion in DeepFake Detection,,face,A,nao_informado,espacial+frequencia,gate_aprendivel,sim
S1076,primario,2023,Where to Focus: Central Attention-Based Face Forgery Detection,Lecture notes in computer science,nao_informado,nao_informado,nao_informado,nao_informado,nao_informado,nao
S1079,primario,2026,Robust wavelet-domain face forgery detection with complementary evidence mining,Information Sciences,nao_informado,nao_informado,nao_informado,frequencia,nao_informado,nao
S1064,primario,2024,Hierarchical Discrepancy-Aware Interaction Network for Face Forgery Detection,Lecture notes in computer science,nao_informado,nao_informado,nao_informado,nao_informado,nao_informado,nao
S1081,primario,2024,Ldsfnet: lightweight dynamic selection fusion network for face forgery detection,Signal Image and Video Processing,nao_informado,nao_informado,nao_informado,nao_informado,nao_informado,nao
S1075,primario,2026,Learning phase congruency representations for generalizable deepfake detection,Machine Learning with Applications,nao_informado,nao_informado,nao_informado,frequencia,nao_informado,nao
S0938,primario,2026,A Hybrid Feature Fusion Approach for Cross-Quality Deepfake Detection – F2CV,International Research Journal of Multidisciplinary Scope,face,A,nao_informado,espacial+frequencia+temporal,atencao,sim
S1078,primario,2026,FRLD-DF: Frequency Ring-Guided LoRA Adaptation of DINOv2 Vision Transformer for Generalizable Deepfake Detection,,nao_informado,nao_informado,nao_informado,frequencia,nao_informado,nao
S1080,primario,2025,Face Deepfake Detection Based on Spatial-Frequency Attention Fusion and Multi-scale Local Feature Extraction,,nao_informado,nao_informado,nao_informado,frequencia,nao_informado,nao
S1084,primario,2026,SF-DADHNet: Spatial-Frequency Fusion with Domain-Aware Dual-Head Network for Generalized Deepfake Detection,,nao_informado,nao_informado,nao_informado,frequencia,nao_informado,nao
S0933,primario,2026,Deepfake Detection Based on Multimodal Feature Fusion,"Smart innovation, systems and technologies",face,nao_informado,nao_informado,nao_informado,nao_informado,sim
S1091,primario,2026,Dual-Tree Complex Wavelet Driven Hierarchical Spatial-Frequency Fusion Learning for Robust Deepfake Detection,IEEE Transactions on Dependable and Secure Computing,nao_informado,nao_informado,nao_informado,frequencia,nao_informado,nao
S1063,primario,2026,"Multi-Stream Fusion of Spatial, Frequency, and Attention Features for Robust Deepfake Detection in Low-Resolution Images",Proceedings of the ... International Florida Artificial Intelligence Research Society Conference,nao_informado,nao_informado,nao_informado,frequencia+ruido,nao_informado,nao
S1087,primario,2026,DeFakeGuard: An Adaptive API for Comprehensive Deepfake Detection,INTERANTIONAL JOURNAL OF SCIENTIFIC RESEARCH IN ENGINEERING AND MANAGEMENT,nao_informado,nao_informado,nao_informado,frequencia,nao_informado,nao
S1083,primario,2026,FakeVision: A Vision Transformer Framework for Deepfake Detection,,nao_informado,nao_informado,nao_informado,frequencia,nao_informado,nao
S1089,primario,2025,Lightweight Deepfake Detection Application Using SFTNet,,nao_informado,nao_informado,nao_informado,frequencia,nao_informado,nao
S1094,primario,2024,Deepfakes Detection Using Human Eye Blinking,International Journal for Research in Engineering Application & Management,nao_informado,nao_informado,nao_informado,frequencia,nao_informado,nao
S1101,primario,2026,Federated Learning-Driven Face Forgery Detection via Rich Feature Complementary Fusion,IEEE Transactions on Computational Social Systems,nao_informado,nao_informado,nao_informado,frequencia+ruido,nao_informado,nao
S1108,primario,2025,Face Forgery Detection Attack via Hybrid Perturbation with Dual Mask,,nao_informado,nao_informado,nao_informado,frequencia,nao_informado,nao
S1082,primario,2026,Dynamic disentanglement: A contrastive causal framework for deepfake detection,Computer Vision and Image Understanding,nao_informado,nao_informado,nao_informado,nao_informado,nao_informado,nao
S1106,primario,2026,HFVideoSwin: High-Frequency Spatio-Temporal Features for More Generalizable Deepfake Video Detection,Lecture notes in computer science,nao_informado,nao_informado,nao_informado,frequencia,nao_informado,nao
S1107,primario,2026,LGF-Net: a spatial-frequency deepfake detection network with learnable gabor filters and gated cross-modal Fusion,Discover Computing,nao_informado,nao_informado,nao_informado,frequencia,nao_informado,nao
S1112,primario,2026,CS17 - An Efficient Deep Learning Approach for Deepfake Detection,Scholar Commons (University of South Carolina),nao_informado,nao_informado,nao_informado,frequencia,nao_informado,nao
S1122,primario,2026,FSBI++: Improving Deepfake Detection with a Hybrid CNN-ViT Model,International Journal of Applied Engineering Research,nao_informado,nao_informado,nao_informado,frequencia,nao_informado,nao
S1123,primario,2026,Open Set Face Forgery Detection via Dual-Level Evidence Collection,,nao_informado,nao_informado,nao_informado,frequencia,nao_informado,nao
S1125,primario,2026,Fair face forgery detection via cross-domain decoupling and entropy-adaptive enhancement,Pattern Recognition,nao_informado,nao_informado,nao_informado,nao_informado,nao_informado,nao
S1126,primario,2026,Deepfake Detection System Using Hybrid CNN–VIT Architecture,International Journal of Latest Technology in Engineering Management & Applied Science,nao_informado,nao_informado,nao_informado,frequencia,nao_informado,nao
S1132,primario,2026,Enhancing Visual Multimedia Authenticity with Lightweight-DNN for Deepfake Detection,Lecture notes in networks and systems,nao_informado,nao_informado,nao_informado,nao_informado,nao_informado,nao
S1128,primario,2026,DeepFake Detective: A Streamlined Solution for Deepfake Detection & Face Swapping,International Journal for Research in Applied Science and Engineering Technology,nao_informado,nao_informado,nao_informado,frequencia,nao_informado,nao
S1137,primario,2026,Lightweight Multi-Modal AI Framework for Face-Swap Deepfake Detection,Zenodo (CERN European Organization for Nuclear Research),nao_informado,nao_informado,nao_informado,frequencia,nao_informado,nao
S1136,primario,2026,Deepfake Detection Using a Hybrid Physiofreqformer Framework with Transfer Learning,,nao_informado,nao_informado,nao_informado,frequencia,nao_informado,nao
S1141,primario,2025,Lightweight Deepfake Detection for Real-World Augmented Images in Social Media,,nao_informado,nao_informado,nao_informado,ruido,nao_informado,nao
S1147,primario,2025,Wavelet Vision Transformer with Self-Supervised Learning for Improved Deepfake Detection,Journal of the Japan Society for Precision Engineering,nao_informado,nao_informado,nao_informado,frequencia,nao_informado,nao
S1149,primario,2026,Patch-Based Reconstruction and Multimodal Residual Learning for Generalized Deepfake Detection,,nao_informado,nao_informado,nao_informado,frequencia,nao_informado,nao
S1145,primario,2026,Hybrid Deep Learning Technique-Based Deepfake Detection and Multimedia Forensics,Zenodo (CERN European Organization for Nuclear Research),nao_informado,nao_informado,nao_informado,borda,nao_informado,nao
S1151,primario,2026,DEEPSHIELD: A Multimodal Deep Learning Model for Audio-Visual Deepfake Detection,,nao_informado,nao_informado,nao_informado,nao_informado,nao_informado,nao
S1152,primario,2025,EDFM: An enhanced dual-branch fusion model for face deepfake detection,Journal of Applied and Numerical Optimization,nao_informado,nao_informado,nao_informado,frequencia+ruido,nao_informado,nao
S1155,primario,2025,Federated learning-based cross-domain face forgery detection for consumer IOT systems,,nao_informado,nao_informado,nao_informado,frequencia,nao_informado,nao
S1156,primario,2026,DeepFake Detection System: A Comparative CNN Framework with Score-Level Fusion,Lecture notes in networks and systems,nao_informado,nao_informado,nao_informado,nao_informado,nao_informado,nao
S1158,primario,2025,Attention-Based Early and Late Fusion of Audio Visual for Deepfake Detection,Communications in computer and information science,nao_informado,nao_informado,nao_informado,nao_informado,nao_informado,nao
S1117,primario,2025,Full-defense framework: multi-level deepfake detection and source tracing,Frontiers of Information Technology & Electronic Engineering,nao_informado,nao_informado,nao_informado,frequencia,nao_informado,nao
S1157,primario,2026,X-Temporal Transformer: Spatio-Spectral Fusion for Robust Deepfake Detection,Information systems engineering and management,nao_informado,nao_informado,nao_informado,frequencia,nao_informado,nao
S1154,primario,2026,Preserving Knowledge Across Space and Time for Continual Video Deepfake Detection,Lecture notes in computer science,nao_informado,nao_informado,nao_informado,nao_informado,nao_informado,nao
S1163,primario,2026,Cascaded Cross-Attention Vision Transformers with Wavelet-Based Encodings for DeepFake Detection,International Journal of Computer Vision,nao_informado,nao_informado,nao_informado,frequencia,nao_informado,nao
S1166,primario,2026,Wavelet-based features to improve cross-forgery generalization in deepfake detection,Frontiers in Imaging,nao_informado,nao_informado,nao_informado,frequencia,nao_informado,nao
S1165,primario,2025,Diverse Information Aggregation with Adaptive Graph Construction and prompts for deepfake detection,Image and Vision Computing,nao_informado,nao_informado,nao_informado,nao_informado,nao_informado,nao
S1172,primario,2026,Adasa: Cross-Domain Deepfake Detection Using Multi-Stream Multimodal Fusion,,nao_informado,nao_informado,nao_informado,frequencia,nao_informado,nao
S1167,primario,2026,GTCP: A General Traces Compensation Purifier for Enhancing the Adversarial Robustness of Deepfake Detection,Machine Intelligence Research,nao_informado,nao_informado,nao_informado,nao_informado,nao_informado,nao
S1170,primario,2026,Dual-branch Meso-Xception network for hybrid-domain feature of deepfake detection,Information Sciences,nao_informado,nao_informado,nao_informado,nao_informado,nao_informado,nao
S1176,primario,2026,Color Beyond Vision: Multi-Color Dual-Domain Fusion for Robust Deepfake Detection,,nao_informado,nao_informado,nao_informado,frequencia,nao_informado,nao
S1177,primario,2026,Robust Deepfake Detection Through GAN Fingerprint Extraction and Spatiotemporal Consistency Analysis,,nao_informado,nao_informado,nao_informado,frequencia,nao_informado,nao
S1179,primario,2026,SF-ViT: Harnessing Complementary Spatial and Spectral Representations for Robust Deepfake Detection,Journal of Intelligent Decision Making and Information Science,nao_informado,nao_informado,nao_informado,frequencia,nao_informado,nao
S1180,primario,2025,FFRNet: Exploring Forgery Cues Via Adaptive Feature Scaling for Deepfake Detection,,nao_informado,nao_informado,nao_informado,frequencia,nao_informado,nao
S1185,primario,2025,Adaptive Inter-Modality Attention for Enhanced Cross-Domain Deepfake Detection Transferability,,nao_informado,nao_informado,nao_informado,frequencia,nao_informado,nao
S1190,primario,2026,Robust Deepfake Detection Using STFT Based Phase Features of Physiological Signals,Lecture notes in computer science,nao_informado,nao_informado,nao_informado,nao_informado,nao_informado,nao
S1182,primario,2026,Beyond Single-Corpus Leaderboards: Controlled Cross-Corpus Evaluation of Frequency-Gated and Multi-Scale Cross-Attention Networks for Image Deepfake Detection,International Journal of Computer Information Systems and Industrial Management Applications,nao_informado,nao_informado,nao_informado,frequencia,nao_informado,nao
S1196,primario,2025,LIP-SYNC-Based Voice Deepfake Detection Using Multi-Modal Transformer,,nao_informado,nao_informado,nao_informado,frequencia,nao_informado,nao
S1201,primario,2025,Lightweight and Accurate: Deepfake Detection using Binary Neural Networks and Vision Transformer,,nao_informado,nao_informado,nao_informado,frequencia,nao_informado,nao
V0004,primario,2026,M3D-net: Multi-modal 3D facial feature reconstruction network for deepfake detection,Applied Soft Computing,nao_informado,nao_informado,nao_informado,nao_informado,nao_informado,nao
S1198,primario,2025,Unmasking the Illusion: An AI and ML Driven Approach to Face Swap Deepfake Detection,International Journal for Research in Applied Science and Engineering Technology,nao_informado,nao_informado,nao_informado,frequencia,nao_informado,nao
S1195,primario,2026,"A Hybrid Forensic Investigation Framework: Mobile Malware, Memory Threats, and Deepfake Detection",Communications in computer and information science,nao_informado,nao_informado,nao_informado,nao_informado,nao_informado,nao
S1209,primario,2026,Hybrid Audio-Visual Deepfake Detection for Secure Biometric Authentication in Digital Banking Ecosystems.,International Research Journal of Modernization in Engineering Technology and Science,nao_informado,nao_informado,nao_informado,frequencia,nao_informado,nao
S1090,primario,2023,A novel forgery classification method based on multi‐scale feature capsule network in mobile edge computing,Software Practice and Experience,nao_informado,nao_informado,nao_informado,frequencia,nao_informado,nao
S1215,primario,2026,MAPF-Lite: A Parameter-Efficient Multi-modal Framework for High-Fidelity Deepfake Detection,Lecture notes in computer science,nao_informado,nao_informado,nao_informado,nao_informado,nao_informado,nao
S0983,primario,2026,AFFD-NET: ATTENTION-BASED MULTI-STREAM FEATURE FUSION NETWORK TO ROBUST CROSS-DATASET OVERVIEW OF DEEPFAKE DETECTION,Journal of Tianjin University Science and Technology,face,A,nao_informado,espacial+frequencia+textura,gate_aprendivel,sim
S1216,primario,2026,★ Award Winner ★ CS17 - An Efficient Deep Learning Approach for Deepfake Detection,Scholar Commons (University of South Carolina),nao_informado,nao_informado,nao_informado,frequencia,nao_informado,nao
S1219,primario,2025,"A Multimodal Deep Learning Framework for Real-Time Deepfake Detection in Images, Videos, and Audio",,nao_informado,nao_informado,nao_informado,frequencia,nao_informado,nao
S1217,primario,2026,Frame Selection Strategies for Video Deepfake Detection: Benchmarking Accuracy and Runtime Trade-Offs,Applied Sciences,nao_informado,nao_informado,nao_informado,frequencia,nao_informado,nao
S1220,primario,2026,Towards robust deepfake detection with adversarial contour reinforcement and cross-domain semantic fusion,Image and Vision Computing,nao_informado,nao_informado,nao_informado,borda,nao_informado,nao
S0973,primario,2026,"Multi Model Deepfake Detection System Using Audio, Video and Image Feature Fusion",INTERNATIONAL JOURNAL OF NOVEL TRENDS AND INNOVATION,face,A,cabeca,frequencia,nao_informado,sim
S1222,primario,2025,Generalizable and Interpretable Deepfake Detection via Multi-Scale Vector Transformer Fusion Network,Journal of Advanced Research and Innovation,nao_informado,nao_informado,nao_informado,frequencia,nao_informado,nao
S1223,primario,2025,Defendai Security Suite – An Ai-Powered Deepfake Detection And Anti-Ai Poisoning Framework,International Journal of Research Publication and Reviews,nao_informado,nao_informado,nao_informado,frequencia,nao_informado,nao
S1153,primario,2026,Wtmsa-net: Wavelet transform-based multi-stage attention network for deepfake detection,Pattern Analysis and Applications,nao_informado,nao_informado,nao_informado,frequencia,nao_informado,nao
S1226,primario,2025,Video-Centric Deepfake Detection: Leveraging Audio and Spatio-Temporal Features for Improved Accuracy,,nao_informado,nao_informado,nao_informado,frequencia,nao_informado,nao
S1232,primario,2026,VATS: Visual–Audio Multitask Transformer With Specialty Audio Encoder for Multimodal Deepfake Detection in CPSS,IEEE Transactions on Computational Social Systems,nao_informado,nao_informado,nao_informado,nao_informado,nao_informado,nao
S1231,primario,2026,Real-Time Spatio-Temporal Deepfake Detection for Live Biometric Authentication via EfficientNet-GRU,Journal of Intelligent Decision Making and Information Science,nao_informado,nao_informado,nao_informado,nao_informado,nao_informado,nao
S1239,primario,2026,DeepTrust: A Hybrid Transformer-CNN Model for DeepFake Detection With Zero-Knowledge-Based Blockchain Authentication,Journal of Advanced College of Engineering and Management,nao_informado,nao_informado,nao_informado,frequencia,nao_informado,nao
S1238,primario,2025,Universal Deepfake Detection Across Various Image Generators Based on Data from Diffusion Models,Lecture notes in computer science,nao_informado,nao_informado,nao_informado,nao_informado,nao_informado,nao
S1241,primario,2026,Hybrid deep feature integration model for robust deepfake detection using transfer-learned neural networks,Frontiers in Artificial Intelligence,nao_informado,nao_informado,nao_informado,frequencia,nao_informado,nao
V0006,primario,2026,MDFF-Net++: A Compression-Aware Multimodal Deepfake Detection Framework for Real-Time Social-Media Streams,Lecture notes in networks and systems,nao_informado,nao_informado,nao_informado,nao_informado,nao_informado,nao
S1248,primario,2026,SPARK-IL: Spectral Retrieval-Augmented RAG for Knowledge-Driven Deepfake Detection via Incremental Learning,Lecture notes in computer science,nao_informado,nao_informado,nao_informado,frequencia,nao_informado,nao
S1251,primario,2026,CMAS: A Cross-Modal Attribution Score for Modality-Level Explanation Evaluation in Audio-Visual Deepfake Detection,Zenodo (CERN European Organization for Nuclear Research),nao_informado,nao_informado,nao_informado,frequencia,nao_informado,nao
V0007,primario,2026,SWIM-Conv-FFT: A Dual-Domain Hybrid Framework for Robust Deepfake Detection Across Social Media Platforms,Communications in computer and information science,nao_informado,nao_informado,nao_informado,nao_informado,nao_informado,nao
S1245,primario,2025,CAL-Net: a continual adaptive learning network for deepfake detection using multi-track fusion and domain adaptation,Engineering Research Express,nao_informado,nao_informado,nao_informado,frequencia,nao_informado,nao
S1246,primario,2025,FusionNeXt-DF: A Hybrid ConvNeXt-ResNeXt Framework for Robust Deepfake Detection on Cross-Platform Social Media Data,,nao_informado,nao_informado,nao_informado,frequencia,nao_informado,nao
S1257,primario,2025,Proposing A Two-Stream Deepfake Video Detection Algorithm Based on EfficientNet and Visual Transformer,Journal of Korea Multimedia Society,nao_informado,nao_informado,nao_informado,nao_informado,nao_informado,nao
S1262,primario,2026,Deepfake detection method guided by dual-entropy uncertainty based on Gabor dual-domain features and channel-spatial correlation attention,Journal of Electronic Imaging,nao_informado,nao_informado,nao_informado,frequencia,nao_informado,nao
S1263,primario,2023,EfficientNet-based multi-dimensional network optimization for Deepfake video detection,,nao_informado,nao_informado,nao_informado,frequencia,nao_informado,nao
S1265,primario,2026,DeepLayer-ID: A Lightweight Multi-Domain Forensic Framework for Real-Time Deepfake Detection in Resource-Constrained UAV Sensor Platforms,Sensors,nao_informado,nao_informado,nao_informado,frequencia+ruido,nao_informado,nao
S1264,primario,2024,Statistics-Aware Audio-Visual Deepfake Detector,,nao_informado,nao_informado,nao_informado,frequencia,nao_informado,nao
S1267,primario,2024,Detecting low-resolution deepfakes: an exploration of machine learning techniques,Multimedia Tools and Applications,nao_informado,nao_informado,nao_informado,nao_informado,nao_informado,nao
S1266,primario,2024,Diffusion Models as a Representation Learner for Deepfake Image Detection,Lecture notes in computer science,nao_informado,nao_informado,nao_informado,nao_informado,nao_informado,nao
S1268,primario,2024,Rethinking Open-World DeepFake Attribution with Multi-perspective Sensory Learning,International Journal of Computer Vision,nao_informado,nao_informado,nao_informado,nao_informado,nao_informado,nao
S1269,primario,2026,"Deep Guard AV: Audio-Visual Deepfake Detection Framework Using Hybrid Audio Learning, CNN-LSTM Video Analysis, and Automated Transcript Logging",International Journal of Innovative Research in Engineering,nao_informado,nao_informado,nao_informado,nao_informado,nao_informado,nao
S1270,primario,2025,WaveConViT: Wavelet-Based Convolutional Vision Transformer for Cross-Manipulation Deepfake Video Detection,Lecture notes in computer science,nao_informado,nao_informado,nao_informado,frequencia,nao_informado,nao
S1271,primario,2024,Analyzing temporal coherence for deepfake video detection,Electronic Research Archive,nao_informado,nao_informado,nao_informado,frequencia,nao_informado,nao
S1249,primario,2025,A Dual-Branch CNN for Robust Detection of AI-Generated Facial Forgeries,,nao_informado,nao_informado,nao_informado,frequencia,nao_informado,nao
S1274,primario,2023,Diffusion-Generated Fake Face Detection by Exploring Wavelet Domain Forgery Clues,,nao_informado,nao_informado,nao_informado,frequencia,nao_informado,nao
S1275,primario,2025,Detecting anti-forensic deepfakes with identity-aware multi-branch networks,Frontiers in Big Data,nao_informado,nao_informado,nao_informado,frequencia,nao_informado,nao
S1276,primario,2025,Multi-Cue Fusion for Forgery Detection: a Spatial-Frequency and Chromatic Approach,,nao_informado,nao_informado,nao_informado,frequencia,nao_informado,nao
S1280,primario,2023,Visual Explanations for Exposing Potential Inconsistency of Deepfakes,Lecture notes in computer science,nao_informado,nao_informado,nao_informado,nao_informado,nao_informado,nao
S1279,primario,2026,Forged Image Detecting System Based on Frequency Domain Analysis,Lecture notes in computer science,nao_informado,nao_informado,nao_informado,frequencia,nao_informado,nao
S1282,primario,2025,FALCON: Frequency-Aware Lightweight Convolutional Optimized Network,,nao_informado,nao_informado,nao_informado,frequencia,nao_informado,nao
S1283,primario,2025,Exposing Audio-Visual Forgeries in Frequency Domain,Lecture notes in computer science,nao_informado,nao_informado,nao_informado,frequencia,nao_informado,nao
S1285,primario,2023,WPCA: Wavelet Packets with Channel Attention for Detecting Face Manipulation,,nao_informado,nao_informado,nao_informado,frequencia,nao_informado,nao
S1288,primario,2025,A gated temporal attention based intra prediction framework for robust deepfake video detection,Scientific Reports,nao_informado,nao_informado,nao_informado,nao_informado,nao_informado,nao
S1289,primario,2025,A Hybrid Approach for Deepfake Image Detection with Frequency Analysis and Biological Analysis,,nao_informado,nao_informado,nao_informado,frequencia,nao_informado,nao
S1291,primario,2025,Facial Forgery Detection Based on Mask and Frequency Diffusion Reconstruction,IET Computer Vision,nao_informado,nao_informado,nao_informado,frequencia,nao_informado,nao
S1292,primario,2025,Combating Deepfake Threats Using X-FACTS Explainable CNN Framework for Enhanced Detection and Cybersecurity Resilience,Advances in Artificial Intelligence and Robotics Research,nao_informado,nao_informado,nao_informado,frequencia,nao_informado,nao
S1296,primario,2022,Deep Fake Face Detection Using Long Short-Term Memory with Deep Learning Approach,Journal of Image Processing and Intelligent Remote Sensing,nao_informado,nao_informado,nao_informado,frequencia,nao_informado,nao
S1297,primario,2026,Multi-scale Spatial Frequency Interaction Variance Perception Model for Deepfake Face Detection,Journal of Visual Communication and Image Representation,nao_informado,nao_informado,nao_informado,frequencia,nao_informado,nao
S1301,primario,2025,GenPure: Foundation-Model-Guided Multi-Stage Purification Framework for Black-Box Evasion of Deepfake Detectors,IEEE Access,nao_informado,nao_informado,nao_informado,frequencia,nao_informado,nao
S1302,primario,2026,"A Multi-Stream Model for Deepfake Face Detection Using Spatial, Frequency And Temporal Analysis",Zenodo (CERN European Organization for Nuclear Research),nao_informado,nao_informado,nao_informado,frequencia,nao_informado,nao
S1303,primario,2025,Deepfake Image Detection with Vision Backbones vs. SoTA Detectors: The Role of Frequency Representations,,nao_informado,nao_informado,nao_informado,frequencia,nao_informado,nao
S1304,primario,2025,Frequency-Aware Adapter with Cross-Modal Attention for Audio-Visual Forgery Temporal Localization,,nao_informado,nao_informado,nao_informado,frequencia,nao_informado,nao
S1306,primario,2026,FRAN: Multi-scale Frequency–Spatial Residual Attention Network for General-Purpose AIGC Image Detection,Communications in computer and information science,nao_informado,nao_informado,nao_informado,frequencia,nao_informado,nao
S1311,primario,2025,Deepfake Content Detection using Deep Learning Techniques,,nao_informado,nao_informado,nao_informado,frequencia,nao_informado,nao
S1309,primario,2024,A method for detecting deepfake faces by integrating multi-scale deep-shallow spatial and frequency features,,nao_informado,nao_informado,nao_informado,frequencia+ruido,nao_informado,nao
S1312,primario,2026,FSDNet: A Frequency-Spatial Dual Feature Extraction Network for Efficient and Generalizable Deepfake Facial Detection,,nao_informado,nao_informado,nao_informado,frequencia,nao_informado,nao
S1315,primario,2025,Within 3DMM Space: Exploring Inherent 3D Artifact for Video Forgery Detection,IEEE Transactions on Information Forensics and Security,nao_informado,nao_informado,nao_informado,frequencia,nao_informado,nao
S1320,primario,2026,HARD-Xception,DOAJ (DOAJ: Directory of Open Access Journals),nao_informado,nao_informado,nao_informado,frequencia,nao_informado,nao
S1323,primario,2025,Deep Fake Detection Using Hybrid Neural Network,,nao_informado,nao_informado,nao_informado,frequencia,nao_informado,nao
S1324,primario,2026,A Reliable and Accurate Face Swap Deepfake video Detection using Multi - Model AI/ML system,,nao_informado,nao_informado,nao_informado,nao_informado,nao_informado,nao
S1325,primario,2025,Deep Forgery Detection Based on Staged Differential Feature Enhancement,Communications in computer and information science,nao_informado,nao_informado,nao_informado,nao_informado,nao_informado,nao
S1322,primario,2025,EFIMD-Net: Enhanced Feature Interaction and Multi-Domain Fusion Deep Forgery Detection Network,Journal of Imaging,nao_informado,nao_informado,nao_informado,frequencia+ruido,nao_informado,nao
S1336,primario,2026,FreqSeqNet: Dual-Domain Modeling for Sequential Face Manipulation Order Detection,Lecture notes in computer science,nao_informado,nao_informado,nao_informado,nao_informado,nao_informado,nao
S1337,primario,2025,Deepfake Image Detection: A Universal Approach via Vision-Language Models,,nao_informado,nao_informado,nao_informado,frequencia,nao_informado,nao
S1339,primario,2026,"Explainable Deepfake Video Detection Using Visual, Temporal, Physiological, and Audio-Visual Cues",,nao_informado,nao_informado,nao_informado,nao_informado,nao_informado,nao
S1341,primario,2026,Does data augmentation help or hinder the generalization of deepfake video detection?,Multimedia Tools and Applications,nao_informado,nao_informado,nao_informado,nao_informado,nao_informado,nao
S1342,primario,2023,Detection of Photoplethysmography Manipulation in Video Forgery,,nao_informado,nao_informado,nao_informado,nao_informado,nao_informado,nao
S1343,primario,2026,Deepfake Forensics Tool: AI-Driven Multi-Modal Media Authentication with Forensic Evidence Reporting,INTERANTIONAL JOURNAL OF SCIENTIFIC RESEARCH IN ENGINEERING AND MANAGEMENT,nao_informado,nao_informado,nao_informado,frequencia,nao_informado,nao
S1351,primario,2026,AI Generated Media Classification Using Deep Learning,International Journal for Research in Applied Science and Engineering Technology,nao_informado,nao_informado,nao_informado,frequencia,nao_informado,nao
S1353,primario,2026,Bid-Swires and Deep-AttCTrans: A spatio-temporal attention-based framework for detecting deepfake videos,Signal Image and Video Processing,nao_informado,nao_informado,nao_informado,nao_informado,nao_informado,nao
V0008,primario,2026,Deep Learning-Based Pre-Processing Pipeline and Hybrid Vision Transformer Model for Deepfake Video Detection,Babylonian Journal of Machine Learning,nao_informado,nao_informado,nao_informado,frequencia+ruido,nao_informado,nao
S1354,primario,2026,Deepfake Image and Video Detection Using CNN,Iconic Research and Engineering Journals,nao_informado,nao_informado,nao_informado,frequencia,nao_informado,nao
S1355,primario,2026,Leveraging AI to Detect Facial and Vocal Manipulations in Deepfake and Propaganda Media,IETE Journal of Research,nao_informado,nao_informado,nao_informado,frequencia,nao_informado,nao
S1356,primario,2026,Method of fusing data from different modalities into a single representation space for the face recognition problem,Bionics of Intelligence,nao_informado,nao_informado,nao_informado,nao_informado,nao_informado,nao
V0009,primario,2026,Hybrid Deep Learning Model for Fake Image Detection with Advanced Face Object Segmentation Method,Natural Resources for Human Health,nao_informado,nao_informado,nao_informado,nao_informado,nao_informado,nao
S1361,primario,2026,BlinkNet: GRU-Based Temporal Analysis for Deepfake Video Detection,International Journal for Research in Applied Science and Engineering Technology,nao_informado,nao_informado,nao_informado,nao_informado,nao_informado,nao
S1357,primario,2026,Cross-Domain Synthetic Image Detection via Few-Shot Adaptation,Lecture notes in computer science,nao_informado,nao_informado,nao_informado,nao_informado,nao_informado,nao
S1362,primario,2026,Can We Trust What We See? Interpretable Deep Learning for Detecting Face-Swapped Deepfake Videos,Information Systems Frontiers,nao_informado,nao_informado,nao_informado,nao_informado,nao_informado,nao
S1367,primario,2026,ViGText: Deepfake Image Detection with Vision-Language Model Explanations and Graph Neural Networks,,nao_informado,nao_informado,nao_informado,frequencia,nao_informado,nao
S1369,primario,2026,Detection of Face-Swap Based Deepfake Videos Using Hybrid CNN-LSTM Architecture,International Journal for Research in Applied Science and Engineering Technology,nao_informado,nao_informado,nao_informado,frequencia,nao_informado,nao
S1372,primario,2026,Multi model Deep Fake Detection using Vision Transformers (ViT) and Hybrid Deep Learning Techniques,International Journal of Data Science and IoT Management System,nao_informado,nao_informado,nao_informado,frequencia,nao_informado,nao
S1373,primario,2026,An Efficient Deepfake Image Detection Framework Based on Facial Landmark Localization and Deep Feature Extraction,,nao_informado,nao_informado,nao_informado,frequencia,nao_informado,nao
S1329,primario,2026,Hybrid attention mechanism for deepfake faces detection,Signal Image and Video Processing,nao_informado,nao_informado,nao_informado,nao_informado,nao_informado,nao
S1375,primario,2026,Exposing DeepFakes via Hyperspectral Domain Mapping (Student Abstract),Proceedings of the AAAI Conference on Artificial Intelligence,nao_informado,nao_informado,nao_informado,frequencia,nao_informado,nao
S1378,primario,2025,Unmasking Deepfakes: A Multi-Modal Hybrid Detection Framework,International Journal for Research in Applied Science and Engineering Technology,nao_informado,nao_informado,nao_informado,frequencia,nao_informado,nao
S1377,primario,2025,Non-correlative Feature Interaction for Classification of Real and Fake Scene Images,Lecture notes in computer science,nao_informado,nao_informado,nao_informado,nao_informado,nao_informado,nao
V0010,primario,2026,Deepfake Face Detection from GAN to Diffusion Model,,nao_informado,nao_informado,nao_informado,frequencia,nao_informado,nao
S1381,primario,2023,Improving deepfake detectors against real-world perturbations with amplitude-phase switch augmentation,,nao_informado,nao_informado,nao_informado,frequencia,nao_informado,nao
S1382,primario,2026,Deepfake Resistance through AI-Driven Water Marking,International Journal of Innovative Research in Advanced Engineering,nao_informado,nao_informado,nao_informado,frequencia,nao_informado,nao
S1385,primario,2025,Video Integrity Verification against Deepfake alterations Using Aspects of Blockchain and SHA-256 Cryptographic algorithm,,nao_informado,nao_informado,nao_informado,frequencia,nao_informado,nao
S1388,primario,2025,A Multi-Attribute CNN Framework for Deepfake Forensics,Zenodo (CERN European Organization for Nuclear Research),nao_informado,nao_informado,nao_informado,frequencia,nao_informado,nao
S1397,primario,2026,Deepfake Video Detection using Multi-Modality Features,International Journal of Advanced Research in Science Communication and Technology,nao_informado,nao_informado,nao_informado,frequencia,nao_informado,nao
S1393,primario,2026,Deepfake Image Detection System,,nao_informado,nao_informado,nao_informado,frequencia+ruido,nao_informado,nao
S1400,primario,2026,Reliability-Aware Multi-Representation Fusion for Detecting Deepfake Images on Social Media Platforms,Journal of Global Social Transformation,nao_informado,nao_informado,nao_informado,frequencia+ruido,nao_informado,nao
S1407,primario,2026,Light2Lie: Detecting Deepfake Images Using Physical Reflectance Laws,,nao_informado,nao_informado,nao_informado,frequencia,nao_informado,nao
S1404,primario,2026,Development of Digital Forensics Technique Based in AI to Identify Deepfake Video and Image,Zenodo (CERN European Organization for Nuclear Research),nao_informado,nao_informado,nao_informado,frequencia,nao_informado,nao
S1405,primario,2026,Structure searchable network model for deepfake image detection,Pattern Recognition,nao_informado,nao_informado,nao_informado,nao_informado,nao_informado,nao
S1410,primario,2026,DeepFakeX: A Comprehensive Multimodal Deepfake Dataset for Research and Analysis,Data,nao_informado,nao_informado,nao_informado,frequencia,nao_informado,nao
N0270,snowballing,2022,FakeLocator: Robust Localization of GAN-Based Face Manipulations,IEEE Transactions on Information Forensics and Security,face,B,nao_informado,ruido,ausente,sim
N0472,snowballing,2024,Deepfake detection using deep feature stacking and meta-learning,Heliyon,nao_informado,nao_informado,nao_informado,nao_informado,nao_informado,nao
X0001,snowballing,2022,Dual Attention Network Approaches to Face Forgery Video Detection,IEEE Access,nao_informado,nao_informado,nao_informado,nao_informado,nao_informado,nao
N0664,snowballing,2021,A fast technique to detect copy-move image forgery with reflection and non-affine transformation attacks,Expert Systems with Applications,nao_informado,nao_informado,nao_informado,nao_informado,nao_informado,nao
N0333,snowballing,2022,Learning Second Order Local Anomaly for General Face Forgery Detection,2022 IEEE/CVF Conference on Computer Vision and Pattern Recognition (CVPR),face,B,nao_informado,espacial+ruido,nao_informado,sim
N0334,snowballing,2021,Multi-Task SE-Network for Image Splicing Localization,IEEE Transactions on Circuits and Systems for Video Technology,imagem_natural,A,transversal,borda+espacial,atencao,sim
N0869,snowballing,2023,MaLP: Manipulation Localization Using a Proactive Scheme,,nao_informado,nao_informado,nao_informado,nao_informado,nao_informado,nao
N0520,snowballing,2020,The eyes know it,,nao_informado,nao_informado,nao_informado,nao_informado,nao_informado,nao
N0389,snowballing,2020,Swapped face detection using deep learning and subjective assessment,EURASIP Journal on Information Security,nao_informado,nao_informado,nao_informado,nao_informado,nao_informado,nao
N0186,snowballing,2024,A Novel Blockchain-Based Deepfake Detection Method Using Federated and Deep Learning Models,Cognitive Computation,face,B,nao_informado,nao_informado,nao_informado,sim
N0176,snowballing,2022,Leveraging Real Talking Faces via Self-Supervision for Robust Forgery Detection,2022 IEEE/CVF Conference on Computer Vision and Pattern Recognition (CVPR),face,D,nao_informado,nao_informado,nao_informado,sim
N0496,snowballing,2022,Image Manipulation Localization Using Multi-Scale Feature Fusion and Adaptive Edge Supervision,IEEE Transactions on Multimedia,nao_informado,nao_informado,nao_informado,borda+ruido,nao_informado,nao
N0177,snowballing,2021,Fake face detection via adaptive manipulation traces extraction network,Computer Vision and Image Understanding,face,nao_informado,nao_informado,nao_informado,nao_informado,sim
N1906,snowballing,2026,DeepFake Face Detection Using SE-Enhanced 1D-CNN with Improved Calibration and Classification Performance,,nao_informado,nao_informado,nao_informado,nao_informado,nao_informado,nao
N0828,snowballing,2023,Why Do Facial Deepfake Detectors Fail?,,nao_informado,nao_informado,nao_informado,nao_informado,nao_informado,nao
N0182,snowballing,2020,A Serial Image Copy-Move Forgery Localization Scheme With Source/Target Distinguishment,IEEE Transactions on Multimedia,imagem_natural,A,nao_informado,nao_informado,nao_informado,sim
N1939,snowballing,2025,Digital Mirage: The Paradox of Virtuality and Reality,,nao_informado,nao_informado,nao_informado,nao_informado,nao_informado,nao
N0425,snowballing,2021,Multi-semantic CRF-based attention model for image forgery detection and localization,Signal Processing,nao_informado,nao_informado,nao_informado,nao_informado,nao_informado,nao
N1328,snowballing,2020,Upscaling factor estimation on double JPEG compressed images,Multimedia Tools and Applications,nao_informado,nao_informado,nao_informado,nao_informado,nao_informado,nao
N0281,snowballing,2020,Towards Generalizable Deepfake Detection with Locality-aware AutoEncoder,,face,B,nao_informado,nao_informado,nao_informado,sim
N0968,snowballing,2022,DeepFakes Have No Heart: A Simple rPPG-Based Method to Reveal Fake Videos,Lecture notes in computer science,nao_informado,nao_informado,nao_informado,nao_informado,nao_informado,nao
N1495,snowballing,2023,Detection of Style-Transfer Images Generated Using GAN with Deep Learning models,,nao_informado,nao_informado,nao_informado,nao_informado,nao_informado,nao
N1154,snowballing,2025,Deepfake Detection Method Based on Spatio-Temporal Information Fusion,"Computers, materials & continua/Computers, materials & continua (Print)",nao_informado,nao_informado,nao_informado,nao_informado,nao_informado,nao
N0307,snowballing,2023,Noise Based Deepfake Detection via Multi-Head Relative-Interaction,Proceedings of the AAAI Conference on Artificial Intelligence,face,B,nao_informado,ruido,atencao,sim
N0148,snowballing,2023,Learning on Gradients: Generalized Artifacts Representation for GAN-Generated Images Detection,,imagem_natural,B,entrada_bruta,borda,ausente,sim
N1132,snowballing,2024,Hierarchical Progressive Image Forgery Detection and Localization Method Based on UNet,Big Data and Cognitive Computing,nao_informado,nao_informado,nao_informado,nao_informado,nao_informado,nao
N0195,snowballing,2024,Transcending Forgery Specificity with Latent Space Augmentation for Generalizable Deepfake Detection,,face,D,nao_informado,borda,nao_informado,sim
N0983,snowballing,2025,SAFIRE: Segment Any Forged Image Region,Proceedings of the AAAI Conference on Artificial Intelligence,nao_informado,nao_informado,nao_informado,nao_informado,nao_informado,nao
N0155,snowballing,2021,MTD-Net: Learning to Detect Deepfakes Images by Multi-Scale Texture Difference,IEEE Transactions on Information Forensics and Security,face,B,nao_informado,textura,ausente,sim
N1923,snowballing,2026,"Deepfakes in Synthetic Medical Imaging: Opportunities, Challenges, and Safeguards","Smart innovation, systems and technologies",nao_informado,nao_informado,nao_informado,nao_informado,nao_informado,nao
N0587,snowballing,2021,Hybrid features and semantic reinforcement network for image forgery detection,Multimedia Systems,nao_informado,nao_informado,nao_informado,nao_informado,nao_informado,nao
N0185,snowballing,2020,Sharp Multiple Instance Learning for DeepFake Video Detection,,face,D,nao_informado,espacial+temporal,nao_informado,sim
N1579,snowballing,2024,Compression Robustness of Digital Image Forensics Evaluating Demosaicing Consistency,,imagem_natural,D,nao_informado,nao_informado,nao_informado,sim
N1331,snowballing,2025,"A Multifaceted Deepfake Prevention Framework Integrating Blockchain, Post-Quantum Cryptography, Hybrid Watermarking, Human Oversight, and Policy Governance",Computers,nao_informado,nao_informado,nao_informado,nao_informado,nao_informado,nao
N1860,snowballing,2026,Automatic Detection of AI-Generated Synthetic Images Using Supervised Machine Learning Techniques,,nao_informado,nao_informado,nao_informado,nao_informado,nao_informado,nao
N2003,snowballing,2025,From grassroots advocacy to AI governance: lessons from South Korea’s 2024 deepfake sexual abuse crisis on democratising knowledge and policy,International Journal of Comparative and Applied Criminal Justice,nao_informado,nao_informado,nao_informado,nao_informado,nao_informado,nao
N0965,snowballing,2024,Adversarially Robust Deepfake Detection via Adversarial Feature Similarity Learning,Lecture notes in computer science,nao_informado,nao_informado,nao_informado,nao_informado,nao_informado,nao
N1321,snowballing,2025,Semantic Token Transformer for Face Forgery Detection,IEEE Transactions on Information Forensics and Security,nao_informado,nao_informado,nao_informado,nao_informado,nao_informado,nao
N0600,snowballing,2024,DiffForensics: Leveraging Diffusion Prior to Image Forgery Detection and Localization,,nao_informado,nao_informado,nao_informado,borda,nao_informado,nao
N0348,snowballing,2022,The Face Deepfake Detection Challenge,Journal of Imaging,face,D,nao_informado,nao_informado,nao_informado,sim
N0240,snowballing,2021,MSTA-Net: Forgery Detection by Generating Manipulation Trace Based on Multi-Scale Self-Texture Attention,IEEE Transactions on Circuits and Systems for Video Technology,face,B,entrada_bruta,textura,nao_informado,sim
N0908,snowballing,2023,Novel Convolutional Neural Networks based Jaya algorithm Approach for Accurate Deepfake Video Detection,Mesopotamian Journal of CyberSecurity,nao_informado,nao_informado,nao_informado,nao_informado,nao_informado,nao
N0246,snowballing,2022,Improving Generalization by Commonality Learning in Face Forgery Detection,IEEE Transactions on Information Forensics and Security,face,D,nao_informado,nao_informado,nao_informado,sim
N0969,snowballing,2025,Dense Feature Interaction Network for Image Inpainting Localization,IEEE Transactions on Information Forensics and Security,nao_informado,nao_informado,nao_informado,borda,nao_informado,nao
N0947,snowballing,2021,Exploiting Facial Symmetry to Expose Deepfakes,,nao_informado,nao_informado,nao_informado,nao_informado,nao_informado,nao
N0205,snowballing,2020,Constrained R-Cnn: A General Image Manipulation Detection Model,,imagem_natural,B,transversal,nao_informado,nao_informado,sim
N0627,snowballing,2022,A Generalized Model for Identifying Fake Digital Images through the Application of Deep Learning,2022 3rd International Conference on Electronics and Sustainable Communication Systems (ICESC),nao_informado,nao_informado,nao_informado,nao_informado,nao_informado,nao
N0180,snowballing,2020,AR-Net: Adaptive Attention and Residual Refinement Network for Copy-Move Forgery Detection,IEEE Transactions on Industrial Informatics,imagem_natural,B,nao_informado,ruido,atencao,sim
N0709,snowballing,2022,Model Attribution of Face-Swap Deepfake Videos,2022 IEEE International Conference on Image Processing (ICIP),nao_informado,nao_informado,nao_informado,nao_informado,nao_informado,nao
N0272,snowballing,2021,Two-Stage Copy-Move Forgery Detection With Self Deep Matching and Proposal SuperGlue,IEEE Transactions on Image Processing,imagem_natural,B,nao_informado,nao_informado,nao_informado,sim
N1072,snowballing,2024,Spatiotemporal Inconsistency Learning and Interactive Fusion for Deepfake Video Detection,ACM Transactions on Multimedia Computing Communications and Applications,nao_informado,nao_informado,nao_informado,frequencia,nao_informado,nao
N1550,snowballing,2025,Robust Deepfake Detection via Perturbation Domain Alignment,,nao_informado,nao_informado,nao_informado,ruido,nao_informado,nao
N0295,snowballing,2022,Artifacts-Disentangled Adversarial Learning for Deepfake Detection,IEEE Transactions on Circuits and Systems for Video Technology,face,B,nao_informado,nao_informado,nao_informado,sim
N1000,snowballing,2021,MMD Based Discriminative Learning for Face Forgery Detection,Lecture notes in computer science,nao_informado,nao_informado,nao_informado,nao_informado,nao_informado,nao
N0103,snowballing,2020,Advancing High Fidelity Identity Swapping for Forgery Detection,,nao_informado,nao_informado,nao_informado,nao_informado,nao_informado,nao
N0369,snowballing,2023,AUNet: Learning Relations Between Action Units for Face Forgery Detection,,nao_informado,nao_informado,nao_informado,nao_informado,nao_informado,nao
N0934,snowballing,2022,BZNet: Unsupervised Multi-scale Branch Zooming Network for Detecting Low-quality Deepfake Videos,Proceedings of the ACM Web Conference 2022,nao_informado,nao_informado,nao_informado,nao_informado,nao_informado,nao
N0505,snowballing,2023,Pre-training-free Image Manipulation Localization through Non-Mutually Exclusive Contrastive Learning,,nao_informado,nao_informado,nao_informado,borda,nao_informado,nao
N1881,snowballing,2025,Combating deepfakes: an entropy-aware framework for detecting forged visual and textual information,Cluster Computing,nao_informado,nao_informado,nao_informado,nao_informado,nao_informado,nao
N0922,snowballing,2023,GP-Net: Image Manipulation Detection and Localization via Long-Range Modeling and Transformers,Applied Sciences,nao_informado,nao_informado,nao_informado,nao_informado,nao_informado,nao
X0003,snowballing,2022,SNIS: A Signal Noise Separation-Based Network for Post-Processed Image Forgery Detection,IEEE Transactions on Circuits and Systems for Video Technology,nao_informado,nao_informado,nao_informado,borda+ruido,nao_informado,nao
N0665,snowballing,2021,Coarse-to-fine-grained method for image splicing region detection,Pattern Recognition,nao_informado,nao_informado,nao_informado,nao_informado,nao_informado,nao
N0064,snowballing,2020,WildDeepfake,,nao_informado,nao_informado,nao_informado,nao_informado,nao_informado,nao
N0912,snowballing,2024,Unveiling the Truth: Exploring Human Gaze Patterns in Fake Images,IEEE Signal Processing Letters,nao_informado,nao_informado,nao_informado,nao_informado,nao_informado,nao
X0004,snowballing,2022,Self-Adversarial Training Incorporating Forgery Attention for Image Forgery Localization,IEEE Transactions on Information Forensics and Security,nao_informado,nao_informado,nao_informado,ruido,nao_informado,nao
N1391,snowballing,2025,"A Practical Synthesis of Detecting AI-Generated Textual, Visual, and Audio Content",,nao_informado,nao_informado,nao_informado,nao_informado,nao_informado,nao
N1506,snowballing,2024,Enhancing the Generalization of Synthetic Image Detection Models through the Exploration of Features in Deep Detection Models,,nao_informado,nao_informado,nao_informado,nao_informado,nao_informado,nao
N0659,snowballing,2021,Multiple Image Splicing Dataset (MISD): A Dataset for Multiple Splicing,Data,nao_informado,nao_informado,nao_informado,nao_informado,nao_informado,nao
X0005,snowballing,2022,IMPROVED XCEPTION WITH DUAL ATTENTION MECHANISM AND FEATURE FUSION FOR FACE FORGERY DETECTION,,nao_informado,nao_informado,nao_informado,nao_informado,nao_informado,nao
N0821,snowballing,2024,GAN-based medical image small region forgery detection via a two-stage cascade framework,PLoS ONE,nao_informado,nao_informado,nao_informado,nao_informado,nao_informado,nao
N1629,snowballing,2025,Optimized detection and localization of copy‐rotate‐move forgeries using biogeography‐based optimization algorithm,Journal of Forensic Sciences,imagem_natural,C,nao_informado,nao_informado,nao_informado,sim
N1137,snowballing,2021,Multi-Task Wavelet Corrected Network for Image Splicing Forgery Detection and Localization,,nao_informado,nao_informado,nao_informado,frequencia,nao_informado,nao
N0697,snowballing,2020,Deep Detection for Face Manipulation,Communications in computer and information science,nao_informado,nao_informado,nao_informado,nao_informado,nao_informado,nao
N1972,snowballing,2024,Exploring Pseudo-Zernike Moments for Effective Image Forgery Detection,,nao_informado,nao_informado,nao_informado,nao_informado,nao_informado,nao
N1536,snowballing,2023,Multiple Image Tampering Detection using Deep Learning Algorithm,,nao_informado,nao_informado,nao_informado,nao_informado,nao_informado,nao
N1583,snowballing,2024,DUFormer: dual-channel image splicing detection based on anchor-shaped U-Net and stepwise transformer for power systems,Signal Image and Video Processing,imagem_natural,A,nao_informado,nao_informado,nao_informado,sim
N0790,snowballing,2022,An improved approach for single and multiple copy-move forgery detection and localization in digital images,Multimedia Tools and Applications,nao_informado,nao_informado,nao_informado,nao_informado,nao_informado,nao
N0390,snowballing,2022,Anti-Forgery: Towards a Stealthy and Robust DeepFake Disruption Attack via Adversarial Perceptual-aware Perturbations,,nao_informado,nao_informado,nao_informado,ruido,nao_informado,nao
N1177,snowballing,2021,Transformer And Node-Compressed Dnn Based Dual-Path System For Manipulated Face Detection,,nao_informado,nao_informado,nao_informado,nao_informado,nao_informado,nao
N0479,snowballing,2021,Learning Spatio-temporal features to detect manipulated facial videos created by the Deepfake techniques,Forensic Science International Digital Investigation,nao_informado,nao_informado,nao_informado,nao_informado,nao_informado,nao
N0873,snowballing,2020,Towards Untrusted Social Video Verification to Combat Deepfakes via Face Geometry Consistency,,nao_informado,nao_informado,nao_informado,nao_informado,nao_informado,nao
N0412,snowballing,2022,Deepfake Video Detection Based on EfficientNet-V2 Network,Computational Intelligence and Neuroscience,nao_informado,nao_informado,nao_informado,nao_informado,nao_informado,nao
N0658,snowballing,2024,Improving Generalization of Deepfake Detectors by Imposing Gradient Regularization,IEEE Transactions on Information Forensics and Security,nao_informado,nao_informado,nao_informado,nao_informado,nao_informado,nao
N1507,snowballing,2022,Evading Deepfake Detectors via High Quality Face Pre-Processing Methods,2022 26th International Conference on Pattern Recognition (ICPR),nao_informado,nao_informado,nao_informado,nao_informado,nao_informado,nao
N1235,snowballing,2023,Design of Semantic Segmentation Algorithm to Classify Forged Pixels,,nao_informado,nao_informado,nao_informado,nao_informado,nao_informado,nao
N0602,snowballing,2021,Self-supervised Domain Adaptation for Forgery Localization of JPEG Compressed Images,2021 IEEE/CVF International Conference on Computer Vision (ICCV),nao_informado,nao_informado,nao_informado,borda,nao_informado,nao
N0914,snowballing,2025,A Lightweight and Effective Image Tampering Localization Network With Vision Mamba,IEEE Signal Processing Letters,nao_informado,nao_informado,nao_informado,ruido,nao_informado,nao
N1611,snowballing,2024,Fused Deep Representation of Traditional Features for Copy-Move Forgery Detection,,imagem_natural,A,entrada_bruta,nao_informado,nao_informado,sim
X0006,snowballing,2025,Lightweight spatial attention pyramid network-based image forgery detection optimized for real-time edge TPU deployment,Computers & Electrical Engineering,nao_informado,nao_informado,nao_informado,nao_informado,nao_informado,nao
N1753,snowballing,2025,"Multi-Modal Deepfake Detection using AI: Combining Audio, Visual, and Metadata Cues to Enhance Detection Accuracy and Robustness",International Journal of Innovative Research in Science Engineering and Technology,nao_informado,nao_informado,nao_informado,nao_informado,nao_informado,nao
N1516,snowballing,2023,Fake face detection based on deep learning and frequency domain processing,,nao_informado,nao_informado,nao_informado,frequencia,nao_informado,nao
N1351,snowballing,2024,Enhancing Social Media Security: LSTM-Based Deep Fake Video Detection,,nao_informado,nao_informado,nao_informado,nao_informado,nao_informado,nao
N0116,snowballing,2020,FakeSpotter: A Simple yet Robust Baseline for Spotting AI-Synthesized Fake Faces,,nao_informado,nao_informado,nao_informado,nao_informado,nao_informado,nao
N0327,snowballing,2022,FInfer: Frame Inference-Based Deepfake Detection for High-Visual-Quality Videos,Proceedings of the AAAI Conference on Artificial Intelligence,face,B,nao_informado,temporal,ausente,sim
N1104,snowballing,2025,MUN: Image Forgery Localization Based on M³ Encoder and UN Decoder,Proceedings of the AAAI Conference on Artificial Intelligence,nao_informado,nao_informado,nao_informado,ruido,nao_informado,nao
N2063,snowballing,2026,MSFT-Net: Mixture Semantic-Agnostic Manipulation Trace Enhanced Architecture for Robust Image Manipulation Localization,IEEE Transactions on Circuits and Systems for Video Technology,imagem_natural,B,nao_informado,nao_informado,nao_informado,sim
N1119,snowballing,2024,Deep learning-based efficient and robust image forgery detection,Multimedia Tools and Applications,nao_informado,nao_informado,nao_informado,nao_informado,nao_informado,nao
N1730,snowballing,2026,Forgery-Aware and Edge-Guided Diffusion Model for General and Robust Image Forgery Localization,IEEE Transactions on Multimedia,nao_informado,nao_informado,nao_informado,borda,nao_informado,nao
N1404,snowballing,2024,CECL-Net: Contrastive Learning and Edge-Reconstruction-Driven Complementary Learning Network for Image Forgery Localization,Electronics,nao_informado,nao_informado,nao_informado,borda,nao_informado,nao
N0777,snowballing,2024,Deepfake face discrimination based on self-attention mechanism,Pattern Recognition Letters,nao_informado,nao_informado,nao_informado,nao_informado,nao_informado,nao
N0704,snowballing,2024,Distilled transformers with locally enhanced global representations for face forgery detection,Pattern Recognition,nao_informado,nao_informado,nao_informado,nao_informado,nao_informado,nao
N0293,snowballing,2020,Forensics and Analysis of Deepfake Videos,,face,B,entrada_bruta,temporal,ausente,sim
N0364,snowballing,2024,An efficient deepfake video detection using robust deep learning,Heliyon,nao_informado,nao_informado,nao_informado,nao_informado,nao_informado,nao
N0556,snowballing,2025,Explainable AI for DeepFake Detection,Applied Sciences,nao_informado,nao_informado,nao_informado,nao_informado,nao_informado,nao
N0799,snowballing,2020,Fake Video Detection With Certainty-Based Attention Network,,nao_informado,nao_informado,nao_informado,nao_informado,nao_informado,nao
N0571,snowballing,2023,Deepfake detection via inter-frame inconsistency recomposition and enhancement,Pattern Recognition,nao_informado,nao_informado,nao_informado,nao_informado,nao_informado,nao
N0650,snowballing,2022,Image splicing forgery detection by combining synthetic adversarial networks and hybrid dense U‐net based on multiple spaces,International Journal of Intelligent Systems,nao_informado,nao_informado,nao_informado,nao_informado,nao_informado,nao
N1155,snowballing,2024,ERaL: Exceptional Regions-Aware Deep Video Interpolation Localization,IEEE Signal Processing Letters,nao_informado,nao_informado,nao_informado,nao_informado,nao_informado,nao
N1086,snowballing,2025,Audio-Visual Deepfake Detection With Local Temporal Inconsistencies,,nao_informado,nao_informado,nao_informado,nao_informado,nao_informado,nao
N0361,snowballing,2022,Detecting deepfake videos based on spatiotemporal attention and convolutional LSTM,Information Sciences,nao_informado,nao_informado,nao_informado,nao_informado,nao_informado,nao
N0440,snowballing,2021,Deepfake Video Detection by Combining Convolutional Neural Network (CNN) and Recurrent Neural Network (RNN),,nao_informado,nao_informado,nao_informado,nao_informado,nao_informado,nao
N0542,snowballing,2022,A robust detection and localization technique for copy-move forgery in digital images,Journal of King Saud University - Computer and Information Sciences,nao_informado,nao_informado,nao_informado,nao_informado,nao_informado,nao
N1417,snowballing,2025,Extracting High-Discriminative Features for Detecting Double JPEG Compression With the Same Quantization Matrix,IEEE Transactions on Circuits and Systems for Video Technology,nao_informado,nao_informado,nao_informado,nao_informado,nao_informado,nao
N0734,snowballing,2022,Region-Aware Temporal Inconsistency Learning for DeepFake Video Detection,,nao_informado,nao_informado,nao_informado,nao_informado,nao_informado,nao
N0368,snowballing,2024,Multiclass AI-Generated Deepfake Face Detection Using Patch-Wise Deep Learning Model,Computers,nao_informado,nao_informado,nao_informado,nao_informado,nao_informado,nao
N0282,snowballing,2020,A novel deep learning framework for copy-moveforgery detection in images,Multimedia Tools and Applications,imagem_natural,nao_informado,nao_informado,nao_informado,nao_informado,sim
N1011,snowballing,2020,An Intelligent Forensics Approach for Detecting Patch-Based Image Inpainting,Mathematical Problems in Engineering,nao_informado,nao_informado,nao_informado,nao_informado,nao_informado,nao
N0907,snowballing,2024,MaskSim: Detection of synthetic images by masked spectrum similarity analysis,,nao_informado,nao_informado,nao_informado,frequencia,nao_informado,nao
N1425,snowballing,2024,ForensicsForest Family: A Series of Multi-Scale Hierarchical Cascade Forests for Detecting GAN-Generated Faces,IEEE Transactions on Information Forensics and Security,nao_informado,nao_informado,nao_informado,frequencia,nao_informado,nao
N1193,snowballing,2024,Deepfake video detection using CNN and RNN with OPTICAL FLOW features,,nao_informado,nao_informado,nao_informado,nao_informado,nao_informado,nao
N0625,snowballing,2024,Video and Audio Deepfake Datasets and Open Issues in Deepfake Technology: Being Ahead of the Curve,Forensic Sciences,nao_informado,nao_informado,nao_informado,nao_informado,nao_informado,nao
N1489,snowballing,2021,DF-VLAD: Deepfake Video Detection based on Feature Aggregation,,nao_informado,nao_informado,nao_informado,nao_informado,nao_informado,nao
N0464,snowballing,2022,An improvised CNN model for fake image detection,International Journal of Information Technology,nao_informado,nao_informado,nao_informado,nao_informado,nao_informado,nao
N0269,snowballing,2021,Towards Solving the DeepFake Problem : An Analysis on Improving DeepFake Detection using Dynamic Face Augmentation,,face,D,nao_informado,nao_informado,nao_informado,sim
N1014,snowballing,2021,DLFMNet: End-to-End Detection and Localization of Face Manipulation Using Multi-Domain Features,,nao_informado,nao_informado,nao_informado,ruido,nao_informado,nao
N1299,snowballing,2024,"Exploring the Landscape of Compressed DeepFakes: Generation, Dataset and Detection",Neurocomputing,nao_informado,nao_informado,nao_informado,nao_informado,nao_informado,nao
N1501,snowballing,2024,Dual-Decoupling With Frequency-Spatial Domains for Image Manipulation Localization,IEEE Transactions on Neural Networks and Learning Systems,nao_informado,nao_informado,nao_informado,frequencia,nao_informado,nao
N2006,snowballing,2026,GLARE: Towards Generalizable Detection of Latent Diffusion Images with Global–Local Reconstruction Error,Lecture notes in computer science,nao_informado,nao_informado,nao_informado,nao_informado,nao_informado,nao
N0619,snowballing,2024,Detection of real-time deep fakes and face forgery in video conferencing employing generative adversarial networks,Heliyon,nao_informado,nao_informado,nao_informado,nao_informado,nao_informado,nao
N0745,snowballing,2023,Learning to Immunize Images for Tamper Localization and Self-Recovery,IEEE Transactions on Pattern Analysis and Machine Intelligence,nao_informado,nao_informado,nao_informado,nao_informado,nao_informado,nao
N1232,snowballing,2022,Deep Learning for Localization of Mixed Image Tampering Techniques,,nao_informado,nao_informado,nao_informado,nao_informado,nao_informado,nao
N0645,snowballing,2023,MRT-Net: Auto-adaptive weighting of manipulation residuals and texture clues for face manipulation detection,Expert Systems with Applications,nao_informado,nao_informado,nao_informado,nao_informado,nao_informado,nao
N0297,snowballing,2020,GAN-Generated Image Detection With Self-Attention Mechanism Against GAN Generator Defect,IEEE Journal of Selected Topics in Signal Processing,imagem_natural,B,nao_informado,nao_informado,ausente,sim
N0221,snowballing,2022,A Hybrid CNN-LSTM model for Video Deepfake Detection by Leveraging Optical Flow Features,2022 International Joint Conference on Neural Networks (IJCNN),face,B,entrada_bruta,temporal,ausente,sim
N0976,snowballing,2021,Fake-image detection with Robust Hashing,2021 IEEE 3rd Global Conference on Life Sciences and Technologies (LifeTech),nao_informado,nao_informado,nao_informado,nao_informado,nao_informado,nao
N0213,snowballing,2022,CORE: Consistent Representation Learning for Face Forgery Detection,2022 IEEE/CVF Conference on Computer Vision and Pattern Recognition Workshops (CVPRW),face,D,nao_informado,nao_informado,nao_informado,sim
N1438,snowballing,2023,Image forgery detection in forensic science using optimization based deep learning models,Multimedia Tools and Applications,nao_informado,nao_informado,nao_informado,nao_informado,nao_informado,nao
N1518,snowballing,2025,GAN or DM? In-depth Analysis and Evaluation of AI-generated Face Data for Generalizable Deepfake Detection,,nao_informado,nao_informado,nao_informado,nao_informado,nao_informado,nao
N0117,snowballing,2020,IMD2020: A Large-Scale Annotated Dataset Tailored for Detecting Manipulated Images,,nao_informado,nao_informado,nao_informado,ruido,nao_informado,nao
N1058,snowballing,2021,Detecting Localized Adversarial Examples: A Generic Approach using Critical Region Analysis,,nao_informado,nao_informado,nao_informado,nao_informado,nao_informado,nao
N0681,snowballing,2020,"Deepfake Detection in Media Files - Audios, Images and Videos",,nao_informado,nao_informado,nao_informado,nao_informado,nao_informado,nao
N1314,snowballing,2025,Noise-Informed Diffusion-Generated Image Detection With Anomaly Attention,IEEE Transactions on Information Forensics and Security,nao_informado,nao_informado,nao_informado,ruido,nao_informado,nao
N0971,snowballing,2024,Exploiting Facial Relationships and Feature Aggregation for Multi-Face Forgery Detection,IEEE Transactions on Information Forensics and Security,nao_informado,nao_informado,nao_informado,nao_informado,nao_informado,nao
N0719,snowballing,2025,Detection of AI Deepfake and Fraud in Online Payments Using GAN-Based Models,,nao_informado,nao_informado,nao_informado,nao_informado,nao_informado,nao
N1269,snowballing,2021,A framework of generative adversarial networks with novel loss for JPEG restoration and anti-forensics,Multimedia Systems,nao_informado,nao_informado,nao_informado,nao_informado,nao_informado,nao
N0163,snowballing,2023,ISTVT: Interpretable Spatial-Temporal Video Transformer for Deepfake Detection,IEEE Transactions on Information Forensics and Security,face,B,transversal,espacial+temporal,nao_informado,sim
N0801,snowballing,2024,JRC: Deepfake detection via joint reconstruction and classification,Neurocomputing,nao_informado,nao_informado,nao_informado,nao_informado,nao_informado,nao
N0553,snowballing,2024,AVT$^{2}$-DWF: Improving Deepfake Detection With Audio-Visual Fusion and Dynamic Weighting Strategies,IEEE Signal Processing Letters,nao_informado,nao_informado,nao_informado,nao_informado,nao_informado,nao
N0450,snowballing,2023,DFGNN: An interpretable and generalized graph neural network for deepfakes detection,Expert Systems with Applications,nao_informado,nao_informado,nao_informado,nao_informado,nao_informado,nao
N0236,snowballing,2022,Detect and Locate: Exposing Face Manipulation by Semantic- and Noise-Level Telltales,IEEE Transactions on Information Forensics and Security,face,A,cabeca,espacial+ruido,nao_informado,sim
N0761,snowballing,2022,FingerprintNet: Synthesized Fingerprints for Generated Image Detection,Lecture notes in computer science,nao_informado,nao_informado,nao_informado,nao_informado,nao_informado,nao
N1250,snowballing,2025,Lightweight End-to-End Patch-Based Self-Attention Network for Robust Image Forgery Detection,IEEE Access,nao_informado,nao_informado,nao_informado,nao_informado,nao_informado,nao
N1515,snowballing,2024,Facial Region-Based Ensembling for Unsupervised Temporal Deepfake Localization,,nao_informado,nao_informado,nao_informado,nao_informado,nao_informado,nao
N0493,snowballing,2022,Explainable digital forensics AI: Towards mitigating distrust in AI-based digital forensics analysis using interpretable models,Forensic Science International Digital Investigation,nao_informado,nao_informado,nao_informado,nao_informado,nao_informado,nao
N1128,snowballing,2022,GGViT:Multistream Vision Transformer Network in Face2Face Facial Reenactment Detection,2022 26th International Conference on Pattern Recognition (ICPR),nao_informado,nao_informado,nao_informado,nao_informado,nao_informado,nao
N0396,snowballing,2022,Deepfake Video Detection via Predictive Representation Learning,ACM Transactions on Multimedia Computing Communications and Applications,nao_informado,nao_informado,nao_informado,nao_informado,nao_informado,nao
N2060,snowballing,2026,MS-DCL: Multi-Scale Decoupled Contrastive Learning for universal AI-generated image detection,Knowledge-Based Systems,imagem_natural,nao_informado,nao_informado,nao_informado,nao_informado,sim
N2142,snowballing,2026,Spectral Forensics: Detecting Diffusion-Generated Imagery via $1/f^\beta$ Power Law Violations,IEEE Signal Processing Letters,imagem_natural,C,nao_informado,frequencia,nao_informado,sim
N1390,snowballing,2022,A Novel Facial Manipulation Detection Method Based on Contrastive Learning,2022 IEEE 5th International Conference on Electronics Technology (ICET),nao_informado,nao_informado,nao_informado,nao_informado,nao_informado,nao
N0767,snowballing,2022,Improving GAN-Generated Image Detection Generalization Using Unsupervised Domain Adaptation,2022 IEEE International Conference on Multimedia and Expo (ICME),nao_informado,nao_informado,nao_informado,nao_informado,nao_informado,nao
N0058,snowballing,2020,FakeCatcher: Detection of Synthetic Portrait Videos using Biological Signals,IEEE Transactions on Pattern Analysis and Machine Intelligence,nao_informado,nao_informado,nao_informado,nao_informado,nao_informado,nao
N0591,snowballing,2022,Deep Fake Detection Using Computer Vision-Based Deep Neural Network with Pairwise Learning,Intelligent Automation & Soft Computing,nao_informado,nao_informado,nao_informado,nao_informado,nao_informado,nao
N1081,snowballing,2022,A passive image forensic scheme based on an adaptive and hybrid techniques,Multimedia Tools and Applications,nao_informado,nao_informado,nao_informado,nao_informado,nao_informado,nao
N1430,snowballing,2025,Generalization enhancement strategy based on ensemble learning for open domain image manipulation detection,Journal of Visual Communication and Image Representation,nao_informado,nao_informado,nao_informado,nao_informado,nao_informado,nao
N0511,snowballing,2022,Deepfake Forensics via an Adversarial Game,IEEE Transactions on Image Processing,nao_informado,nao_informado,nao_informado,frequencia,nao_informado,nao
N2099,snowballing,2026,ProCoS: Degradation-Robust Manipulation Localization for Special Equipment Inspection Images,Sensors,nao_informado,nao_informado,nao_informado,nao_informado,nao_informado,sim
N0395,snowballing,2021,DeepFake Detection Using Error Level Analysis and Deep Learning,,nao_informado,nao_informado,nao_informado,nao_informado,nao_informado,nao
N1244,snowballing,2025,GAN-ViT-CMFD: A novel framework integrating generative adversarial networks and vision transformers for enhanced copy-move forgery detection and classification with spectral clustering,Intelligent Systems with Applications,nao_informado,nao_informado,nao_informado,frequencia,nao_informado,nao
N1909,snowballing,2026,Deepfake Detection Using Audio-Visual Synchronization and Spatial Artifact Analysis: A Hybrid Heuristic Approach,,nao_informado,nao_informado,nao_informado,nao_informado,nao_informado,nao
N0739,snowballing,2021,A Novel Neural Model based Framework for Detection of GAN Generated Fake Images,,nao_informado,nao_informado,nao_informado,frequencia,nao_informado,nao
N1226,snowballing,2025,Beyond Spatial Frequency: Pixel-Wise Temporal Frequency-Based Deepfake Video Detection,,nao_informado,nao_informado,nao_informado,frequencia,nao_informado,nao
N0679,snowballing,2023,CSC-Net: Cross-Color Spatial Co-Occurrence Matrix Network for Detecting Synthesized Fake Images,IEEE Transactions on Cognitive and Developmental Systems,nao_informado,nao_informado,nao_informado,nao_informado,nao_informado,nao
N0403,snowballing,2021,An Experimental Evaluation on Deepfake Detection using Deep Face Recognition,,nao_informado,nao_informado,nao_informado,nao_informado,nao_informado,nao
N0906,snowballing,2024,LBRT: Local-Information-Refined Transformer for Image Copy–Move Forgery Detection,Sensors,nao_informado,nao_informado,nao_informado,nao_informado,nao_informado,nao
N1057,snowballing,2023,Deepfake source detection in a heart beat,The Visual Computer,nao_informado,nao_informado,nao_informado,nao_informado,nao_informado,nao
N0780,snowballing,2023,Enhancing General Face Forgery Detection via Vision Transformer with Low-Rank Adaptation,,nao_informado,nao_informado,nao_informado,nao_informado,nao_informado,nao
X0007,snowballing,2024,Cross-Attention Based Two-Branch Networks for Document Image Forgery Localization in the Metaverse,ACM Transactions on Multimedia Computing Communications and Applications,nao_informado,nao_informado,nao_informado,ruido,nao_informado,nao
N0487,snowballing,2021,Dynamic texture analysis for detecting fake faces in video sequences,Iris (University of Trento),nao_informado,nao_informado,nao_informado,nao_informado,nao_informado,nao
N1890,snowballing,2026,Cross-generator image authenticity verification: multi-modal feature fusion and distribution difference analysis,PeerJ Computer Science,nao_informado,nao_informado,nao_informado,borda+ruido,nao_informado,nao
N0885,snowballing,2022,Image Forgery Detection using Deep Learning Model,2022 3rd International Conference on Smart Electronics and Communication (ICOSEC),nao_informado,nao_informado,nao_informado,nao_informado,nao_informado,nao
N0404,snowballing,2022,DeepFake detection with multi-scale convolution and vision transformer,Digital Signal Processing,nao_informado,nao_informado,nao_informado,nao_informado,nao_informado,nao
N0454,snowballing,2024,Improving Fairness in Deepfake Detection,,nao_informado,nao_informado,nao_informado,nao_informado,nao_informado,nao
N1630,snowballing,2024,PWPH:Proactive Deepfake Detection Method Based on Watermarking and Perceptual Hashing,,face,D,nao_informado,nao_informado,nao_informado,sim
N1352,snowballing,2023,Exploiting Inconsistencies in Object Representations for Deepfake Video Detection,,nao_informado,nao_informado,nao_informado,nao_informado,nao_informado,nao
N0695,snowballing,2024,Beyond Deepfake Images: Detecting AI-Generated Videos,,nao_informado,nao_informado,nao_informado,nao_informado,nao_informado,nao
N1412,snowballing,2024,Deepfake Video Detection Based on Image Source Anomaly,,nao_informado,nao_informado,nao_informado,nao_informado,nao_informado,nao
N0385,snowballing,2024,CLIPping the Deception: Adapting Vision-Language Models for Universal Deepfake Detection,,nao_informado,nao_informado,nao_informado,nao_informado,nao_informado,nao
N1082,snowballing,2024,AISMSNet: Advanced Image Splicing Manipulation Identification Based on Siamese Networks,Applied Sciences,nao_informado,nao_informado,nao_informado,nao_informado,nao_informado,nao
N1712,snowballing,2024,Dynamic and Static Features Extraction for Deepfake Detection,,face,A,nao_informado,espacial+temporal,nao_informado,sim
N0173,snowballing,2023,Implicit Identity Driven Deepfake Face Swapping Detection,,face,D,nao_informado,nao_informado,nao_informado,sim
N0393,snowballing,2021,A novel copy-move forgery detection algorithm via two-stage filtering,Digital Signal Processing,nao_informado,nao_informado,nao_informado,nao_informado,nao_informado,nao
N1766,snowballing,2023,Refined-mask guided multi-stream blending network,Multimedia Tools and Applications,nao_informado,nao_informado,nao_informado,nao_informado,nao_informado,nao
N1369,snowballing,2025,MDLFormer: multi-modal global context-based swin transformer for image manipulation detection and localization,Signal Image and Video Processing,nao_informado,nao_informado,nao_informado,nao_informado,nao_informado,nao
X0008,snowballing,2021,DCU-Net: a dual-channel U-shaped network for image splicing forgery detection,Neural Computing and Applications,nao_informado,nao_informado,nao_informado,nao_informado,nao_informado,nao
N0143,snowballing,2023,Hierarchical Fine-Grained Image Forgery Detection and Localization,,imagem_natural,A,transversal,nao_informado,nao_informado,sim
N0111,snowballing,2020,Identification of deep network generated images using disparities in color components,Signal Processing,nao_informado,nao_informado,nao_informado,nao_informado,nao_informado,nao
N2175,snowballing,2026,VIDS-guard: A novel forensics-aware multi-stream transformer framework for robust deepfake video detection,Intelligent Systems with Applications,nao_informado,nao_informado,nao_informado,frequencia+ruido,nao_informado,nao
N0448,snowballing,2023,ProActive DeepFake Detection using GAN-based Visible Watermarking,ACM Transactions on Multimedia Computing Communications and Applications,nao_informado,nao_informado,nao_informado,nao_informado,nao_informado,nao
N0836,snowballing,2023,Enhanced blind image forgery detection using an accurate deep learning based hybrid DCCAE and ADFC,Multimedia Tools and Applications,nao_informado,nao_informado,nao_informado,nao_informado,nao_informado,nao
X0009,snowballing,2023,Efficient deepfake detection using shallow vision transformer,Multimedia Tools and Applications,nao_informado,nao_informado,nao_informado,nao_informado,nao_informado,nao
N0782,snowballing,2023,Image forgery detection by transforming local descriptors into deep-derived features,Applied Soft Computing,nao_informado,nao_informado,nao_informado,nao_informado,nao_informado,nao
X0010,snowballing,2024,EAN: Edge-Aware Network for Image Manipulation Localization,IEEE Transactions on Circuits and Systems for Video Technology,nao_informado,nao_informado,nao_informado,borda,nao_informado,nao
N1144,snowballing,2023,Unmasking Deepfakes: Masked Autoencoding Spatiotemporal Transformers for Enhanced Video Forgery Detection,,nao_informado,nao_informado,nao_informado,nao_informado,nao_informado,nao
N1370,snowballing,2024,MTFDN : An image copy‐move forgery detection method based on multi‐task learning,Expert Systems,nao_informado,nao_informado,nao_informado,nao_informado,nao_informado,nao
N0585,snowballing,2020,Fighting Against Deepfake: Patch&Pair Convolutional Neural Networks (PPCNN),Companion Proceedings of the Web Conference 2020,nao_informado,nao_informado,nao_informado,nao_informado,nao_informado,nao
N0756,snowballing,2024,Artifact feature purification for cross-domain detection of AI-generated images,Computer Vision and Image Understanding,nao_informado,nao_informado,nao_informado,nao_informado,nao_informado,nao
N1864,snowballing,2026,Backbone is All You Need: Assessing Vulnerabilities of Frozen Foundation Models in Synthetic Image Forensics,,nao_informado,nao_informado,nao_informado,nao_informado,nao_informado,nao
N0191,snowballing,2021,Domain General Face Forgery Detection by Learning to Weight,Proceedings of the AAAI Conference on Artificial Intelligence,face,D,nao_informado,nao_informado,nao_informado,sim
N1317,snowballing,2022,PRaNA: PRNU-based Technique to Tell Real and Deepfake Videos Apart,2022 International Joint Conference on Neural Networks (IJCNN),nao_informado,nao_informado,nao_informado,ruido,nao_informado,nao
N2048,snowballing,2025,Localized Forgery Detection: Integrating DeepLabV3 With Error Level Analysis,,imagem_natural,B,entrada_bruta,nao_informado,canais_entrada,sim
N1589,snowballing,2024,Deepfake detection and classification using local surface geometrical features,,face,B,entrada_bruta,nao_informado,nao_informado,sim
N0800,snowballing,2022,Fake visual content detection using two-stream convolutional neural networks,Neural Computing and Applications,nao_informado,nao_informado,nao_informado,nao_informado,nao_informado,nao
N0954,snowballing,2024,PIM-Net: Progressive Inconsistency Mining Network for image manipulation localization,Pattern Recognition,nao_informado,nao_informado,nao_informado,nao_informado,nao_informado,nao
N0061,snowballing,2022,Detecting Deepfakes with Self-Blended Images,2022 IEEE/CVF Conference on Computer Vision and Pattern Recognition (CVPR),nao_informado,nao_informado,nao_informado,nao_informado,nao_informado,nao
N1792,snowballing,2025,"Unified Framework for Deepfake Detection in Images, Videos, and Audio",International Journal of Scientific Research in Computer Science Engineering and Information Technology,nao_informado,nao_informado,nao_informado,nao_informado,nao_informado,nao
N0490,snowballing,2023,An ensemble of CNNs with self-attention mechanism for DeepFake video detection,Neural Computing and Applications,nao_informado,nao_informado,nao_informado,nao_informado,nao_informado,nao
N1491,snowballing,2024,Deep-Fake Finder: Uncovering Forgery Image Through Neural Network Analysis,,nao_informado,nao_informado,nao_informado,nao_informado,nao_informado,nao
N1772,snowballing,2025,Self-Supervised CLIP-Based Image Recognition and Analysis for Electronic Data Forensics,IEEE Access,nao_informado,nao_informado,nao_informado,nao_informado,nao_informado,nao
N1423,snowballing,2024,Forensic Recognition of Codec-Specific Image Compression Artefacts,,nao_informado,nao_informado,nao_informado,nao_informado,nao_informado,nao
N0921,snowballing,2024,Fine-Grained Open-Set Deepfake Detection via Unsupervised Domain Adaptation,IEEE Transactions on Information Forensics and Security,nao_informado,nao_informado,nao_informado,nao_informado,nao_informado,nao
N0429,snowballing,2024,Enhanced deepfake detection with DenseNet and Cross-ViT,Expert Systems with Applications,nao_informado,nao_informado,nao_informado,nao_informado,nao_informado,nao
N1056,snowballing,2022,Deepfake Detection with Spatio-Temporal Consistency and Attention,,nao_informado,nao_informado,nao_informado,nao_informado,nao_informado,nao
N0413,snowballing,2020,Exploiting Prediction Error Inconsistencies through LSTM-based Classifiers to Detect Deepfake Videos,,nao_informado,nao_informado,nao_informado,nao_informado,nao_informado,nao
N1053,snowballing,2025,Copy-Move Forgery Image Detection Based on Cross-Scale Modeling and Alternating Refinement,IEEE Transactions on Multimedia,nao_informado,nao_informado,nao_informado,borda,nao_informado,nao
N1644,snowballing,2025,Statistical modeling and likelihood ratio testing for resampling detection in TIFF images,Signal Processing,imagem_natural,C,nao_informado,nao_informado,nao_informado,sim
N0941,snowballing,2023,Cyber Vaccine for Deepfake Immunity,IEEE Access,nao_informado,nao_informado,nao_informado,nao_informado,nao_informado,nao
N0147,snowballing,2020,GANprintR: Improved Fakes and Evaluation of the State of the Art in Face Manipulation Detection,Hispana,face,nao_informado,nao_informado,nao_informado,nao_informado,sim
N0151,snowballing,2021,Image Tampering Localization Using a Dense Fully Convolutional Network,IEEE Transactions on Information Forensics and Security,imagem_natural,B,nao_informado,nao_informado,nao_informado,sim
N0374,snowballing,2023,Proactive Deepfake Defence via Identity Watermarking,2023 IEEE/CVF Winter Conference on Applications of Computer Vision (WACV),nao_informado,nao_informado,nao_informado,nao_informado,nao_informado,nao
N0115,snowballing,2024,CIFAKE: Image Classification and Explainable Identification of AI-Generated Synthetic Images,IEEE Access,nao_informado,nao_informado,nao_informado,nao_informado,nao_informado,nao
N1302,snowballing,2023,Face Forgery Detection Algorithm Based on Improved MobileViT Network,,nao_informado,nao_informado,nao_informado,ruido,nao_informado,nao
N0547,snowballing,2022,Proactive Image Manipulation Detection,2022 IEEE/CVF Conference on Computer Vision and Pattern Recognition (CVPR),nao_informado,nao_informado,nao_informado,nao_informado,nao_informado,nao
N0933,snowballing,2020,Attributing and Detecting Fake Images Generated by Known GANs,,nao_informado,nao_informado,nao_informado,frequencia,nao_informado,nao
N2178,snowballing,2025,Video Deepfake Detection System Using Deep Learning,INTERANTIONAL JOURNAL OF SCIENTIFIC RESEARCH IN ENGINEERING AND MANAGEMENT,face,nao_informado,nao_informado,nao_informado,nao_informado,sim
N1026,snowballing,2022,Generalized Deepfake Video Detection Through Time-Distribution and Metric Learning,IT Professional,nao_informado,nao_informado,nao_informado,nao_informado,nao_informado,nao
N0499,snowballing,2023,MCS-GAN: A Different Understanding for Generalization of Deep Forgery Detection,IEEE Transactions on Multimedia,nao_informado,nao_informado,nao_informado,nao_informado,nao_informado,nao
N1437,snowballing,2023,Image Forgery Detection Using Low Dimensional Texture Feature Vector,,nao_informado,nao_informado,nao_informado,nao_informado,nao_informado,nao
N1393,snowballing,2021,A Study on Effective Use of BPM Information in Deepfake Detection,2021 International Conference on Information and Communication Technology Convergence (ICTC),nao_informado,nao_informado,nao_informado,nao_informado,nao_informado,nao
N1443,snowballing,2025,Multi-modal texture fusion network for detecting AI-generated images,Frontiers in Artificial Intelligence,nao_informado,nao_informado,nao_informado,nao_informado,nao_informado,nao
N0304,snowballing,2021,Copy-Move Forgery Detection (CMFD) Using Deep Learning for Image and Video Forensics,Journal of Imaging,imagem_natural,nao_informado,nao_informado,nao_informado,nao_informado,sim
N0502,snowballing,2022,An Enhanced Deep Learning-Based DeepFake Video Detection and Classification System,Electronics,nao_informado,nao_informado,nao_informado,nao_informado,nao_informado,nao
N0287,snowballing,2023,Audio-Visual Person-of-Interest DeepFake Detection,,face,A,nao_informado,nao_informado,nao_informado,sim
N0700,snowballing,2020,"Deepfake Forensics, an AI-synthesized Detection with Deep Convolutional Generative Adversarial Networks",International Journal of Advanced Trends in Computer Science and Engineering,nao_informado,nao_informado,nao_informado,nao_informado,nao_informado,nao
N2019,snowballing,2026,"Hybrid Deep Learning Method for DeepFake Detection Integrating CNN, Transformer, Bi-LSTM and Grad-CAM Explainability",,nao_informado,nao_informado,nao_informado,nao_informado,nao_informado,nao
N0733,snowballing,2023,On the Generalization of Deep Learning Models in Video Deepfake Detection,Journal of Imaging,nao_informado,nao_informado,nao_informado,nao_informado,nao_informado,nao
N0446,snowballing,2023,GLFF: Global and Local Feature Fusion for AI-Synthesized Image Detection,IEEE Transactions on Multimedia,nao_informado,nao_informado,nao_informado,nao_informado,nao_informado,nao
N1949,snowballing,2025,Edge-aware graph reasoning network for image manipulation localization,Computer Vision and Image Understanding,nao_informado,nao_informado,nao_informado,borda,nao_informado,nao
N1187,snowballing,2021,Adaptive partitioning‐based copy‐move image forgery detection using optimal enabled deep neuro‐fuzzy network,Computational Intelligence,nao_informado,nao_informado,nao_informado,ruido,nao_informado,nao
N0876,snowballing,2025,A self-supervised BEiT model with a novel hierarchical patchReducer for efficient facial deepfake detection,Artificial Intelligence Review,nao_informado,nao_informado,nao_informado,nao_informado,nao_informado,nao
N1993,snowballing,2025,Forgery image prediction using DenseNet compared over support vector machine in terms of accuracy,AIP conference proceedings,nao_informado,nao_informado,nao_informado,nao_informado,nao_informado,nao
N0710,snowballing,2023,Multimodal Neurosymbolic Approach for Explainable Deepfake Detection,ACM Transactions on Multimedia Computing Communications and Applications,nao_informado,nao_informado,nao_informado,nao_informado,nao_informado,nao
N1551,snowballing,2025,"SFTA-Net: a self-supervised approach to detect copy-move and splicing forgery to leverage triplet loss, auxiliary loss, and spatial attention",PeerJ Computer Science,nao_informado,nao_informado,nao_informado,nao_informado,nao_informado,nao
N1955,snowballing,2025,Enhanced Signature Recognition and Fraud Detection with Deep Learning,,nao_informado,nao_informado,nao_informado,ruido,nao_informado,nao
N1003,snowballing,2025,PRest-Net: Multi-domain Probability Estimation Network for Robust Image Forgery Detection,ACM Transactions on Multimedia Computing Communications and Applications,nao_informado,nao_informado,nao_informado,frequencia+ruido,nao_informado,nao
N1849,snowballing,2026,An Explainable Hybrid Artificial Intelligence Approach for Robust Image Forgery Detection and Authentication Using Cognitive Image Authenticity Intelligence Engine,International Journal of Innovative Research in Advanced Engineering,nao_informado,nao_informado,nao_informado,nao_informado,nao_informado,nao
N1121,snowballing,2025,Deepfake detection with domain generalization and mask-guided supervision,Pattern Recognition,nao_informado,nao_informado,nao_informado,nao_informado,nao_informado,nao
N0646,snowballing,2025,MoE-FFD: Mixture of Experts for Generalized and Parameter-Efficient Face Forgery Detection,IEEE Transactions on Dependable and Secure Computing,nao_informado,nao_informado,nao_informado,nao_informado,nao_informado,nao
N1632,snowballing,2024,Performance Evaluation of Capsule and Deep Convolutional Networks in Detecting CycleGAN-Generated Images,,imagem_natural,D,nao_informado,nao_informado,nao_informado,sim
N0207,snowballing,2021,A New Deep Learning-Based Methodology for Video Deepfake Detection Using XGBoost,Sensors,face,B,cabeca,nao_informado,nao_informado,sim
N0432,snowballing,2020,A video is worth more than 1000 lies. Comparing 3DCNN approaches for detecting deepfakes,,nao_informado,nao_informado,nao_informado,nao_informado,nao_informado,nao
N1901,snowballing,2025,Decoding Deepfakes: Classification of Facial Manipulations and Emerging Generation Tools,,nao_informado,nao_informado,nao_informado,nao_informado,nao_informado,nao
N0243,snowballing,2021,Optical Flow based CNN for detection of unlearnt deepfake manipulations,Pattern Recognition Letters,face,B,entrada_bruta,temporal,ausente,sim
N0418,snowballing,2020,A Novel Counterfeit Feature Extraction Technique for Exposing Face-Swap Images Based on Deep Learning and Error Level Analysis,Entropy,nao_informado,nao_informado,nao_informado,nao_informado,nao_informado,nao
N1532,snowballing,2024,Lightweight Hybrid Model Combining MobilNetV2 and PCA for Copy-Move Forgery Detection,,nao_informado,nao_informado,nao_informado,nao_informado,nao_informado,nao
N0848,snowballing,2024,A Deepfake Detection Algorithm Based on Fourier Transform of Biological Signal,"Computers, materials & continua/Computers, materials & continua (Print)",nao_informado,nao_informado,nao_informado,frequencia,nao_informado,nao
N1322,snowballing,2023,Study of Image Forgery Detection using Scale Invariant Feature Transform,,nao_informado,nao_informado,nao_informado,nao_informado,nao_informado,nao
N1991,snowballing,2026,ForgeDtSTNet: A spatio-temporal deep learning approach for accurate copy-move forgery detection in digital images,Computers & Electrical Engineering,nao_informado,nao_informado,nao_informado,nao_informado,nao_informado,nao
N0119,snowballing,2021,"Deepfake detection by human crowds, machines, and machine-informed crowds",Proceedings of the National Academy of Sciences,nao_informado,nao_informado,nao_informado,nao_informado,nao_informado,nao
N0834,snowballing,2025,Deepfake detection via Feature Refinement and Enhancement Network,Image and Vision Computing,nao_informado,nao_informado,nao_informado,nao_informado,nao_informado,nao
N0576,snowballing,2023,Shrinking the Semantic Gap: Spatial Pooling of Local Moment Invariants for Copy-Move Forgery Detection,IEEE Transactions on Information Forensics and Security,nao_informado,nao_informado,nao_informado,nao_informado,nao_informado,nao
X0011,snowballing,2022,Stereo super-resolution images detection based on multi-scale feature extraction and hierarchical feature fusion,Gene Expression Patterns,nao_informado,nao_informado,nao_informado,nao_informado,nao_informado,nao
N0289,snowballing,2021,Evaluation of an Audio-Video Multimodal Deepfake Dataset using Unimodal and Multimodal Detectors,,face,D,nao_informado,nao_informado,nao_informado,sim
N0792,snowballing,2022,Deepfake Video Detection Using Spatiotemporal Convolutional Network and Photo Response Non Uniformity,,nao_informado,nao_informado,nao_informado,ruido,nao_informado,nao
N0868,snowballing,2024,MGQFormer: Mask-Guided Query-Based Transformer for Image Manipulation Localization,Proceedings of the AAAI Conference on Artificial Intelligence,nao_informado,nao_informado,nao_informado,nao_informado,nao_informado,nao
N0584,snowballing,2023,Face Forgery Detection by 3D Decomposition and Composition Search,IEEE Transactions on Pattern Analysis and Machine Intelligence,nao_informado,nao_informado,nao_informado,ruido,nao_informado,nao
N0463,snowballing,2021,ADD: Attention-Based DeepFake Detection Approach,Big Data and Cognitive Computing,nao_informado,nao_informado,nao_informado,nao_informado,nao_informado,nao
N0563,snowballing,2022,ExS-GAN: Synthesizing Anti-Forensics Images via Extra Supervised GAN,IEEE Transactions on Cybernetics,nao_informado,nao_informado,nao_informado,nao_informado,nao_informado,nao
N2112,snowballing,2024,Research on Deep Forgery Defense Technology Based on Artificial Intelligence Security,,face,B,transversal,temporal,nao_informado,sim
N0126,snowballing,2020,Detecting Deep-Fake Videos from Phoneme-Viseme Mismatches,,face,C,nao_informado,nao_informado,nao_informado,sim
N0759,snowballing,2025,Diffusion model in modern detection: Advancing Deepfake techniques,Knowledge-Based Systems,nao_informado,nao_informado,nao_informado,nao_informado,nao_informado,nao
N0643,snowballing,2023,Deepfakes: evolution and trends,Soft Computing,nao_informado,nao_informado,nao_informado,nao_informado,nao_informado,nao
N0373,snowballing,2020,Methods of Deepfake Detection Based on Machine Learning,,nao_informado,nao_informado,nao_informado,nao_informado,nao_informado,nao
N1933,snowballing,2025,Detection of Face-Swap Videos by Using Vision Transformer,,nao_informado,nao_informado,nao_informado,nao_informado,nao_informado,nao
N0783,snowballing,2023,MedNet: Medical deepfakes detection using an improved deep learning approach,Multimedia Tools and Applications,nao_informado,nao_informado,nao_informado,nao_informado,nao_informado,nao
N0384,snowballing,2021,Beyond the Spectrum: Detecting Deepfakes via Re-Synthesis,,nao_informado,nao_informado,nao_informado,frequencia,nao_informado,nao
N0769,snowballing,2023,MFI-Net: Multi-Feature Fusion Identification Networks for Artificial Intelligence Manipulation,IEEE Transactions on Circuits and Systems for Video Technology,nao_informado,nao_informado,nao_informado,nao_informado,nao_informado,nao
N0642,snowballing,2024,D-Net: A dual-encoder network for image splicing forgery detection and localization,Pattern Recognition,nao_informado,nao_informado,nao_informado,nao_informado,nao_informado,nao
N0099,snowballing,2022,Self-supervised Learning of Adversarial Example: Towards Good Generalizations for Deepfake Detection,2022 IEEE/CVF Conference on Computer Vision and Pattern Recognition (CVPR),nao_informado,nao_informado,nao_informado,nao_informado,nao_informado,nao
N0730,snowballing,2024,Learning Discriminative Noise Guidance for Image Forgery Detection and Localization,Proceedings of the AAAI Conference on Artificial Intelligence,nao_informado,nao_informado,nao_informado,ruido,nao_informado,nao
X0012,snowballing,2026,BMS-Net: Dual-Branch Multi-Scale Feature Fusion Network for Image Tampering Localization,,nao_informado,nao_informado,nao_informado,nao_informado,nao_informado,nao
N0967,snowballing,2024,Data augmentation with attention framework for robust deepfake detection,The Visual Computer,nao_informado,nao_informado,nao_informado,nao_informado,nao_informado,nao
N1147,snowballing,2021,A Multi-Layer Capsule-based Forensics Model for Fake Detection of Digital Visual Media,,nao_informado,nao_informado,nao_informado,ruido,nao_informado,nao
N0997,snowballing,2022,Generic Image Manipulation Localization through the Lens of Multi-scale Spatial Inconsistence,Proceedings of the 30th ACM International Conference on Multimedia,nao_informado,nao_informado,nao_informado,borda,nao_informado,nao
N0878,snowballing,2022,Copy-move image forgery detection based on evolving circular domains coverage,Multimedia Tools and Applications,nao_informado,nao_informado,nao_informado,nao_informado,nao_informado,nao
N1296,snowballing,2023,Exploiting Deepfakes by Analyzing Temporal Feature Inconsistency,International Journal of Advanced Computer Science and Applications,nao_informado,nao_informado,nao_informado,nao_informado,nao_informado,nao
N0324,snowballing,2021,Detecting fake images by identifying potential texture difference,Future Generation Computer Systems,imagem_natural,nao_informado,nao_informado,textura,nao_informado,sim
N0631,snowballing,2023,Comprint: Image Forgery Detection and Localization Using Compression Fingerprints,Lecture notes in computer science,nao_informado,nao_informado,nao_informado,nao_informado,nao_informado,nao
N0852,snowballing,2024,DAE-Net: Dual Attention Mechanism and Edge Supervision Network for Image Manipulation Detection and Localization,IEEE Transactions on Instrumentation and Measurement,nao_informado,nao_informado,nao_informado,borda+ruido,nao_informado,nao
N0874,snowballing,2024,Weakly-supervised deepfake localization in diffusion-generated images,,nao_informado,nao_informado,nao_informado,nao_informado,nao_informado,nao
N2072,snowballing,2025,Modeling a novel modified DeepLabV3Plus network for localization of tampered region in an image and video,Multimedia Tools and Applications,imagem_natural,nao_informado,nao_informado,nao_informado,nao_informado,sim
N0465,snowballing,2022,CNN-Transformer Based Generative Adversarial Network for Copy-Move Source/ Target Distinguishment,IEEE Transactions on Circuits and Systems for Video Technology,nao_informado,nao_informado,nao_informado,nao_informado,nao_informado,nao
N0190,snowballing,2023,Deep fake detection and classification using error-level analysis and deep learning,Scientific Reports,face,B,entrada_bruta,ruido,nao_informado,sim
N1898,snowballing,2025,DIDM: Deepfake Image Detection Model Using Deep Learning,,nao_informado,nao_informado,nao_informado,nao_informado,nao_informado,nao
N0347,snowballing,2021,Detecting Deepfake Videos with Temporal Dropout 3DCNN,,face,B,entrada_bruta,temporal,ausente,sim
N1827,snowballing,2026,AI-Generated Image Detection Based on Feature Fusion Composite,,nao_informado,nao_informado,nao_informado,nao_informado,nao_informado,nao
N0319,snowballing,2020,DeepFake Face Image Detection based on Improved VGG Convolutional Neural Network,,face,B,entrada_bruta,ruido,ausente,sim
N0149,snowballing,2023,AVoiD-DF: Audio-Visual Joint Learning for Detecting Deepfake,IEEE Transactions on Information Forensics and Security,face,A,transversal,espacial+temporal,nao_informado,sim
N1278,snowballing,2025,Characterizing Photorealism and Artifacts in Diffusion Model-Generated Images,,nao_informado,nao_informado,nao_informado,nao_informado,nao_informado,nao
N1153,snowballing,2023,Deepfake Detection,,nao_informado,nao_informado,nao_informado,nao_informado,nao_informado,nao
N0772,snowballing,2024,4DPM: Deepfake Detection With a Denoising Diffusion Probabilistic Mask,IEEE Signal Processing Letters,nao_informado,nao_informado,nao_informado,ruido,nao_informado,nao
N2114,snowballing,2026,Research on an Excessive Artist Style Mimicry Detection Algorithm for AI-Generated Artworks,,imagem_natural,nao_informado,nao_informado,nao_informado,nao_informado,sim
N0030,snowballing,2020,CNN-Generated Images Are Surprisingly Easy to Spot… for Now,,nao_informado,nao_informado,nao_informado,nao_informado,nao_informado,nao
N0549,snowballing,2024,Texture and artifact decomposition for improving generalization in deep-learning-based deepfake detection,Engineering Applications of Artificial Intelligence,nao_informado,nao_informado,nao_informado,nao_informado,nao_informado,nao
X0013,snowballing,2024,Attentive and Contrastive Image Manipulation Localization With Boundary Guidance,IEEE Transactions on Information Forensics and Security,nao_informado,nao_informado,nao_informado,borda,nao_informado,nao
X0014,snowballing,2022,Hybrid Transformer Network for Deepfake Detection,,nao_informado,nao_informado,nao_informado,nao_informado,nao_informado,nao
N2011,snowballing,2026,Gradient-guided up-sampling artifacts-aware adapter tuning for generalizable AI-generated image detection,Expert Systems with Applications,nao_informado,nao_informado,nao_informado,nao_informado,nao_informado,nao
N0138,snowballing,2021,Detecting Compressed Deepfake Videos in Social Networks Using Frame-Temporality Two-Stream Convolutional Network,IEEE Transactions on Circuits and Systems for Video Technology,face,A,cabeca,espacial+ruido+temporal,nao_informado,sim
N0839,snowballing,2023,SAFL-Net: Semantic-Agnostic Feature Learning Network with Auxiliary Plugins for Image Manipulation Detection,,nao_informado,nao_informado,nao_informado,borda,nao_informado,nao
N1531,snowballing,2023,Learning Interpretable Forensic Representations via Local Window Modulation,,nao_informado,nao_informado,nao_informado,nao_informado,nao_informado,nao
N0536,snowballing,2024,Deepfake Detection Using Spatiotemporal Transformer,ACM Transactions on Multimedia Computing Communications and Applications,nao_informado,nao_informado,nao_informado,nao_informado,nao_informado,nao
N0019,snowballing,2020,Celeb-DF: A Large-Scale Challenging Dataset for DeepFake Forensics,,nao_informado,nao_informado,nao_informado,nao_informado,nao_informado,nao
N0541,snowballing,2022,Visual attention-based deepfake video forgery detection,Pattern Analysis and Applications,nao_informado,nao_informado,nao_informado,nao_informado,nao_informado,nao
N0457,snowballing,2022,Depth map guided triplet network for deepfake face detection,Neural Networks,nao_informado,nao_informado,nao_informado,nao_informado,nao_informado,nao
N1834,snowballing,2026,ARGUS: An AI-based Real-time Global Unified Deepfake Screening System,,nao_informado,nao_informado,nao_informado,nao_informado,nao_informado,nao
N1927,snowballing,2026,Detecting Deepfakes Using Two‐Stream Framework Based on EfficientNet and Vision Transformer,Journal of Electrical and Computer Engineering,nao_informado,nao_informado,nao_informado,ruido,nao_informado,nao
N0468,snowballing,2023,Transformer-Auxiliary Neural Networks for Image Manipulation Localization by Operator Inductions,IEEE Transactions on Circuits and Systems for Video Technology,nao_informado,nao_informado,nao_informado,borda,nao_informado,nao
N1237,snowballing,2025,DiffFake: Exposing Deepfakes Using Differential Anomaly Detection,,nao_informado,nao_informado,nao_informado,nao_informado,nao_informado,nao
N0568,snowballing,2023,A Novel Smart Deepfake Video Detection System,International Journal of Advanced Computer Science and Applications,nao_informado,nao_informado,nao_informado,frequencia,nao_informado,nao
X0015,snowballing,2023,CSARUNet: an attention mechanism-based model for image tampering localization with ringed residual block,,nao_informado,nao_informado,nao_informado,nao_informado,nao_informado,nao
N1397,snowballing,2022,An Architecture for the detection of GAN-generated Flood Images with Localization Capabilities,,nao_informado,nao_informado,nao_informado,nao_informado,nao_informado,nao
N0028,snowballing,2020,Face X-Ray for More General Face Forgery Detection,,nao_informado,nao_informado,nao_informado,borda,nao_informado,nao
N0899,snowballing,2025,Deepfake face detection via multi-level discrete wavelet transform and vision transformer,The Visual Computer,nao_informado,nao_informado,nao_informado,frequencia,nao_informado,nao
N0043,snowballing,2020,On the Detection of Digital Face Manipulation,,nao_informado,nao_informado,nao_informado,nao_informado,nao_informado,nao
N1556,snowballing,2025,Synthetic shadows: the interplay of forensic detection and anti-forensic techniques in GAN-generated images,Multimedia Systems,imagem_natural,nao_informado,nao_informado,nao_informado,nao_informado,sim
N0346,snowballing,2022,Detecting Deepfake Images Using Deep Learning Techniques and Explainable AI Methods,Intelligent Automation & Soft Computing,face,D,nao_informado,nao_informado,nao_informado,sim
N0671,snowballing,2024,GenAI mirage: The impostor bias and the deepfake detection challenge in the era of artificial illusions,Forensic Science International Digital Investigation,nao_informado,nao_informado,nao_informado,nao_informado,nao_informado,nao
N1042,snowballing,2024,1M-Deepfakes Detection Challenge,,nao_informado,nao_informado,nao_informado,nao_informado,nao_informado,nao
N0445,snowballing,2020,DeepFake Video Detection: A Time-Distributed Approach,SN Computer Science,nao_informado,nao_informado,nao_informado,nao_informado,nao_informado,nao
N0430,snowballing,2020,FDFtNet: Facing Off Fake Images Using Fake Detection Fine-Tuning Network,IFIP advances in information and communication technology,nao_informado,nao_informado,nao_informado,nao_informado,nao_informado,nao
N0763,snowballing,2024,GazeForensics: DeepFake detection via gaze-guided spatial inconsistency learning,Neural Networks,nao_informado,nao_informado,nao_informado,nao_informado,nao_informado,nao
N0377,snowballing,2021,Detecting Deep-Fake Videos from Aural and Oral Dynamics,,nao_informado,nao_informado,nao_informado,nao_informado,nao_informado,nao
N0595,snowballing,2024,Learning to Discover Forgery Cues for Face Forgery Detection,IEEE Transactions on Information Forensics and Security,nao_informado,nao_informado,nao_informado,ruido,nao_informado,nao
N0543,snowballing,2020,Detecting Deepfake Videos using Attribution-Based Confidence Metric,,nao_informado,nao_informado,nao_informado,nao_informado,nao_informado,nao
N0743,snowballing,2025,Improving Synthetic Image Detection Towards Generalization: An Image Transformation Perspective,,nao_informado,nao_informado,nao_informado,nao_informado,nao_informado,nao
N0189,snowballing,2022,Robust Image Forgery Detection Against Transmission Over Online Social Networks,IEEE Transactions on Information Forensics and Security,imagem_natural,D,nao_informado,ruido,nao_informado,sim
N0887,snowballing,2022,Multitask Image Splicing Tampering Detection Based on Attention Mechanism,Mathematics,nao_informado,nao_informado,nao_informado,nao_informado,nao_informado,nao
N0167,snowballing,2021,Spatiotemporal Inconsistency Learning for DeepFake Video Detection,,face,B,corpo,espacial+temporal,nao_informado,sim
N0277,snowballing,2021,DefakeHop: A Light-Weight High-Performance Deepfake Detector,,face,C,nao_informado,nao_informado,nao_informado,sim
X0016,snowballing,2024,EMF-Net: An edge-guided multi-feature fusion network for text manipulation detection,Expert Systems with Applications,nao_informado,nao_informado,nao_informado,borda,nao_informado,nao
N0844,snowballing,2024,Uncertainty-aware hierarchical labeling for face forgery detection,Pattern Recognition,nao_informado,nao_informado,nao_informado,nao_informado,nao_informado,nao
N0746,snowballing,2022,MiniNet: a concise CNN for image forgery detection,Evolving Systems,nao_informado,nao_informado,nao_informado,nao_informado,nao_informado,nao
N1929,snowballing,2025,Detecting Double Compression in Images Using Difference of Class Activation Maps,,nao_informado,nao_informado,nao_informado,nao_informado,nao_informado,nao
N0687,snowballing,2024,Image Copy-Move Forgery Detection via Deep PatchMatch and Pairwise Ranking Learning,IEEE Transactions on Image Processing,nao_informado,nao_informado,nao_informado,nao_informado,nao_informado,nao
N1224,snowballing,2021,Adversarial Attack on Fake-Faces Detectors Under White and Black Box Scenarios,,nao_informado,nao_informado,nao_informado,nao_informado,nao_informado,nao
N0693,snowballing,2024,Towards Quantitative Evaluation of Explainable AI Methods for Deepfake Detection,,nao_informado,nao_informado,nao_informado,nao_informado,nao_informado,nao
N0433,snowballing,2023,Augmented Multi-Scale Spatiotemporal Inconsistency Magnifier for Generalized DeepFake Detection,IEEE Transactions on Multimedia,nao_informado,nao_informado,nao_informado,nao_informado,nao_informado,nao
N0826,snowballing,2024,Strong robust copy-move forgery detection network based on layer-by-layer decoupling refinement,Information Processing & Management,nao_informado,nao_informado,nao_informado,nao_informado,nao_informado,nao
N1329,snowballing,2024,2D-Malafide: Adversarial Attacks Against Face Deepfake Detection Systems,,nao_informado,nao_informado,nao_informado,ruido,nao_informado,nao
N1229,snowballing,2024,Building Robust Video-Level Deepfake Detection via Audio-Visual Local-Global Interactions,,nao_informado,nao_informado,nao_informado,nao_informado,nao_informado,nao
N0203,snowballing,2021,Anti-Forensics for Face Swapping Videos via Adversarial Training,IEEE Transactions on Multimedia,face,D,nao_informado,nao_informado,nao_informado,sim
N0892,snowballing,2024,Spatio-temporal knowledge distilled video vision transformer (STKD-VViT) for multimodal deepfake detection,Neurocomputing,nao_informado,nao_informado,nao_informado,nao_informado,nao_informado,nao
N0302,snowballing,2022,Do You Really Mean That? Content Driven Audio-Visual Deepfake Dataset and Multimodal Method for Temporal Forgery Localization,,face,D,nao_informado,borda+temporal,nao_informado,sim
X0017,snowballing,2023,Detecting Deepfake Videos using Spatiotemporal Trident Network,ACM Transactions on Multimedia Computing Communications and Applications,nao_informado,nao_informado,nao_informado,ruido,nao_informado,nao
N0469,snowballing,2024,Assessment framework for deepfake detection in real-world situations,EURASIP Journal on Image and Video Processing,nao_informado,nao_informado,nao_informado,nao_informado,nao_informado,nao
N1444,snowballing,2022,Non-overlapping block-level difference-based image forgery detection and localization (NB-localization),The Visual Computer,nao_informado,nao_informado,nao_informado,nao_informado,nao_informado,nao
N0467,snowballing,2023,MSVT: Multiple Spatiotemporal Views Transformer for DeepFake Video Detection,IEEE Transactions on Circuits and Systems for Video Technology,nao_informado,nao_informado,nao_informado,nao_informado,nao_informado,nao
N0258,snowballing,2023,Deep Convolutional Pooling Transformer for Deepfake Detection,ACM Transactions on Multimedia Computing Communications and Applications,face,B,nao_informado,nao_informado,nao_informado,sim
N1043,snowballing,2024,A Contribution-Aware Noise Feature representation model for image manipulation localization,Knowledge-Based Systems,nao_informado,nao_informado,nao_informado,ruido,nao_informado,nao
N1246,snowballing,2022,Image Forgery Detection Using Deep Learning Framework,2022 IEEE 5th International Conference on Information Systems and Computer Aided Education (ICISCAE),nao_informado,nao_informado,nao_informado,nao_informado,nao_informado,nao
N0228,snowballing,2020,DeepfakeStack: A Deep Ensemble-based Learning Technique for Deepfake Detection,,face,E,nao_informado,nao_informado,nao_informado,sim
N0707,snowballing,2024,Language-Guided Hierarchical Fine-Grained Image Forgery Detection and Localization,International Journal of Computer Vision,nao_informado,nao_informado,nao_informado,nao_informado,nao_informado,nao
N0481,snowballing,2025,"SIDA: Social Media Image Deepfake Detection, Localization and Explanation with Large Multimodal Model",,nao_informado,nao_informado,nao_informado,nao_informado,nao_informado,nao
N0437,snowballing,2021,A lightweight 3D convolutional neural network for deepfake detection,International Journal of Intelligent Systems,nao_informado,nao_informado,nao_informado,nao_informado,nao_informado,nao
N1334,snowballing,2024,AdaIFL: Adaptive Image Forgery Localization via a Dynamic and Importance-Aware Transformer Network,Lecture notes in computer science,nao_informado,nao_informado,nao_informado,nao_informado,nao_informado,nao
N0121,snowballing,2023,TruFor: Leveraging All-Round Clues for Trustworthy Image Forgery Detection and Localization,,imagem_natural,A,nao_informado,espacial+ruido,atencao,sim
N1284,snowballing,2024,DeePhyNet: Toward Detecting Phylogeny in Deepfakes,IEEE Transactions on Biometrics Behavior and Identity Science,nao_informado,nao_informado,nao_informado,nao_informado,nao_informado,nao
N0171,snowballing,2022,Protecting Celebrities from DeepFake with Identity Consistency Transformer,2022 IEEE/CVF Conference on Computer Vision and Pattern Recognition (CVPR),face,B,nao_informado,nao_informado,nao_informado,sim
N0035,snowballing,2021,Multi-attentional Deepfake Detection,,nao_informado,nao_informado,nao_informado,nao_informado,nao_informado,nao
N0787,snowballing,2024,UnionFormer: Unified-Learning Transformer with Multi-View Representation for Image Manipulation Detection and Localization,,nao_informado,nao_informado,nao_informado,borda+ruido,nao_informado,nao
N0560,snowballing,2024,CNN-Keypoint Based Two-Stage Hybrid Approach for Copy-Move Forgery Detection,IEEE Access,nao_informado,nao_informado,nao_informado,ruido,nao_informado,nao
X0018,snowballing,2024,Exploiting Style Latent Flows for Generalizing Deepfake Video Detection,,nao_informado,nao_informado,nao_informado,nao_informado,nao_informado,nao
N1917,snowballing,2026,Deepfake aware cyberbullying detection using a Siamese CNN–LSTM framework with particle swarm optimization,Array,nao_informado,nao_informado,nao_informado,borda,nao_informado,nao
N0336,snowballing,2021,Copy Move Source-Target Disambiguation through Multi-Branch CNNs,Use Siena air (University of Siena),imagem_natural,A,nao_informado,borda,nao_informado,sim
N0706,snowballing,2021,HCiT: Deepfake Video Detection Using a Hybrid Model of CNN features and Vision Transformer,2021 International Conference on Visual Communications and Image Processing (VCIP),nao_informado,nao_informado,nao_informado,nao_informado,nao_informado,nao
N0861,snowballing,2021,Detection of GAN-Generated Images by Estimating Artifact Similarity,IEEE Signal Processing Letters,nao_informado,nao_informado,nao_informado,nao_informado,nao_informado,nao
N0737,snowballing,2023,Towards Generic Image Manipulation Detection with Weakly-Supervised Self-Consistency Learning,,nao_informado,nao_informado,nao_informado,nao_informado,nao_informado,nao
N0773,snowballing,2023,AW-MSA: Adaptively weighted multi-scale attentional features for DeepFake detection,Engineering Applications of Artificial Intelligence,nao_informado,nao_informado,nao_informado,nao_informado,nao_informado,nao
N1109,snowballing,2025,Semantics-Oriented Multitask Learning for DeepFake Detection: A Joint Embedding Approach,IEEE Transactions on Circuits and Systems for Video Technology,nao_informado,nao_informado,nao_informado,nao_informado,nao_informado,nao
N0139,snowballing,2023,Implicit Identity Leakage: The Stumbling Block to Improving Deepfake Detection Generalization,,face,nao_informado,nao_informado,nao_informado,nao_informado,sim
N0250,snowballing,2024,Forgery-aware Adaptive Transformer for Generalizable Synthetic Image Detection,,nao_informado,nao_informado,nao_informado,frequencia,nao_informado,nao
N0110,snowballing,2020,SPAN: Spatial Pyramid Attention Network for Image Manipulation Localization,Lecture notes in computer science,nao_informado,nao_informado,nao_informado,nao_informado,nao_informado,nao
N1074,snowballing,2024,Temporal surface frame anomalies for deepfake video detection,,nao_informado,nao_informado,nao_informado,nao_informado,nao_informado,nao
N1211,snowballing,2023,PS-Net: A Learning Strategy for Accurately Exposing the Professional Photoshop Inpainting,IEEE Transactions on Neural Networks and Learning Systems,nao_informado,nao_informado,nao_informado,frequencia+ruido,nao_informado,nao
N1208,snowballing,2023,Multi-scale Target-Aware Framework for Constrained Splicing Detection and Localization,,nao_informado,nao_informado,nao_informado,nao_informado,nao_informado,nao
N1373,snowballing,2024,Modified Keypoint-Based Copy Move Area Detection,Procedia Computer Science,nao_informado,nao_informado,nao_informado,ruido,nao_informado,nao
N0656,snowballing,2021,Attentive Semantic Exploring for Manipulated Face Detection,,nao_informado,nao_informado,nao_informado,nao_informado,nao_informado,nao
N0485,snowballing,2021,Deepfakes Creation and Detection Using Deep Learning,,nao_informado,nao_informado,nao_informado,nao_informado,nao_informado,nao
N1254,snowballing,2024,Preserving Anonymity: Deep-Fake as an Identity-Protection Device and as a Digital Camouflage,International Journal for the Semiotics of Law - Revue internationale de Sémiotique juridique,nao_informado,nao_informado,nao_informado,nao_informado,nao_informado,nao
N0980,snowballing,2022,Localization of Inpainting Forgery With Feature Enhancement Network,IEEE Transactions on Big Data,nao_informado,nao_informado,nao_informado,nao_informado,nao_informado,nao
N0254,snowballing,2022,Hierarchical Frequency-Assisted Interactive Networks for Face Manipulation Detection,IEEE Transactions on Information Forensics and Security,face,A,transversal,espacial+frequencia,atencao,sim
N1482,snowballing,2022,Comparative Compression Robustness Evaluation of Digital Image Forensics,Lecture notes in computer science,nao_informado,nao_informado,nao_informado,nao_informado,nao_informado,nao
N1365,snowballing,2021,Learning Diverse Local Patterns for Deepfake Detection with Image-level Supervision,,nao_informado,nao_informado,nao_informado,nao_informado,nao_informado,nao
N0849,snowballing,2024,A guided-based approach for deepfake detection: RGB-depth integration via features fusion,Pattern Recognition Letters,nao_informado,nao_informado,nao_informado,nao_informado,nao_informado,nao
N1150,snowballing,2024,Authenticating AI-Generated Social Media Images Using Frequency Domain Analysis,,nao_informado,nao_informado,nao_informado,frequencia,nao_informado,nao
N0684,snowballing,2023,Exposing low-quality deepfake videos of Social Network Service using Spatial Restored Detection Framework,Expert Systems with Applications,nao_informado,nao_informado,nao_informado,nao_informado,nao_informado,nao
N2102,snowballing,2026,Protecting Digital Identities: Deepfake Face Detection Using Dual-Decoder U-Net Semantic Segmentation,Future Internet,face,A,camadas_finais,borda,atencao,sim
N0748,snowballing,2023,ReLoc: A Restoration-Assisted Framework for Robust Image Tampering Localization,IEEE Transactions on Information Forensics and Security,nao_informado,nao_informado,nao_informado,nao_informado,nao_informado,nao
N0789,snowballing,2024,Using Graph Neural Networks to Improve Generalization Capability of the Models for Deepfake Detection,IEEE Transactions on Information Forensics and Security,nao_informado,nao_informado,nao_informado,nao_informado,nao_informado,nao
N1361,snowballing,2023,Identification of image global processing operator chain based on feature decoupling,Information Sciences,nao_informado,nao_informado,nao_informado,nao_informado,nao_informado,nao
N0902,snowballing,2020,Efficient-Frequency: a hybrid visual forensic framework for facial forgery detection,,nao_informado,nao_informado,nao_informado,frequencia,nao_informado,nao
N0857,snowballing,2020,Deepfake Detection with Clustering-based Embedding Regularization,,nao_informado,nao_informado,nao_informado,nao_informado,nao_informado,nao
X0019,snowballing,2025,Is Attention Mechanism Enough for Accurate Deep Learning-Based Image Forgery Detection Models?,,nao_informado,nao_informado,nao_informado,nao_informado,nao_informado,nao
N0611,snowballing,2020,On the use of Benford's law to detect GAN-generated images,Virtual Community of Pathological Anatomy (University of Castilla La Mancha),nao_informado,nao_informado,nao_informado,frequencia,nao_informado,nao
N0339,snowballing,2021,One Detector to Rule Them All,,face,B,nao_informado,espacial+temporal,nao_informado,sim
N1094,snowballing,2025,Deepfake Detection Using Spatio-Temporal-Structural Anomaly Learning and Fuzzy System-Based Decision Fusion,IEEE Access,nao_informado,nao_informado,nao_informado,nao_informado,nao_informado,nao
N1655,snowballing,2025,A Comparative Study for Localization of Forgery Regions in Images,IEEE Access,imagem_natural,A,transversal,espacial+frequencia,nao_informado,sim
N1124,snowballing,2023,Evaluating Trustworthiness and Racial Bias in Face Recognition APIs Using Deepfakes,Computer,nao_informado,nao_informado,nao_informado,nao_informado,nao_informado,nao
N0894,snowballing,2022,An Interpretable Image Tampering Detection Approach Based on Cooperative Game,IEEE Transactions on Circuits and Systems for Video Technology,nao_informado,nao_informado,nao_informado,nao_informado,nao_informado,nao
N0210,snowballing,2022,UIA-ViT: Unsupervised Inconsistency-Aware Method Based on Vision Transformer for Face Forgery Detection,Lecture notes in computer science,face,nao_informado,nao_informado,nao_informado,nao_informado,sim
N0105,snowballing,2022,Combining EfficientNet and Vision Transformers for Video Deepfake Detection,Lecture notes in computer science,nao_informado,nao_informado,nao_informado,nao_informado,nao_informado,nao
N0546,snowballing,2024,MMNet: Multi-Collaboration and Multi-Supervision Network for Sequential Deepfake Detection,IEEE Transactions on Information Forensics and Security,nao_informado,nao_informado,nao_informado,nao_informado,nao_informado,nao
N1069,snowballing,2024,Quality-based Artifact Modeling for Facial Deepfake Detection in Videos,,nao_informado,nao_informado,nao_informado,nao_informado,nao_informado,nao
N1981,snowballing,2025,Face Swapping Attack Detection Using Multistream Feature Embeddings,,nao_informado,nao_informado,nao_informado,frequencia,nao_informado,nao
N0660,snowballing,2020,Towards multi-operation image anti-forensics with generative adversarial networks,Computers & Security,nao_informado,nao_informado,nao_informado,nao_informado,nao_informado,nao
N2018,snowballing,2026,Hybrid CNN and Transformer-Based Temporal Modeling for Deepfake Video Detection,,nao_informado,nao_informado,nao_informado,nao_informado,nao_informado,nao
N0398,snowballing,2021,Initiative Defense against Facial Manipulation,Proceedings of the AAAI Conference on Artificial Intelligence,nao_informado,nao_informado,nao_informado,nao_informado,nao_informado,nao
N1569,snowballing,2026,AVSCNet: A dual-branch network for synchronization detection and content consistency learning in audio-video forgery detection,Neurocomputing,nao_informado,A,nao_informado,nao_informado,nao_informado,sim
N0122,snowballing,2020,Recurrent Convolutional Structures for Audio Spoof and Video Deepfake Detection,IEEE Journal of Selected Topics in Signal Processing,face,B,nao_informado,espacial+temporal,nao_informado,sim
N0316,snowballing,2022,Delving into the Local: Dynamic Inconsistency Learning for DeepFake Video Detection,Proceedings of the AAAI Conference on Artificial Intelligence,face,B,corpo,temporal,nao_informado,sim
N0198,snowballing,2021,IID-Net: Image Inpainting Detection Network via Neural Architecture Search and Attention,IEEE Transactions on Circuits and Systems for Video Technology,imagem_natural,B,transversal,nao_informado,ausente,sim
N0330,snowballing,2021,"Detecting DeepFake, FaceSwap and Face2Face facial forgeries using frequency CNN",Multimedia Tools and Applications,face,nao_informado,nao_informado,frequencia,nao_informado,sim
X0020,snowballing,2026,Explainable Spatio-Temporal Attention Framework for GAN-Based Deepfake Detection,Electronics,nao_informado,nao_informado,nao_informado,nao_informado,nao_informado,nao
N0417,snowballing,2024,Where Deepfakes Gaze at? Spatial–Temporal Gaze Inconsistency Analysis for Video Face Forgery Detection,IEEE Transactions on Information Forensics and Security,nao_informado,nao_informado,nao_informado,nao_informado,nao_informado,nao
N1764,snowballing,2025,Quantitative Analysis of Visual XAI for Multiclass DeepFake Detection Based on CNN,,nao_informado,nao_informado,nao_informado,ruido,nao_informado,nao
N0260,snowballing,2021,PRRNet: Pixel-Region relation network for face forgery detection,Pattern Recognition,face,nao_informado,nao_informado,nao_informado,nao_informado,sim
N0518,snowballing,2022,Deep fake detection using cascaded deep sparse auto-encoder for effective feature selection,PeerJ Computer Science,nao_informado,nao_informado,nao_informado,nao_informado,nao_informado,nao
N0309,snowballing,2020,"SSTNet: Detecting Manipulated Faces Through Spatial, Steganalysis and Temporal Features",,face,A,transversal,espacial+ruido+temporal,nao_informado,sim
X0021,snowballing,2024,Exploring multi-scale forgery clues for stereo super-resolution image forgery localization,Pattern Recognition,nao_informado,nao_informado,nao_informado,nao_informado,nao_informado,nao
N0918,snowballing,2021,Diffusion-based image inpainting forensics via weighted least squares filtering enhancement,Multimedia Tools and Applications,nao_informado,nao_informado,nao_informado,nao_informado,nao_informado,nao
N1490,snowballing,2024,Deep Fake Image and Video Detection using Deep Learning,,nao_informado,nao_informado,nao_informado,nao_informado,nao_informado,nao
N0781,snowballing,2024,Image forgery detection by combining Visual Transformer with Variational Autoencoder Network,Applied Soft Computing,nao_informado,nao_informado,nao_informado,nao_informado,nao_informado,nao
N0108,snowballing,2021,Representative Forgery Mining for Fake Face Detection,,nao_informado,nao_informado,nao_informado,nao_informado,nao_informado,nao
N0184,snowballing,2023,FAMM: Facial Muscle Motions for Detecting Compressed Deepfake Videos Over Social Networks,IEEE Transactions on Circuits and Systems for Video Technology,face,C,nao_informado,nao_informado,nao_informado,sim
N1163,snowballing,2023,Image Copy-Move Forgery Detection via Deep Cross-Scale PatchMatch,,nao_informado,nao_informado,nao_informado,nao_informado,nao_informado,nao
N1562,snowballing,2025,2DCB-PSO: An Advanced Image Forensics Technique for Enhancing Accuracy in Digital Image Analysis,Arabian Journal for Science and Engineering,imagem_natural,nao_informado,nao_informado,nao_informado,nao_informado,sim
N0752,snowballing,2023,Unmasking Deception: Empowering Deepfake Detection with Vision Transformer Network,Mathematics,nao_informado,nao_informado,nao_informado,nao_informado,nao_informado,nao
N0555,snowballing,2022,DeepFake Disrupter: The Detector of DeepFake Is My Friend,2022 IEEE/CVF Conference on Computer Vision and Pattern Recognition (CVPR),nao_informado,nao_informado,nao_informado,nao_informado,nao_informado,nao
N0669,snowballing,2021,DeepFake MNIST+: A DeepFake Facial Animation Dataset,,nao_informado,nao_informado,nao_informado,nao_informado,nao_informado,nao
X0022,snowballing,2023,Effective image tampering localization with multi-scale ConvNeXt feature fusion,Journal of Visual Communication and Image Representation,nao_informado,nao_informado,nao_informado,nao_informado,nao_informado,nao
N1093,snowballing,2023,DeepFake detection against adversarial examples based on D‐VAEGAN,IET Image Processing,nao_informado,nao_informado,nao_informado,nao_informado,nao_informado,nao
N0312,snowballing,2023,Dynamic Difference Learning With Spatio–Temporal Correlation for Deepfake Video Detection,IEEE Transactions on Information Forensics and Security,face,B,corpo,espacial+temporal,nao_informado,sim
N0109,snowballing,2021,Image Manipulation Detection by Multi-View Multi-Scale Supervision,2021 IEEE/CVF International Conference on Computer Vision (ICCV),nao_informado,nao_informado,nao_informado,borda+ruido,nao_informado,nao
N1411,snowballing,2025,Deepfake Detection Using Convolutional Neural Networks and LSTM Modelling,International Journal of Scientific Research in Science and Technology,nao_informado,nao_informado,nao_informado,nao_informado,nao_informado,nao
N1347,snowballing,2023,Detection of Synthesized Satellite Images Using Deep Neural Networks,2023 17th International Conference on Ubiquitous Information Management and Communication (IMCOM),nao_informado,nao_informado,nao_informado,nao_informado,nao_informado,nao
N1442,snowballing,2024,Multi-Scenario Remote Sensing Image Forgery Detection Based on Transformer and Model Fusion,Remote Sensing,nao_informado,nao_informado,nao_informado,nao_informado,nao_informado,nao
N0561,snowballing,2022,Detection and Localization of Facial Expression Manipulations,2022 IEEE/CVF Winter Conference on Applications of Computer Vision (WACV),nao_informado,nao_informado,nao_informado,nao_informado,nao_informado,nao
N1065,snowballing,2025,Leveraging facial landmarks improves generalization ability for deepfake detection,Pattern Recognition,nao_informado,nao_informado,nao_informado,nao_informado,nao_informado,nao
N0070,snowballing,2022,PSCC-Net: Progressive Spatio-Channel Correlation Network for Image Manipulation Detection and Localization,IEEE Transactions on Circuits and Systems for Video Technology,nao_informado,nao_informado,nao_informado,nao_informado,nao_informado,nao
N0106,snowballing,2020,Video face manipulation detection through ensemble of CNNs,Virtual Community of Pathological Anatomy (University of Castilla La Mancha),nao_informado,nao_informado,nao_informado,nao_informado,nao_informado,nao
N2038,snowballing,2026,JPEG-scaling operation chain forensics: JPEG compression detection and scaling factor estimation,Journal of Visual Communication and Image Representation,nao_informado,nao_informado,nao_informado,nao_informado,nao_informado,nao
N1605,snowballing,2024,Fake Face Detection Using Deep Neural Network,,face,nao_informado,nao_informado,nao_informado,nao_informado,sim
N0237,snowballing,2021,FReTAL: Generalizing Deepfake Detection using Knowledge Distillation and Representation Learning,,face,D,nao_informado,nao_informado,nao_informado,sim
N1123,snowballing,2024,Detectify : Image Tampering Detection using Error Level Analysis (ELA) and Convolutional Neural Network (CNN),,nao_informado,nao_informado,nao_informado,nao_informado,nao_informado,nao
N0810,snowballing,2022,Towards JPEG-Resistant Image Forgery Detection and Localization Via Self-Supervised Domain Adaptation,IEEE Transactions on Pattern Analysis and Machine Intelligence,nao_informado,nao_informado,nao_informado,borda,nao_informado,nao
X0023,snowballing,2023,DMFF-Net: Double-stream multilevel feature fusion network for image forgery localization,Engineering Applications of Artificial Intelligence,nao_informado,nao_informado,nao_informado,nao_informado,nao_informado,nao
N0747,snowballing,2021,Perception matters: Exploring imperceptible and transferable anti-forensics for GAN-generated fake face imagery detection,Pattern Recognition Letters,nao_informado,nao_informado,nao_informado,nao_informado,nao_informado,nao
N0419,snowballing,2020,An Adaptive Neural Network for Unsupervised Mosaic Consistency Analysis in Image Forensics,,nao_informado,nao_informado,nao_informado,ruido,nao_informado,nao
N1279,snowballing,2024,Copy-Move Forgery Detection and Localization Framework for Images Using Stationary Wavelet Transform and Hybrid Dilated Adaptive VGG16 with Optimization Strategy,International Journal of Image Graphics and Signal Processing,nao_informado,nao_informado,nao_informado,frequencia,nao_informado,nao
N2146,snowballing,2026,Synthetic image detection method integrating neural ordinary differential equations and spatial attention transformer,The Journal of Supercomputing,imagem_natural,nao_informado,nao_informado,nao_informado,atencao,sim
N0809,snowballing,2021,Smart Watermark to Defend against Deepfake Image Manipulation,2021 IEEE 6th International Conference on Computer and Communication Systems (ICCCS),nao_informado,nao_informado,nao_informado,nao_informado,nao_informado,nao
N0291,snowballing,2020,Preventing DeepFake Attacks on Speaker Authentication by Dynamic Lip Movement Analysis,IEEE Transactions on Information Forensics and Security,face,B,nao_informado,temporal,ausente,sim
N0220,snowballing,2022,Image manipulation detection by multiple tampering traces and edge artifact enhancement,Pattern Recognition,imagem_natural,nao_informado,nao_informado,borda,nao_informado,sim
N1315,snowballing,2020,Object based Image Splicing Localization using Block Artificial Grids,International Journal of Advanced Computer Science and Applications,nao_informado,nao_informado,nao_informado,nao_informado,nao_informado,nao
N0814,snowballing,2022,Deepfake attack prevention using steganography GANs,PeerJ Computer Science,nao_informado,nao_informado,nao_informado,nao_informado,nao_informado,nao
N1264,snowballing,2025,Understanding and Empowering Intelligence Analysts: User-Centered Design for Deepfake Detection Tools,,nao_informado,nao_informado,nao_informado,nao_informado,nao_informado,nao
N0076,snowballing,2020,Global Texture Enhancement for Fake Face Detection in the Wild,,nao_informado,nao_informado,nao_informado,ruido,nao_informado,nao
N1494,snowballing,2024,Deepfakes Video Detection Based on Landmark Calibration and Neural Networks,,nao_informado,nao_informado,nao_informado,ruido,nao_informado,nao
N1963,snowballing,2025,Enhancing the accuracy of image forgery prediction using DenseNet compared with CNN,AIP conference proceedings,nao_informado,nao_informado,nao_informado,nao_informado,nao_informado,nao
N0352,snowballing,2021,Do Deepfakes Feel Emotions? A Semantic Approach to Detecting Deepfakes Via Emotional Inconsistencies,,face,A,nao_informado,temporal,nao_informado,sim
N1078,snowballing,2022,A Multi-color Spatio-Temporal Approach For Detecting DeepFake,,nao_informado,nao_informado,nao_informado,nao_informado,nao_informado,nao
N1133,snowballing,2024,Image Splicing Forgery Detection Using Feature-Based of Sonine Functions and Deep Features,"Computers, materials & continua/Computers, materials & continua (Print)",nao_informado,nao_informado,nao_informado,nao_informado,nao_informado,nao
N0945,snowballing,2021,Digital Image Tampering Detection Using Multilevel Local Binary Pattern Texture Descriptor,Journal of Applied Security Research,nao_informado,nao_informado,nao_informado,nao_informado,nao_informado,nao
N0358,snowballing,2024,Mastering Deepfake Detection: A Cutting-edge Approach to Distinguish GAN and Diffusion-model Images,ACM Transactions on Multimedia Computing Communications and Applications,nao_informado,nao_informado,nao_informado,nao_informado,nao_informado,nao
N0201,snowballing,2020,"Generate, Segment, and Refine: Towards Generic Manipulation Segmentation",Proceedings of the AAAI Conference on Artificial Intelligence,imagem_natural,D,nao_informado,borda,nao_informado,sim
N1810,snowballing,2025,A Novel Multi-View Perception and Shrinkage Aggregation Network for Inharmonious Region Localization,IEEE Transactions on Circuits and Systems for Video Technology,nao_informado,nao_informado,nao_informado,nao_informado,nao_informado,nao
N0321,snowballing,2020,Training Strategies and Data Augmentations in CNN-based DeepFake Video Detection,Virtual Community of Pathological Anatomy (University of Castilla La Mancha),face,D,nao_informado,nao_informado,nao_informado,sim
N0768,snowballing,2020,Locating splicing forgery by adaptive-SVD noise estimation and vicinity noise descriptor,Neurocomputing,nao_informado,nao_informado,nao_informado,ruido,nao_informado,nao
N0343,snowballing,2023,FedForgery: Generalized Face Forgery Detection With Residual Federated Learning,IEEE Transactions on Information Forensics and Security,face,B,nao_informado,ruido,ausente,sim
N0668,snowballing,2024,Deep fake detection using an optimal deep learning model with multi head attention-based feature extraction scheme,The Visual Computer,nao_informado,nao_informado,nao_informado,nao_informado,nao_informado,nao
N1255,snowballing,2023,Robust and Optimized Algorithm for Detection of Copy-Rotate-Move Tempering,IEEE Access,nao_informado,nao_informado,nao_informado,nao_informado,nao_informado,nao
N0381,snowballing,2023,Enhancing Digital Image Forgery Detection Using Transfer Learning,IEEE Access,nao_informado,nao_informado,nao_informado,nao_informado,nao_informado,nao
N0905,snowballing,2021,Improving the Generalization Ability of Deepfake Detection via Disentangled Representation Learning,,nao_informado,nao_informado,nao_informado,nao_informado,nao_informado,nao
N0504,snowballing,2021,Feature pyramid network for diffusion-based image inpainting detection,Information Sciences,nao_informado,nao_informado,nao_informado,nao_informado,nao_informado,nao
N0722,snowballing,2024,MINTIME: Multi-Identity Size-Invariant Video Deepfake Detection,IEEE Transactions on Information Forensics and Security,nao_informado,nao_informado,nao_informado,nao_informado,nao_informado,nao
N1832,snowballing,2025,AI-Powered Deepfake Detection in Biometric Systems,,nao_informado,nao_informado,nao_informado,nao_informado,nao_informado,nao
N0633,snowballing,2024,DH-GAN: Image manipulation localization via a dual homology-aware generative adversarial network,Pattern Recognition,nao_informado,nao_informado,nao_informado,nao_informado,nao_informado,nao
N1095,snowballing,2020,Detection and localization enhancement for satellite images with small forgeries using modified GAN-based CNN structure,International Journal of Advances in Intelligent Informatics,nao_informado,nao_informado,nao_informado,nao_informado,nao_informado,nao
N0582,snowballing,2025,"Can We Get Rid of Handcrafted Feature Extractors? SparseViT: Nonsemantics-Centered, Parameter-Efficient Image Manipulation Localization Through Spare-Coding Transformer",Proceedings of the AAAI Conference on Artificial Intelligence,nao_informado,nao_informado,nao_informado,nao_informado,nao_informado,nao
N0130,snowballing,2022,A Novel Deep Learning Approach for Deepfake Image Detection,Applied Sciences,face,B,nao_informado,nao_informado,nao_informado,sim
N0856,snowballing,2021,Deepfake Detection using GAN Discriminators,,nao_informado,nao_informado,nao_informado,nao_informado,nao_informado,nao
N0817,snowballing,2024,Enhancing practicality and efficiency of deepfake detection,Scientific Reports,nao_informado,nao_informado,nao_informado,nao_informado,nao_informado,nao
N0881,snowballing,2020,Detecting Deepfake Video by Learning Two-Level Features with Two-Stream Convolutional Neural Network,,nao_informado,nao_informado,nao_informado,borda+ruido,nao_informado,nao
N1283,snowballing,2022,Crowd-Powered Face Manipulation Detection: Fusing Human Examiner Decisions,2022 IEEE International Conference on Image Processing (ICIP),nao_informado,nao_informado,nao_informado,nao_informado,nao_informado,nao
N1230,snowballing,2023,CNN and Transformer-coordinated deepfake detection,Journal of Image and Graphics,nao_informado,nao_informado,nao_informado,nao_informado,nao_informado,nao
N0509,snowballing,2021,CoReD: Generalizing Fake Media Detection with Continual Representation using Distillation,,nao_informado,nao_informado,nao_informado,nao_informado,nao_informado,nao
N1467,snowballing,2024,A destructive active defense algorithm for deepfake face images,PeerJ Computer Science,nao_informado,nao_informado,nao_informado,nao_informado,nao_informado,nao
N0410,snowballing,2024,A Hybrid CNN-LSTM Approach for Precision Deepfake Image Detection Based on Transfer Learning,Electronics,nao_informado,nao_informado,nao_informado,nao_informado,nao_informado,nao
N0123,snowballing,2020,DeepRhythm,,face,B,nao_informado,espacial+temporal,atencao,sim
N0267,snowballing,2021,Interpretable and Trustworthy Deepfake Detection via Dynamic Prototypes,,face,B,nao_informado,temporal,ausente,sim
N2054,snowballing,2026,MFD: Deep Fake Image Detection Based on Multi-Scale Frequency Domain Feature Fusion,,imagem_natural,B,nao_informado,frequencia,nao_informado,sim
N0523,snowballing,2020,A Dense U-Net with Cross-Layer Intersection for Detection and Localization of Image Forgery,,nao_informado,nao_informado,nao_informado,ruido,nao_informado,nao
N1582,snowballing,2023,Cross-scale condition aggregation and iterative refinement for copy-move forgery detection,Applied Intelligence,imagem_natural,nao_informado,nao_informado,nao_informado,nao_informado,sim
N0634,snowballing,2025,GenConViT: Deepfake Video Detection Using Generative Convolutional Vision Transformer,Applied Sciences,nao_informado,nao_informado,nao_informado,nao_informado,nao_informado,nao
N0622,snowballing,2021,Reality Transform Adversarial Generators for Image Splicing Forgery Detection and Localization,2021 IEEE/CVF International Conference on Computer Vision (ICCV),nao_informado,nao_informado,nao_informado,nao_informado,nao_informado,nao
N1047,snowballing,2021,An Image Forensic Technique Based on SIFT Descriptors and FLANN Based Matching,,nao_informado,nao_informado,nao_informado,nao_informado,nao_informado,nao
N0670,snowballing,2023,FCD-Net: Learning to Detect Multiple Types of Homologous Deepfake Face Images,IEEE Transactions on Information Forensics and Security,nao_informado,nao_informado,nao_informado,borda,nao_informado,nao
N0715,snowballing,2025,"Comprehensive Evaluation of Deepfake Detection Models: Accuracy, Generalization, and Resilience to Adversarial Attacks",Applied Sciences,nao_informado,nao_informado,nao_informado,nao_informado,nao_informado,nao
N0513,snowballing,2025,Exploring Multi-View Pixel Contrast for General and Robust Image Forgery Localization,IEEE Transactions on Information Forensics and Security,nao_informado,nao_informado,nao_informado,nao_informado,nao_informado,nao
N0557,snowballing,2022,GCA-Net : Utilizing Gated Context Attention for Improving Image Forgery Localization and Detection,2022 IEEE/CVF Conference on Computer Vision and Pattern Recognition Workshops (CVPRW),nao_informado,nao_informado,nao_informado,nao_informado,nao_informado,nao
N0188,snowballing,2020,Fighting Deepfake by Exposing the Convolutional Traces on Images,IEEE Access,imagem_natural,C,nao_informado,nao_informado,nao_informado,sim
N0434,snowballing,2022,Explaining Deepfake Detection by Analysing Image Matching,Lecture notes in computer science,nao_informado,nao_informado,nao_informado,nao_informado,nao_informado,nao
N1200,snowballing,2023,General GAN-generated Image Detection by Data Augmentation in Fingerprint Domain,,nao_informado,nao_informado,nao_informado,frequencia,nao_informado,nao
N0391,snowballing,2023,CFL-Net: Image Forgery Localization Using Contrastive Learning,2023 IEEE/CVF Winter Conference on Applications of Computer Vision (WACV),nao_informado,nao_informado,nao_informado,ruido,nao_informado,nao
N0059,snowballing,2020,Watch your Up-Convolution: CNN Based Generative Deep Neural Networks are Failing to Reproduce Spectral Distributions,Opus-HSO (Offenburg University of Applied Sciences),nao_informado,nao_informado,nao_informado,frequencia,nao_informado,nao
N1783,snowballing,2023,Tampering Detection and Localization on Copy-Move Images Using Deep Learning Approaches,,nao_informado,nao_informado,nao_informado,nao_informado,nao_informado,nao
X0024,snowballing,2023,Masked Relation Learning for DeepFake Detection,IEEE Transactions on Information Forensics and Security,nao_informado,nao_informado,nao_informado,nao_informado,nao_informado,nao
N0579,snowballing,2022,Watching the BiG artifacts: Exposing DeepFake videos via Bi-granularity artifacts,Pattern Recognition,nao_informado,nao_informado,nao_informado,nao_informado,nao_informado,nao
N1028,snowballing,2025,Image Forgery Localization With State Space Models,IEEE Signal Processing Letters,nao_informado,nao_informado,nao_informado,nao_informado,nao_informado,nao
N0090,snowballing,2021,DeepFake Detection Based on Discrepancies Between Faces and Their Context,IEEE Transactions on Pattern Analysis and Machine Intelligence,nao_informado,nao_informado,nao_informado,nao_informado,nao_informado,nao
N0860,snowballing,2021,Detecting Deepfakes Using Deep Learning,,nao_informado,nao_informado,nao_informado,nao_informado,nao_informado,nao
N0379,snowballing,2021,"Detection of Copy-Move Forgery in Digital Image Using Multi-scale, Multi-stage Deep Learning Model",Neural Processing Letters,nao_informado,nao_informado,nao_informado,nao_informado,nao_informado,nao
N2162,snowballing,2025,Towards Robust Media Integrity: Semi-Supervised Image Forgery Localization with DeepLabv3 and ELA,,imagem_natural,B,entrada_bruta,nao_informado,canais_entrada,sim
N0402,snowballing,2023,AI vs. AI: Can AI Detect AI-Generated Images?,Journal of Imaging,nao_informado,nao_informado,nao_informado,nao_informado,nao_informado,nao
N0893,snowballing,2024,Synthesizing Black-Box Anti-Forensics Deepfakes With High Visual Quality,,nao_informado,nao_informado,nao_informado,nao_informado,nao_informado,nao
N1263,snowballing,2024,UFCC: A Unified Forensic Approach to Locating Tampered Areas in Still Images and Detecting Deepfake Videos by Evaluating Content Consistency,Electronics,nao_informado,nao_informado,nao_informado,nao_informado,nao_informado,nao
N0726,snowballing,2021,Towards Universal GAN Image Detection,2021 International Conference on Visual Communications and Image Processing (VCIP),nao_informado,nao_informado,nao_informado,nao_informado,nao_informado,nao
N1705,snowballing,2023,Detecting Forged Facial Videos Using Convolutional Neural Networks,,face,nao_informado,nao_informado,nao_informado,nao_informado,sim
N0477,snowballing,2020,Exposing splicing forgery in realistic scenes using deep fusion network,Information Sciences,nao_informado,nao_informado,nao_informado,nao_informado,nao_informado,nao
N1990,snowballing,2025,ForgNetwork: An adaptive forgery detection and localization framework using stationary wavelet transform and dilated adaptive VGG16 with optimization strategy,Information Security Journal A Global Perspective,nao_informado,nao_informado,nao_informado,frequencia,nao_informado,nao
N0159,snowballing,2023,AVFakeNet: A unified end-to-end Dense Swin Transformer deep learning model for audio–visual deepfakes detection,Applied Soft Computing,face,nao_informado,nao_informado,nao_informado,nao_informado,sim
N0392,snowballing,2023,DF-Platter: Multi-Face Heterogeneous Deepfake Dataset,,nao_informado,nao_informado,nao_informado,nao_informado,nao_informado,nao
N1234,snowballing,2022,DeepFake Videos Detection via Spatiotemporal Inconsistency Learning and Interactive Fusion,,nao_informado,nao_informado,nao_informado,frequencia,nao_informado,nao
N0975,snowballing,2023,Facial depth forgery detection based on image gradient,Multimedia Tools and Applications,nao_informado,nao_informado,nao_informado,nao_informado,nao_informado,nao
N0618,snowballing,2020,Deepfakes: temporal sequential analysis to detect face-swapped video clips using convolutional long short-term memory,Journal of Electronic Imaging,nao_informado,nao_informado,nao_informado,nao_informado,nao_informado,nao
N0682,snowballing,2021,Deepfake Image Detection using CNNs and Transfer Learning,,nao_informado,nao_informado,nao_informado,nao_informado,nao_informado,nao
N1040,snowballing,2024,UGAD: Universal Generative AI Detector utilizing Frequency Fingerprints,,nao_informado,nao_informado,nao_informado,frequencia,nao_informado,nao
N1175,snowballing,2023,Spatio-Temporal Catcher: A Self-Supervised Transformer for Deepfake Video Detection,,nao_informado,nao_informado,nao_informado,nao_informado,nao_informado,nao
N0567,snowballing,2021,PRNU-based Deepfake Detection,,nao_informado,nao_informado,nao_informado,ruido,nao_informado,nao
N1465,snowballing,2024,A Photo and a Few Spoken Words Is All It Needs?! On the Challenges of Targeted Deepfake Attacks and Their Detection,,nao_informado,nao_informado,nao_informado,nao_informado,nao_informado,nao
N1018,snowballing,2020,Detecting Video Speed Manipulation,,nao_informado,nao_informado,nao_informado,nao_informado,nao_informado,nao
N0400,snowballing,2022,Rethinking gradient operator for exposing AI-enabled face forgeries,Expert Systems with Applications,nao_informado,nao_informado,nao_informado,nao_informado,nao_informado,nao
N0858,snowballing,2021,Deepfake Video Detection Using Audio-Visual Consistency,Lecture notes in computer science,nao_informado,nao_informado,nao_informado,nao_informado,nao_informado,nao
N0460,snowballing,2022,Robust Attentive Deep Neural Network for Detecting GAN-Generated Faces,IEEE Access,nao_informado,nao_informado,nao_informado,nao_informado,nao_informado,nao
N1277,snowballing,2024,Auto-focus tracing: Image manipulation detection with artifact graph contrastive,Knowledge-Based Systems,nao_informado,nao_informado,nao_informado,nao_informado,nao_informado,nao
N0234,snowballing,2024,Deepfake detection using convolutional vision transformers and convolutional neural networks,Neural Computing and Applications,face,E,nao_informado,nao_informado,nao_informado,sim
N2105,snowballing,2026,Quantifying Structural Divergence Between Human and Diffusion-Based Generative Visual Compositions,Applied Sciences,imagem_natural,C,nao_informado,nao_informado,nao_informado,sim
N0079,snowballing,2022,MVSS-Net: Multi-View Multi-Scale Supervised Networks for Image Manipulation Detection,IEEE Transactions on Pattern Analysis and Machine Intelligence,nao_informado,nao_informado,nao_informado,borda+ruido,nao_informado,nao
N1951,snowballing,2026,EfficientNet-FPN: a robust approach for detecting and locating copy-move forgery in digital images,Multimedia Tools and Applications,nao_informado,nao_informado,nao_informado,nao_informado,nao_informado,nao
N1204,snowballing,2025,Image forgery classification and localization through vision transformers,International Journal of Multimedia Information Retrieval,nao_informado,nao_informado,nao_informado,nao_informado,nao_informado,nao
N0415,snowballing,2021,Inconsistency-Aware Wavelet Dual-Branch Network for Face Forgery Detection,IEEE Transactions on Biometrics Behavior and Identity Science,nao_informado,nao_informado,nao_informado,frequencia,nao_informado,nao
N1480,snowballing,2025,CLIP-Flow: A Universal Discriminator for AI-Generated Images Inspired by Anomaly Detection,,nao_informado,nao_informado,nao_informado,nao_informado,nao_informado,nao
N1831,snowballing,2026,AI-Powered Deepfake Detection System for Audio and Video Integrity,,nao_informado,nao_informado,nao_informado,frequencia,nao_informado,nao
N0420,snowballing,2022,ET: Edge-Enhanced Transformer for Image Splicing Detection,IEEE Signal Processing Letters,nao_informado,nao_informado,nao_informado,borda+ruido,nao_informado,nao
N1034,snowballing,2024,Preserving manipulated and synthetic Deepfake detection through face texture naturalness,Journal of Information Security and Applications,nao_informado,nao_informado,nao_informado,nao_informado,nao_informado,nao
N1350,snowballing,2025,Enhancing Deepfake Content Detection Through Blockchain Technology,International Journal of Advanced Computer Science and Applications,nao_informado,nao_informado,nao_informado,nao_informado,nao_informado,nao
N0129,snowballing,2023,UCF: Uncovering Common Features for Generalizable Deepfake Detection,,face,B,cabeca,nao_informado,nao_informado,sim
N1699,snowballing,2025,Deepfake Detection in MIS: Leveraging DenseNet and Multi-Scale Information for Enhanced Digital Forensics,,face,A,nao_informado,espacial+ruido+textura,gate_aprendivel,sim
N1164,snowballing,2023,Image Manipulation Localization Using Spatial–Channel Fusion Excitation and Fine-Grained Feature Enhancement,IEEE Transactions on Instrumentation and Measurement,nao_informado,nao_informado,nao_informado,nao_informado,nao_informado,nao
N0162,snowballing,2020,DOA-GAN: Dual-Order Attentive Generative Adversarial Network for Image Copy-Move Forgery Detection and Localization,,imagem_natural,B,nao_informado,nao_informado,atencao,sim
N0380,snowballing,2023,Edge-aware Regional Message Passing Controller for Image Forgery Localization,,nao_informado,nao_informado,nao_informado,borda,nao_informado,nao
N1323,snowballing,2022,The Forensicability of Operation Detection in Image Operation Chain,IEEE Access,nao_informado,nao_informado,nao_informado,nao_informado,nao_informado,nao
N1581,snowballing,2021,Copy Move Forgery Detection Based on Dense-field and Sparse-field Method,"2021 IEEE Intl Conf on Dependable, Autonomic and Secure Computing, Intl Conf on Pervasive Intelligence and Computing, Intl Conf on Cloud and Big Data Computing, Intl Conf on Cyber Science and Technology Congress (DASC/PiCom/CBDCom/CyberSciTech)",imagem_natural,C,nao_informado,nao_informado,nao_informado,sim
N0491,snowballing,2021,Deep learning based algorithm (ConvLSTM) for Copy Move Forgery Detection,Journal of Intelligent & Fuzzy Systems,nao_informado,nao_informado,nao_informado,nao_informado,nao_informado,nao
N1217,snowballing,2022,Zoom-DF: A Dataset for Video Conferencing Deepfake,,nao_informado,nao_informado,nao_informado,nao_informado,nao_informado,nao
N0616,snowballing,2022,A Detection of Deep Fake in Face Images Using Deep Learning,Wasit Journal of Computer and Mathematics Science,nao_informado,nao_informado,nao_informado,borda,nao_informado,nao
N1607,snowballing,2025,Forensic Challenges in Face Manipulated Videos,,face,nao_informado,nao_informado,nao_informado,nao_informado,sim
N0853,snowballing,2023,Deep Learning Technique for Recognition of Deep Fake Videos,,nao_informado,nao_informado,nao_informado,nao_informado,nao_informado,nao
N0526,snowballing,2021,Dynamic Inconsistency-aware DeepFake Video Detection,,nao_informado,nao_informado,nao_informado,nao_informado,nao_informado,nao
N0125,snowballing,2021,CAT-Net: Compression Artifact Tracing Network for Detection and Localization of Image Splicing,,imagem_natural,A,transversal,espacial+frequencia,nao_informado,sim
N0314,snowballing,2022,DFDT: An End-to-End DeepFake Detection Framework Using Vision Transformer,Applied Sciences,face,A,transversal,nao_informado,atencao,sim
N1245,snowballing,2024,Generative AI Threats to Maritime Navigation Using Deceptive ISAR Images,IEEE Access,nao_informado,nao_informado,nao_informado,frequencia,nao_informado,nao
X0025,snowballing,2021,Deepfake Video Detection Using 3D-Attentional Inception Convolutional Neural Network,,nao_informado,nao_informado,nao_informado,nao_informado,nao_informado,nao
N0363,snowballing,2022,LiSiam: Localization Invariance Siamese Network for Deepfake Detection,IEEE Transactions on Information Forensics and Security,nao_informado,nao_informado,nao_informado,nao_informado,nao_informado,nao
N0462,snowballing,2021,Where Do Deep Fakes Look? Synthetic Face Detection via Gaze Tracking,ACM Symposium on Eye Tracking Research and Applications,nao_informado,nao_informado,nao_informado,frequencia,nao_informado,nao
N0245,snowballing,2020,How Do the Hearts of Deep Fakes Beat? Deep Fake Source Detection via Interpreting Residuals with Biological Signals,,face,B,entrada_bruta,temporal,ausente,sim
N1988,snowballing,2026,Forensic Detection of Generated MRI Imagery Using Autoregressive Modeling and Frequency Analysis,,nao_informado,nao_informado,nao_informado,frequencia,nao_informado,nao
N1388,snowballing,2022,A Deep Learning Framework with Transfer Learning Approach for Image Forgery Localization,2022 IEEE 3rd Global Conference for Advancement in Technology (GCAT),nao_informado,nao_informado,nao_informado,nao_informado,nao_informado,nao
N1902,snowballing,2026,Deep Learning Methods for Multimodal Fake News Classification Combining Textual and Visual Information,International Research Journal of Multidisciplinary Technovation,nao_informado,nao_informado,nao_informado,nao_informado,nao_informado,nao
N1456,snowballing,2024,Spectral information guidance network for tampering localization of high-resolution satellite map,Expert Systems with Applications,nao_informado,nao_informado,nao_informado,frequencia,nao_informado,nao
N1117,snowballing,2024,Copy-move forgery detection using Regional Density Center clustering,Journal of Visual Communication and Image Representation,nao_informado,nao_informado,nao_informado,nao_informado,nao_informado,nao
N1165,snowballing,2022,Intelligent Deep Detection Method for Malicious Tampering of Cancer Imagery,,nao_informado,nao_informado,nao_informado,nao_informado,nao_informado,nao
N0495,snowballing,2024,Hybrid Deep Learning Model Based on GAN and RESNET for Detecting Fake Faces,IEEE Access,nao_informado,nao_informado,nao_informado,nao_informado,nao_informado,nao
X0026,snowballing,2023,TBFormer: Two-Branch Transformer for Image Forgery Localization,IEEE Signal Processing Letters,nao_informado,nao_informado,nao_informado,ruido,nao_informado,nao
N0075,snowballing,2023,Towards Universal Fake Image Detectors that Generalize Across Generative Models,,nao_informado,nao_informado,nao_informado,nao_informado,nao_informado,nao
N0811,snowballing,2023,TransU 2 -Net: A Hybrid Transformer Architecture for Image Splicing Forgery Detection,IEEE Access,nao_informado,nao_informado,nao_informado,nao_informado,nao_informado,nao
N2143,snowballing,2026,Stacked multi-fusion CNN: an adaptive attention model for privacy preserving deepfake forensics,Scientific Reports,face,B,nao_informado,nao_informado,atencao,sim
N1215,snowballing,2023,UNTAG: Learning Generic Features for Unsupervised Type-Agnostic Deepfake Detection,,nao_informado,nao_informado,nao_informado,nao_informado,nao_informado,nao
N0863,snowballing,2021,"Detection, Attribution and Localization of GAN Generated Images",Electronic Imaging,nao_informado,nao_informado,nao_informado,nao_informado,nao_informado,nao
N1496,snowballing,2024,Diff-IFL: Towards General Image Forgery Localization using Diffusion Probabilistic Model,,nao_informado,nao_informado,nao_informado,nao_informado,nao_informado,nao
N0917,snowballing,2022,Analysis of Score-Level Fusion Rules for Deepfake Detection,Applied Sciences,nao_informado,nao_informado,nao_informado,nao_informado,nao_informado,nao
N0229,snowballing,2021,A Robust GAN-Generated Face Detection Method Based on Dual-Color Spaces and an Improved Xception,IEEE Transactions on Circuits and Systems for Video Technology,face,A,nao_informado,nao_informado,nao_informado,sim
N1815,snowballing,2025,A Robust Deepfake Detection Framework Using AV-CATNet for Audio-Visual Consistency and Temporal Attention in Secure Social Media Authentication,,nao_informado,nao_informado,nao_informado,nao_informado,nao_informado,nao
N0569,snowballing,2023,A forensic evaluation method for DeepFake detection using DCNN-based facial similarity scores,Forensic Science International,nao_informado,nao_informado,nao_informado,nao_informado,nao_informado,nao
N1652,snowballing,2026,Tuned Attention-Guided Fusion of Deep and Handcrafted Features for Distinguishing AI-Generated and Human-Created Artworks,Journal of Future Artificial Intelligence and Technologies,imagem_natural,A,cabeca,espacial+frequencia,atencao,sim
N0593,snowballing,2023,HolisticDFD: Infusing spatiotemporal transformer embeddings for deepfake detection,Information Sciences,nao_informado,nao_informado,nao_informado,nao_informado,nao_informado,nao
N1220,snowballing,2022,A Face Pre-Processing Approach to Evade Deepfake Detector,,nao_informado,nao_informado,nao_informado,nao_informado,nao_informado,nao
X0027,snowballing,2025,Robustifying vision transformer for image forgery localization with multi-exit architectures,Pattern Recognition,nao_informado,nao_informado,nao_informado,nao_informado,nao_informado,nao
N0091,snowballing,2020,Emotions Don't Lie,,nao_informado,nao_informado,nao_informado,nao_informado,nao_informado,nao
N1636,snowballing,2023,Research on Image Tampering Detection and Localization Based on Iterative GAN,,imagem_natural,D,nao_informado,nao_informado,nao_informado,sim
N0154,snowballing,2023,An Improved Dense CNN Architecture for Deepfake Image Detection,IEEE Access,face,B,nao_informado,nao_informado,nao_informado,sim
N0084,snowballing,2020,DeepVision: Deepfakes Detection Using Human Eye Blinking Pattern,IEEE Access,nao_informado,nao_informado,nao_informado,nao_informado,nao_informado,nao
N1243,snowballing,2024,GAN Generated Fake Human Face Image Detection,,nao_informado,nao_informado,nao_informado,nao_informado,nao_informado,nao
N0085,snowballing,2020,What Makes Fake Images Detectable? Understanding Properties that Generalize,Lecture notes in computer science,nao_informado,nao_informado,nao_informado,nao_informado,nao_informado,nao
N1475,snowballing,2021,Analyzing Deep Learning Models’ Generalization Ability Under Different Augmentations on Deepfake Datasets,2021 6th International Conference on Computer Science and Engineering (UBMK),nao_informado,nao_informado,nao_informado,nao_informado,nao_informado,nao
N0925,snowballing,2024,Multi-scale noise-guided progressive network for image splicing detection and localization,Expert Systems with Applications,nao_informado,nao_informado,nao_informado,ruido,nao_informado,nao
N1521,snowballing,2024,Generalized Deepfake Detection Algorithm Based on Inconsistency Between Inner and Outer Faces,Lecture notes in computer science,nao_informado,nao_informado,nao_informado,nao_informado,nao_informado,nao
N1703,snowballing,2024,Design and Analytical Performance of a Hybrid Model Using Deep Learning Techniques for the Detection of Deepfake Videos,,face,B,nao_informado,espacial+temporal,nao_informado,sim
N0476,snowballing,2022,Exploring Disentangled Content Information for Face Forgery Detection,Lecture notes in computer science,nao_informado,nao_informado,nao_informado,nao_informado,nao_informado,nao
N1166,snowballing,2024,LLM-Enhanced Deepfake Detection: Dense CNN and Multi-Modal Fusion Framework for Precise Multimedia Authentication,,nao_informado,nao_informado,nao_informado,nao_informado,nao_informado,nao
N1354,snowballing,2024,FLDCF: A Collaborative Framework for Forgery Localization and Detection in Satellite Imagery,IEEE Transactions on Geoscience and Remote Sensing,nao_informado,nao_informado,nao_informado,ruido,nao_informado,nao
N0640,snowballing,2020,A Detection Approach Using LSTM-CNN for Object Removal Caused by Exemplar-Based Image Inpainting,Electronics,nao_informado,nao_informado,nao_informado,nao_informado,nao_informado,nao
N0508,snowballing,2023,TI 2 Net: Temporal Identity Inconsistency Network for Deepfake Detection,2023 IEEE/CVF Winter Conference on Applications of Computer Vision (WACV),nao_informado,nao_informado,nao_informado,ruido,nao_informado,nao
N0779,snowballing,2021,Dual-Domain Generative Adversarial Network for Digital Image Operation Anti-Forensics,IEEE Transactions on Circuits and Systems for Video Technology,nao_informado,nao_informado,nao_informado,nao_informado,nao_informado,nao
N0104,snowballing,2023,On The Detection of Synthetic Images Generated by Diffusion Models,,nao_informado,nao_informado,nao_informado,nao_informado,nao_informado,nao
N0866,snowballing,2021,Hybrid Recurrent Deep Learning Model for DeepFake Video Detection,"2021 IEEE 8th Uttar Pradesh Section International Conference on Electrical, Electronics and Computer Engineering (UPCON)",nao_informado,nao_informado,nao_informado,ruido,nao_informado,nao
N0647,snowballing,2023,CYBORG: Blending Human Saliency Into the Loss Improves Deep Learning-Based Synthetic Face Detection,2023 IEEE/CVF Winter Conference on Applications of Computer Vision (WACV),nao_informado,nao_informado,nao_informado,nao_informado,nao_informado,nao
N0657,snowballing,2024,Image Forgery Detection System using VGG16 UNET Model,Procedia Computer Science,nao_informado,nao_informado,nao_informado,nao_informado,nao_informado,nao
N0672,snowballing,2020,Image Inpainting Detection Based on Multi-task Deep Learning Network,IETE Technical Review,nao_informado,nao_informado,nao_informado,nao_informado,nao_informado,nao
