id,autores,ano,veiculo,tipo_publicacao,tipo_veiculo,dominio_aplicacao,tipo_adulteracao,backbone_base,estrategia_customizacao,ponto_intervencao,dominio_representacao,operador_fusao,fusao_condicional,combina_multiplas,quais_combinadas,avalia_interacao,datasets,metricas,protocolo_validacao,resultado_principal,ganho_sobre_baseline,cross_dataset,queda_cross_dataset,custo_params,custo_flops,custo_latencia,hardware_reportado,ablacao,escopo_ablacao,limitacoes_declaradas,qa1,qa2,qa3,qa4,qa5,qa6,qa_total,extracao_origem,falha_leitura,observacao_extrator
N1198,Man; Cho,2025,Sensors,periodico,MDPI,face,deepfake,proprio,"framework FFC com tres modulos: backbone GAN+transformer (ResNet dilatado como gerador, discriminador global+local, bloco transformer em paralelo) para features espaciais, e um modulo separado baseado em EfficientNet que extrai frequencia (FFT) e ruido (residuo gaussiano), fundidos por concatenacao antes de um classificador SVM",transversal,espacial+frequencia+ruido,concatenacao,nao,sim,espacial+frequencia+ruido,parcial,FaceForensics++ (FF++); Celeb-DF; DFDC,ACC; AUC; F1-Score,"faces alinhadas e recortadas com RetinaFace em 256x256, amostragem 10 quadros/s, checagem manual; backbone treinado com lr=0,00001 por 1000 epocas; modulo de frequencia/ruido (EfficientNet) com lr inicial 0,256 decaindo a 0,97x a cada 2,4 iteracoes, 100 epocas; teste em Celeb-DF com 500 videos reais e falsos selecionados aleatoriamente","FF++: ACC 98,75%, AUC 99,43, F1 98,67 (modelo completo FEB+FFM)","+1,33 ACC / +1,86 AUC / +1,79 F1 sobre o proprio backbone sem o modulo de frequencia e ruido (FEB sozinho) no FF++; +2,66 ACC sobre o melhor concorrente (GANS) no mesmo conjunto",nao,"nao_aplica: a Tabela 3 e chamada de ""Cross-dataset evaluation"" mas reporta desempenho por dataset (FF++, Celeb-DF, DFDC) separadamente, sem descrever treino em um conjunto e teste em outro; nao ha protocolo de transferencia entre dominios explicito no texto",nao_informado,nao_informado,nao_informado,"NVIDIA RTX3090 GPU, AMD Threadripper 2950x CPU, 64 GB RAM",sim,"Tabela 3 compara FEB (backbone GAN+transformer) sozinho contra FEB+FFM (modelo completo, com modulo de frequencia e ruido) nos tres datasets; nao testa o modulo de frequencia/ruido isolado sem o backbone",nao_informado,1,1,1,0.5,1,1,5.5,ia_pendente_verificacao,,"texto extraido de forma limpa pelo PyMuPDF, sem necessidade de renderizar paginas em imagem"
N1211,Zhang; Fu; Qi; Xue; Cao; Xiang,2023,IEEE Transactions on Neural Networks and Learning Systems,periodico,IEEE,imagem_natural,inpainting,proprio,"PS-Net: rede primaria (P-Net, encoder-decoder com modulo de filtro de kernels fixos de derivada e SRM no dominio de ruido/frequencia) somada a uma rede secundaria (S-Net) que fornece features RGB suplementares para robustez a compressao e ruido",transversal,espacial+frequencia+ruido,soma,nao,sim,espacial+frequencia+ruido,parcial,Auto-Created; Handcrafted; Fused-Handcrafted (todos derivados do Places),AUC; F1,"50.000 imagens do Places, 45.000 para treino e 5.000 para validacao; teste em 300 imagens distintas do treino, gerando tres datasets de teste (Auto-Created, Handcrafted, Fused-Handcrafted); Adam, lr inicial 0,001 decaindo 80% a cada 3 epocas, 50 epocas, batch 16, limiar 0,5 para F1","AUC 0,035 e 0,044 acima do segundo melhor metodo em Handcrafted e Fused-handcrafted, respectivamente; F1 0,914 e 0,889 nos mesmos conjuntos","ate +0,044 AUC / +0,035 F1 sobre o segundo colocado (IML-PS ou CTF-Net, dependendo do dataset)",sim,"teste de generalizacao para ferramentas de inpainting diferentes do Photoshop (Secao IV-F), sem retreinar: F1 medio cai para 0,805 (ainda 0,114 acima do segundo melhor, IML-PS), ante F1 0,914 no dataset Handcrafted (mesmo dominio de treino)",nao_informado,nao_informado,"0,072 s/imagem (Tabela V, tempo medio de execucao)",NVIDIA RTX 3080 GPU,sim,"Tabela III varia: tipo de kernel do modulo de filtro (proprios, SRM, PF), presenca de blocos C-A no modulo de filtro, variantes do S-Net (sem blocos Ghost-dense, sem blocos C-A, sem S-Net inteiro) e funcao de perda (focal, cross-entropy padrao, cross-entropy ponderada); adicionalmente, Secao IV-D e Fig. 9 comparam P-Net sozinho (sem S-Net) contra PS-Net completo sob ataques de compressao JPEG, ruido gaussiano e desfoque",nao_informado,1,1,1,1,1,1,6.0,ia_pendente_verificacao,,"Tabela III (pagina 7) nao veio completa no texto extraido pelo PyMuPDF; conferida por renderizacao de imagem. Achado relevante para a discussao do TCC: este e um caso onde a combinacao de dois dominios (frequencia/ruido + espacial via S-Net) NAO melhora a metrica principal em dados limpos, e so se justifica sob robustez a degradacao - um contra-exemplo util a hipotese simples de que combinar dominios sempre ajuda"
N1338,Niu; Tan; Zhang; Chen; Zuo,2024,IEEE Signal Processing Letters,periodico,IEEE,imagem_natural,generico,proprio,"duas ramos residuais dedicados (espacial e DCT), fundidos por modulo de atencao adaptativa, para deteccao de filtragem por mediana",transversal,espacial+frequencia,atencao,sim,sim,espacial+frequencia,sim,Bossbase; COCO; RAISE; NRCS,acuracia,"divisao 80/20 treino/teste sobre patches 32x32 e 64x64; avaliacao cross-parameter (MF3 vs MF5, QF70 vs QF90) e cross-database (RAISE, NRCS nao usados no treino); 100 epocas, batch 64, SGD momentum 0.9, weight decay 0.0005, lr inicial 0.001 decaindo a 20% a cada 20 epocas","94,21% de acuracia em QF70 vs. MF3+QF70 (patches 32x32); 99,41% em QF90 vs. MF5+QF90 (patches 64x64)","+5,14 pontos percentuais sobre o metodo com melhor desempenho anterior (MFFNet) em QF70 vs. MF3+QF70, 32x32",sim,"nao_informado: e teste de generalizacao (RAISE 91,30%, NRCS 93,25%, Tabela II), sem baseline em dominio para calcular queda relativa; o artigo so reporta ganho sobre outros metodos no mesmo cenario cross-database (+4,85% e +4,50%)",nao_informado,nao_informado,nao_informado,"NVIDIA Tesla V100, 32 GB RAM",sim,"Tabela III isola cada ramo (espacial sozinho, DFT sozinho, DCT sozinho), a soma espacial+DCT sem atencao, espacial+DFT com atencao, e o modelo completo espacial+DCT+atencao, medido em intra-testing (treino e teste em MF3) e cross-testing (treino em MF3, teste em MF5)",nao_informado,1,1,1,0.5,1,1,5.5,ia_pendente_verificacao,,"Tabela III (ablacao) nao veio em texto extraido pelo PyMuPDF (layout de tabela lado a lado); conferida por renderizacao da pagina 4 em imagem e leitura visual. Achado relevante: ablacao cruzada genuina entre ramo espacial e ramo de frequencia (DCT), analoga a S0734, mas aqui sem par explicito de borda/ruido — o par e espacial+frequencia, nao frequencia+borda"
N2147,Hao; Wang; Cui; Zhang; Niu,2025,IEEE Transactions on Multimedia,periodico,IEEE,imagem_natural,inpainting,"outro (PVTv2, Pyramid Vision Transformer v2)","TEPR-Net: duas fases sobre backbone PVTv2. Fase grosseira com Anomaly Texture Encoder (textura, paralelo ao backbone) e modulo de interacao textura-contexto com aprendizado contrastivo pixel a pixel. Fase fina com Receptive Field Enhancement (dominio de frequencia, via octave convolution separando componentes de baixa e alta frequencia) e Edge Refinement (refinamento progressivo de borda supervisionado por distribuicao gaussiana), guiados pelo resultado da fase grosseira",transversal,espacial+frequencia+borda+textura,gate_aprendivel,sim,sim,frequencia+borda,parcial,Inpaint32K (proprio); DID; IMD2020(SP); DEFACTO(SP); RLS26K(RM); NIST16; AutoSplice,F1; IoU; AUC,"Adam, lr=1e-4, batch 8, 100 epocas, GPU unica NVIDIA RTX 3080 Ti, imagens redimensionadas para 384x384, aumento por espelhamento horizontal aleatorio; RLS26K(RM) usado so para treino, DID so para teste, os demais divididos 9:1 treino/teste","melhor desempenho entre 6 metodos SOTA (estado da arte) no conjunto de teste do Inpaint32K, com F1 0,1 acima do segundo colocado (EMF-Net) nos subconjuntos TM/CNN/GAN-based e 0,12 acima no DM-based","no teste cross-dataset (treino em Inpaint32K, teste em DID), F1 0,23 acima do segundo melhor (EMF-Net) nas imagens adulteradas por GC",sim,"nao_informado: o artigo nao quantifica a queda de TEPR-Net entre desempenho no dominio de treino e no DID; apenas afirma que ""most methods have an ideal performance in cross-dataset testing"" e que TEPR-Net permanece superior aos concorrentes",nao_informado,nao_informado,nao_informado,NVIDIA GeForce RTX 3080 Ti (GPU unica),sim,"ablacao cumulativa em 8 esquemas (Tabelas IV/V): fase grosseira acrescenta CLFF, depois ATE+TCFF, depois PCL; fase fina acrescenta CRG, depois RFE (frequencia), depois ER (borda). Tambem compara backbones (PVTv2 vs Res2Net-50 vs VGG16, Tabela VI), varia os parametros sigma_e do refinamento progressivo (Tabela VII) e os pesos da funcao de perda (Tabela VIII)","em imagens adulteradas por modelos de difusao (DM-based), o modulo ATE tem dificuldade em identificar tracos de adulteracao validos porque a textura reconstruida e muito convincente, o que impede o CPD de gerar resultados de localizacao completos (Secao V-G, Failure Cases)",1,1,1,1,1,1,6.0,ia_pendente_verificacao,,"Achado muito relevante para o TCC: TEPR-Net combina explicitamente frequencia (RFE, octave convolution) com borda (ER, refinamento progressivo supervisionado por distribuicao gaussiana) sobre o mesmo backbone (PVTv2), o par exato de dominios da reivindicacao de originalidade. A ablacao e quase completa (falta so o esquema ER-sem-RFE) - candidato forte a leitura obrigatoria do autor, ao lado de S0734"
S0020,Gu; Nam; Lee,2022,IEEE Access,periodico,IEEE,imagem_natural,splicing+copy_move,ResNet18,"decomposicao DCT da imagem de entrada em componentes de baixa e alta frequencia alimentando tres encoders de parametros compartilhados, modulo de auto-atencao dilatada (DFSAM) na ponte e decoder multitarefa com fluxo de borda separado",transversal,espacial+frequencia+borda,atencao,sim,sim,frequencia+borda,parcial,CASIA TIDE v1.0; CASIA TIDE v2.0; Carvalho (DSO-1); Columbia; COVERAGE; IMD2020,IoU; F1; MCC,"divisao 80/10/10 (treino/validacao/teste) em cada dataset, imagens redimensionadas para 256x256, 100 epocas, batch 32, otimizador Adabound com cosine annealing de 1e-3 a 1e-6; sem folds, sem sementes e sem selecao de limiar declarados","media de IoU 70,99%, F1 76,98% e MCC 55,90% nos seis datasets","+9,79% IoU, +9,82% F1 e +17,22% MCC sobre o segundo melhor metodo (SENet: 61,20% / 67,16% / 38,68%); na ablacao, +1,76% IoU e +2,34% F1 sobre a variante sem decomposicao DCT e +3,36% IoU / +3,49% F1 sobre a variante sem o fluxo de borda",nao,nao_aplica,nao_informado,nao_informado,nao_informado,"Ubuntu 18.04 com GPU TITAN RTX 2080Ti, Python 3.8, PyTorch 1.8.0",sim,"remove um componente por vez do modelo completo (decomposicao DCT, fluxo de borda MTL, DFSAM, feature auxiliar de segmentacao, compartilhamento de parametros, Dice loss, CutMix) e ainda varia o backbone (Tabela 6) e o parametro de razao do CutMix (Tabela 5)","o tamanho do filtro de frequencia foi derivado empiricamente a partir da area adulterada media do dataset; quando a area forjada e ampla o filtro fica pequeno demais e a feature nao e capturada efetivamente (Figura 7, casos de falha)",1,1,1,1,1,1,6.0,ia_pendente_verificacao,,"Todas as tabelas do PDF sao imagens rasterizadas e nao aparecem na camada de texto (nem com pdftotext -layout). Os numeros da ablacao (Tabela 4) e da comparacao com o estado da arte foram recuperados da narrativa das secoes V-A a V-I, que os repete. Os valores das Tabelas 5, 6, 7 e 8 nao puderam ser lidos; em particular a Tabela 6 compara backbones citando complexidade computacional, mas os numeros de parametros/FLOPs nao sao verificaveis, por isso custo_params e custo_flops ficaram como nao_informado"
S0043,Pan; Ma; Wu; Liu,2024,Electronics,periodico,MDPI,imagem_natural,splicing+copy_move+inpainting,SegFormer-B0 (encoder transformer hierarquico) com decoder FPN,"ramo auxiliar paralelo que recebe a imagem filtrada por Sobel (componente de alta frequencia) e e supervisionado pelo mapa de bordas da regiao adulterada, agregado ao ramo RGB principal por um modulo de fusao multicamada com reponderacao sigmoide",transversal,espacial+frequencia+borda,atencao,sim,sim,frequencia+borda,parcial,CASIA v2.0 (treino) / CASIA v1.0 (teste); NIST16; COVERAGE,F1; AUC; mIoU; acuracia; precisao; recall,"CASIA 2.0 como treino e CASIA 1.0 como teste; NIST dividido em 404 treino e o restante teste; COVERAGE 75 treino (mais 142 imagens sinteticas geradas pelos autores) e 25 teste; entrada 512x512, batch 16, 30K iteracoes em CASIA e 8K em NIST/COVERAGE, AdamW lr 6e-5 e weight decay 1e-2; sem folds, sem sementes e sem selecao de limiar declarados","F1 57,3% e AUC 89,9% em CASIA; F1 90,9% e AUC 99,7% em NIST16; F1 73,8% e AUC 95,8% em COVERAGE (Tabela 1)","+1,9%, +9,0% e +1,5% de F1 sobre o melhor metodo anterior (PSCC-Net) em CASIA, NIST e COVERAGE; sobre o baseline interno SegFormer-B0 em CASIA, F1 vai de 55,8% para 57,2% (+1,4) e mIoU de 48,9% para 50,4% (+1,5) (Tabela 3)",nao,nao_aplica,nao_informado,nao_informado,nao_informado,nao_informado,sim,"parte do baseline SegFormer-B0 e adiciona incrementalmente o ramo de alta frequencia (HFAB), tres operadores de fusao alternativos (soma, concatenacao, MLF) e a supervisao de borda (ES), em 7 configuracoes (Tabela 3); alem de avaliacao de robustez sob blur gaussiano, ruido gaussiano, compressao JPEG e redimensionamento (Tabela 4)",dificuldade em detectar regioes adulteradas muito pequenas; regioes detectadas ficam incompletas; desempenho suboptimo quando ha multiplas regioes adulteradas na mesma imagem (Figura 10),1,1,1,1,1,1,6.0,ia_pendente_verificacao,,"O texto tem duas inconsistencias internas do proprio artigo: na Secao 5 afirma-se que em COVERAGE o metodo atinge ""77.9%/95.8%"" de F1/AUC, enquanto a Tabela 1, o resumo e a conclusao registram 73,8%; e a Tabela 3 da ablacao encerra em F1 57,2 enquanto a Tabela 1 reporta 57,3 para a mesma configuracao em CASIA. Adotei os valores da Tabela 1 (repetidos no resumo e na conclusao) para resultado_principal. Nenhum custo computacional nem hardware e reportado: a Secao 4.3 cita apenas SO, Python e PyTorch"
S0057,Shi; Chen; Chen; Zhang,2023,International Joint Conference on Artificial Intelligence (IJCAI-23),conferencia,IJCAI,face,deepfake,Xception,"ramo acessorio de atencao externa por discrepancia (DEA) que extrai o mapa diferencial F - avgpool(F) em quatro niveis do Xception em cascata, somado ao ramo principal, mais um modulo de reconstrucao de cabeca dupla no decoder e um detector que agrega as duas mascaras de diferenca por atencao de canal",transversal,espacial+textura,soma,nao,nao,nao_aplica,sim,FaceForensics++ (HQ e LQ); Celeb-DF; WildDeepfake (WLD); DFDC,acuracia; AUC; EER,"imagens de face redimensionadas para 299x299 com flip horizontal aleatorio, batch 32, Adam lr 1e-4 e weight decay 1e-5, step LR com gamma 0,5, pesos de perda lambda1=lambda2=lambda3=0,1; as divisoes de cada dataset foram remetidas a material suplementar nao incluido no artigo; sem folds, sem sementes e sem selecao de limiar declarados","AUC 99,48% e acuracia 97,69% em FF++ HQ; AUC 93,27% e acuracia 84,53% em WildDeepfake; AUC 92,50% e acuracia 82,35% em DFDC (Tabela 1)","sobre o baseline Xception na ablacao em WildDeepfake, acuracia de 77,13% para 84,53% (+7,40) e AUC de 86,21% para 93,27% (+7,06) (Tabela 5); sobre o melhor competidor (RECCE) em WildDeepfake, +1,25 de AUC",sim,"treinando em FF++ (LQ) e testando fora do dominio, a AUC cai de 95,19% (intra, FF++ LQ) para 70,03% em Celeb-DF, 66,73% em WildDeepfake e 70,89% em DFDC, quedas de 25 a 28 pontos (Tabelas 1 e 2)",nao_informado,nao_informado,nao_informado,nao_informado,sim,"sete configuracoes em WildDeepfake cruzando quatro componentes sobre o baseline Xception: cabeca de reconstrucao 1, cabeca de reconstrucao 2, o ramo DEA e o modulo RFA (Tabela 5)",nao_informado,1,1,0.5,0.5,1,1,5.0,ia_pendente_verificacao,,"ATENCAO PARA A TRIAGEM: este estudo foi atribuido a camada de profundidade com dominios detectados frequencia+ruido, mas a leitura do texto completo nao confirma nenhum dos dois. O artigo nao implementa transformada de frequencia nem filtro de ruido (SRM, BayarConv, DCT); ele cita esses recursos apenas na revisao de literatura e se posiciona explicitamente contra eles: ""Compared to the existing methods that only focus on the discrepant-specific patterns (e.g., noises, textures, and frequencies), our method has a greater generalization"" (Resumo). O que o bloco DEA calcula e um mapa diferencial no espaco de features, D = F - avgpool(F), chamado pelos proprios autores de ""textural discrepancy information"" (Eq. 10). Por isso registrei dominio_representacao como espacial+textura e combina_multiplas como nao. Falso positivo lexico da fase 2, candidato a reclassificacao para a camada de mapeamento. Nenhum custo computacional, hardware ou limitacao propria e declarado; a conclusao traz apenas trabalho futuro (aplicar a cenas naturais e a video)"
S0059,Gao; Sun; Cheng; Guan; Liu; Wang,2022,IEEE Transactions on Knowledge and Data Engineering,periodico,IEEE,imagem_natural,splicing+copy_move,ResNet101 (arquitetura base DeepLabV3+),"rede de dois fluxos sobre o mesmo backbone: um fluxo RGB e um fluxo de frequencia que converte a imagem para YCbCr, aplica DCT em blocos 8x8 e seleciona adaptativamente os 192 canais de frequencia por um modulo tipo squeeze-and-excitation (AFS) que substitui a conv1-x do ResNet101, fundidos camada a camada por atencao cruzada (ACF), mais uma rede de localizacao de artefatos de borda (BAL) com camadas convolucionais com porta, otimizada conjuntamente",transversal,espacial+frequencia+borda,atencao,sim,sim,frequencia+borda,sim,CASIA v1.0 (teste; treino em CASIA v2.0 mais dataset sintetico); COVERAGE; Carvalho (DSO-1); In-The-Wild,MCC; F1,"treino unico com 100.000 blocos de 256x256 (46.000 recortados de CASIA v2.0 com flip aleatorio e 54.000 de um dataset sintetico, metade copy-move e metade splicing), depois teste nos quatro benchmarks; backbone ResNet101 pre-treinado em ImageNet com lr 0,001 e a rede treinada com lr 0,01, SGD com momento 0,9 e weight decay 5e-4, pesos de perda lambda1=0,05, lambda2=0,05 e lambda3=0,9; sem folds, sem sementes e sem selecao de limiar declarados","MCC 0,615 e F1 0,597 em CASIA v1.0; MCC 0,456 e F1 0,518 em COVERAGE; MCC 0,503 e F1 0,584 em Carvalho; MCC 0,454 e F1 0,567 em In-The-Wild (Tabela I)","sobre o baseline DeepLabV3+ com o mesmo backbone ResNet101: +11,0 pontos de MCC e +11,4 de F1 em CASIA v1.0 (0,505/0,483 para 0,615/0,597), +8,2/+10,3 em COVERAGE, +10,2/+11,6 em Carvalho e +8,9/+6,2 em In-The-Wild",sim,"o modelo e treinado apenas com CASIA v2.0 mais dados sinteticos e testado nos outros tres benchmarks sem re-treino: MCC 0,615 em CASIA v1.0 contra 0,456 em COVERAGE, 0,503 em Carvalho e 0,454 em In-The-Wild, ou seja, queda de 0,11 a 0,16 de MCC. O artigo nao rotula esses numeros como queda de generalizacao; a diferenca foi calculada por mim a partir da Tabela I e deve ser conferida pelo autor",nao_informado,nao_informado,nao_informado,nao_informado,sim,"duas ablacoes. A Tabela II varia as componentes de cor do fluxo de frequencia (Y, Cb, Cr, Cb+Cr, Y+Cb+Cr) com e sem o modulo AFS. A Tabela III cruza o fluxo de frequencia e o modulo de borda sobre o baseline RGB em oito configuracoes (RNet, FNet, TNet, TNet+ACF, RNet+BAL, FNet+BAL, TNet+BAL, TBNet), nos quatro datasets. Ha ainda avaliacao de robustez sob compressao JPEG (q=70 e 50) e redimensionamento (0,7 e 0,5)",nao_informado,1,1,1,1,1,1,6.0,ia_pendente_verificacao,,"O PDF depositado e a versao de preprint do arXiv (arXiv:2108.04508v1, 10 ago 2021, cabecalho ""JOURNAL OF LATEX""), nao a versao publicada na IEEE TKDE (10.1109/tkde.2022.3187091). Os numeros extraidos sao os do preprint e podem diferir da versao final; recomendo conferencia se algum valor for citado no texto do TCC. O estudo e o precedente mais forte do lote para a RQ1.3: combina frequencia (DCT em YCbCr com selecao adaptativa de canais) e borda (BAL) sobre o mesmo ResNet101 e faz a ablacao cruzada completa nos quatro datasets. Inconsistencia interna do artigo: o resumo diz que o ganho em CASIA1.0 e de 11%/11,1% em MCC/F1, mas a Secao IV-D e a Tabela I dao 11,0%/11,4%; adotei os valores da tabela. Nenhum custo computacional nem hardware e reportado, e a conclusao traz apenas trabalho futuro, sem limitacoes declaradas"
S0074,Munawar; Oussalah,2025,"IET Radar, Sonar & Navigation",periodico,IET / Wiley,imagem_natural,splicing+copy_move+inpainting,ResNet50 (dois encoders identicos),"dois encoders ResNet50 paralelos, um sobre a imagem RGB e outro sobre o residuo de filtro passa-alta SRM, fundidos nos quatro estagios do backbone por uma porta de atencao residual em que o ramo de ruido gera a mascara que modula o ramo RGB, alimentando tres cabecas (classificacao, segmentacao FPN e projecao contrastiva InfoNCE)",transversal,espacial+ruido,atencao,sim,nao,nao_aplica,parcial,CASIA v2; IMD2020,acuracia; F1 (nivel de imagem); F1/Dice e AUC (nivel de pixel); IoU; perda InfoNCE media,"imagens redimensionadas para 256x256, Adam com lr 5e-5 e weight decay 1e-4, batch 8, treino em precisao mista, scheduler que reduz o lr por 0,5 apos tres epocas sem melhora da perda de validacao; o numero de epocas NAO e informado (o texto diz literalmente ""The model was trained on epochs""); a divisao treino/teste de CASIA v2 e IMD2020 nao e especificada, apenas que ""the training procedure follows a strategy, consistent with prior work in [5, 8]""; na ablacao os dois datasets sao fundidos num corpus unico e particionados em treino e teste; o limiar de binarizacao das mascaras nao e informado; sem folds e sem sementes","nivel de imagem: acuracia 97,9% em CASIA e 89,8% em IMD2020 (Tabela 7); nivel de pixel: F1 92,7% e AUC 91,2% em CASIA, F1 86,6% e AUC 90,1% em IMD2020 (Tabela 8)","sobre o melhor competidor (MSCL-Net): +0,2 de acuracia de imagem em CASIA, +2,5 em IMD2020, e no nivel de pixel +6,8 de F1 e +5,0 de AUC em CASIA; sobre o baseline interno de fluxo unico RGB (Modelo 1 da Tabela 9, no corpus combinado): acuracia 93,4% para 94,2% (+0,8), F1 de pixel 69,2% para 74,4% (+5,2) e IoU 66,8% para 72,9% (+6,1)",nao,nao_aplica,nao_informado,nao_informado,"63,08 quadros por segundo, ou 15,85 ms por imagem de 256x256, com pico de 4,44 GB de memoria de GPU (Secao 4.2). Medido em GPU, nao em CPU","no de computacao Puhti com GPU NVIDIA Tesla V100-SXM2 de 32 GB, Python 3.10, PyTorch 2.6.0, CUDA 12.4",sim,"quatro ablacoes. A Tabela 9 cruza o tipo de entrada residual (so RGB, RGB+SRM, RGB+Laplaciano, RGB+Sobel) com as cabecas ativas (segmentacao, classificacao, contrastiva) em seis variantes. A Tabela 10 varia as perdas (so Lseg; Lcls+Lseg; Lcls+Lseg+Lcont). A Tabela 11 compara o operador de fusao (concatenacao simples contra o modulo de atencao multiescala). A Tabela 12 varre os pesos lambda_seg e lambda_cont",nao_informado,1,1,1,0.5,1,1,5.5,ia_pendente_verificacao,,"RESSALVA PARA A TRIAGEM: classificado na camada de profundidade com dominios frequencia+ruido, mas a leitura completa mostra um unico ramo nao espacial (o residuo SRM), que os autores chamam ora de frequencia ora de ruido de forma intercambiavel (""jointly exploits spatial (pixel-level) and frequency (noise-level) cues"", Resumo). Nao ha ramo de frequencia separado nem transformada DCT/DWT, e os filtros de borda (Sobel, Laplaciano) aparecem so como ALTERNATIVAS ao SRM na Tabela 9, nunca combinados com ele. Por isso combina_multiplas ficou nao. A Tabela 9 vem rotacionada no PDF e as marcas de selecao das colunas nao sao recuperaveis nem com pdftotext -layout; o mapeamento de variantes acima foi reconstruido pela narrativa da Secao 4.5.3, que descreve os Modelos 1 a 5 e omite o Modelo 6 (o texto diz ""five model variants"" mas a tabela tem seis linhas). Inconsistencia numerica do artigo: o Modelo 5 (sem contrastiva) da 90,8 / 89,7 / 72,6 / 70,1 na Tabela 9, enquanto a linha Lcls+Lseg da Tabela 10, que descreve a mesma configuracao, da 90,3 / 88,7 / 70,4 / 69,5. Observo tambem que o veiculo (IET Radar, Sonar & Navigation) e atipico para o tema"
S0094,Qazi; Shah; Ali; Gul; Ahmad; Khan,2025,PLoS ONE,periodico,PLOS,imagem_natural,copy_move,nao_aplica,"nao_aplica: o estudo nao propoe nem customiza rede neural nenhuma. Propoe um metodo de GERACAO de adulteracao, convertendo imagem e patch para YCbCr, aplicando DWT Haar de um nivel em cada banda, embutindo os coeficientes do patch nas posicoes correspondentes dos coeficientes da imagem hospedeira e reconstruindo por IDWT",nao_aplica,frequencia,ausente,nao,nao,nao_aplica,nao,"seis imagens avulsas: quatro do CASIA (lago, golfo, desenho geometrico, animal) e duas da web (kiwi do Unsplash, balao do famousfix)","acuracia de deteccao (r) e taxa de falsa deteccao (w) sao DEFINIDAS nas equacoes 22 e 23, mas nenhum valor numerico e reportado; a avaliacao e inteiramente visual, por figuras","nao_informado: nao ha treino, divisao, folds, sementes nem limiar. As adulteracoes geradas sao submetidas a dois detectores classicos de terceiros (metodo de Soumya, baseado em SWT+AKAZE+DBSCAN, e metodo de Patrick, baseado em blobs+BRISK) e o resultado e julgado por inspecao das figuras 15 a 18","resultado qualitativo: os dois detectores classicos avaliados falham em localizar as regioes adulteradas geradas pelo metodo. O texto afirma que o metodo de Soumya apresenta ""zero accuracy"" na imagem do kiwi e que o de Patrick da ""no accuracy"" na imagem do balao, sem tabela de numeros",nao_informado,nao,nao_aplica,nao_informado,nao_informado,nao_informado,"MATLAB 2018 em Windows 64 bits, Intel Core i5 2,5 GHz, 8 GB de RAM",nao,nao_aplica,em imagens com regioes de textura acentuada a transformada wavelet nao esconde bem as bordas do patch; os experimentos foram feitos majoritariamente sobre fundos uniformes e de textura suave; adulteracoes do tipo objeto substituido pelo fundo continuam nao detectadas pelas abordagens existentes,0,0.5,0.5,0,0,0,1.0,ia_pendente_verificacao,,"CANDIDATO CLARO A EXCLUSAO POR EC2 (ausencia de rede neural). Este nao e um estudo de deteccao com rede neural customizada: e um metodo de GERACAO de adulteracao copy-move multipla no dominio wavelet, implementado em MATLAB, cujo objetivo declarado e mostrar que detectores existentes falham contra ele. Nenhuma rede neural e treinada, projetada ou customizada; os dois metodos comparados (Soumya e Patrick) sao classicos, baseados em pontos-chave (AKAZE+DBSCAN e BRISK+blobs). A classificacao na camada de profundidade por dominios frequencia+ruido e falso positivo lexico: ""frequencia"" vem da DWT usada para gerar a fraude e ""ruido"" vem de mencoes de passagem a padroes de ruido na introducao e na revisao. Recomendo ao autor reavaliar o registro sob o EC2 antes de incluir na sintese. A avaliacao tambem e fragil de modo independente: seis imagens, duas metricas definidas mas nunca reportadas numericamente, e julgamento por inspecao visual de figuras. Por isso qa1, qa4, qa5 e qa6 ficaram em zero"
S0122,Marra; Gragnaniello; Verdoliva; Poggi,2020,IEEE Access,periodico,IEEE,imagem_natural,splicing+copy_move+inpainting,Xception,"framework treinável fim-a-fim (extração por patch + agregação por pooling + decisão) com gradient checkpointing para full-image full-resolution, entrada aumentada com bandas de noiseprint além de RGB",entrada_bruta,espacial+ruido,canais_entrada,nao,sim,espacial+ruido,sim,Vision/UCID; Dresden/FAU; DSO-1; Korus; NC2017; MFC2018; MFC2019,AUC,"treino em Vision/UCID (split ~70/30 por dispositivo, 25 dispositivos treino), teste sem fine-tuning nos demais datasets; experimento adicional com fine-tuning nos dev sets de NC2017 e MFC2018; Adam, lr 0.001, minibatch 10+10",E2E-Fusion supera todas as referências em todos os datasets testados; em Dresden/FAU obtém detecção quase perfeita e em DSO-1 ganho de mais de 5 pontos percentuais sobre a melhor referência,"+0,048 AUC (NC2017) a +0,080 AUC (MFC2018) sobre a melhor referência; ~10 pontos percentuais sobre Xception-pooling em Dresden/FAU",sim,"sem fine-tuning: AUC 0,846 (NC2017) e 0,838 (MFC2018); com fine-tuning nos dev sets: 0,932 e 0,902 respectivamente",nao_informado,nao_informado,"~0,5s por imagem 3072x4096 incluindo extração de noiseprint (Nvidia Tesla P100); 0,01s se tiles já em memória GPU",Nvidia Tesla P100 GPU,sim,"varia feature extractor (Xception vs ResNet101 vs InceptionV4), tipo de pooling (max/min/mean/av.square/combinado), tamanho da camada FC1, e composição da entrada (RGB, NP, RGB+NP) — Tabela 2","melhores formas de pooling deveriam preservar relações espaciais de longo alcance; semântica de imagem/objeto não é considerada; falta ferramenta dedicada de localização de forgery (Seção V, Conclusão)",1,1,1,1,1,1,6.0,ia_pendente_verificacao,,
S0195,Wang; Li; Zhao,2025,Journal of Electronic Imaging,periodico,SPIE,documento,copy_move+splicing+inpainting,proprio,"rede de três ramos paralelos (textura, frequência DCT, ruído BayarConv) com fusão multiescala por concatenação",transversal,espacial+frequencia+ruido+textura,concatenacao,nao,sim,frequencia+ruido+textura,parcial,Tamper-Identity; DocTamper; Tampered-SROIE,precisao; recall; F1; IoU,"divisão 8:2 treino/teste no Tamper-Identity, sem folds; limiar de IoU fixo em 0,5; treino separado no DocTamper com teste no split próprio; avaliação adicional em Tampered-SROIE","F1 0,912 e IoU 0,836 no Tamper-Identity (Tabela 1)","+23,1% de F1 na Tabela 4 ao adicionar ramo de frequência, ramo de ruído e módulo de textura sobre o baseline B_rgb (0,212 -> 0,891 antes do MSFF); +27,7% de F-score sobre o segundo melhor método (CAT-Net) na Tabela 1",sim,"sem queda declarada; ao avaliar generalização (treino em Tamper-Identity, teste em Tampered-SROIE2) o desempenho se manteve alto, F1 0,961 (Tabela 3)",nao_informado,nao_informado,nao_informado,NVIDIA RTX4090,sim,"adiciona sequencialmente o ramo de frequência, o ramo de ruído, o módulo de textura e o módulo de fusão multiescala (MSFF) sobre o baseline B_rgb (Tabela 4)",no DocTamper a precisão do método ficou apenas em segundo lugar; a ausência de textura de fundo distintiva no DocTamper reduz a capacidade de detecção do método proposto,1,1,1,1,1,1,6.0,ia_pendente_verificacao,,
S0200,Cheng; Wang; Wang; Luo; Ma,2024,IEEE Transactions on Circuits and Systems for Video Technology,periodico,IEEE,imagem_natural,recompressao,proprio,pré-processamento agrupa coeficientes DCT da mesma frequência em vetores (zig-zag) e a rede Res2Net-C combina conexões residuais multiescala (Res2Net) com múltiplos kernels pequenos no stem (ResNet-C) para estimar passos de quantização no domínio de frequência,transversal,frequencia,canais_entrada,nao,nao,nao_aplica,nao,UCID; RAISE; NRCS-NUIST,acuracia,"patches 64x64 recortados aleatoriamente; divisão 6:2:2 treino/validação/teste; Adam lr=1e-3, batch 128, 100 épocas; melhor época escolhida pela menor perda de validação",acurácia acima de 95% na maioria dos casos para imagens single-compressed no UCID (Tabelas II-IV),acurácia média 12% maior que Niu et al. [33] e 6% maior que Tondi et al. [34] em imagens recomprimidas (Seção V-B),sim,"treino no UCID e teste no RAISE: acurácia média do método proposto cai 7,7%, contra 8,6% do método de Niu et al. [33] (Tabela VII, Seção V-C)",nao_informado,"Tabela I (conferida no PDF original, p.9): ResNet 1,74G; ResNet-C 1,74G; DenseNet 3,01G; Niu-DenseNet 10,38G; Res2Net 4,21G; Res2Net-C (proposto) 5,11G","Tabela I (conferida no PDF original, p.9), linha 'Time(s)': ResNet 5,44s; ResNet-C 5,68s; DenseNet 18,59s; Niu-DenseNet 37,14s; Res2Net 22,92s; Res2Net-C (proposto) 24,19s — nota: é tempo de treinamento por rodada/época, não latência de inferência",1x NVIDIA GeForce RTX 1080 Ti 11GB GDDR6,sim,"varia tamanho do kernel convolucional (1x3, 3x1, 3x3, 7x7), estrutura de pré-processamento (domínio espacial vs. frequência com/sem rearranjo em zig-zag) e estrutura de rede (ResNet, ResNet-C, DenseNet, Niu-DenseNet, Res2Net, Res2Net-C)",método restrito ao caso de recompressão alinhada (aligned); trabalho futuro precisa tratar recompressão não alinhada,1,1,1,1,1,1,6.0,ia_pendente_verificacao,,"Tabela I (FLOPs e tempo) veio quebrada na extração de texto do PDF. CONFERIDO no PDF original (p.9, 2026-09-21): tabela 'FLOPs for Different Network Models' com duas linhas, FLOPs e Time(s), para as 6 redes comparadas; valores preenchidos em custo_flops e custo_latencia. A linha 'Time(s)' é tempo de treinamento por rodada, não latência de inferência — campo ajustado para deixar isso explícito."
S0225,Zhang; Zeng; Yang,2025,Electronics,periodico,MDPI,imagem_natural,splicing+copy_move+inpainting,ConvNeXt V2,"modulo MEAC (multi-scale edge-guided artifacts capturing) que aplica operador Laplaciano seguido de convolucoes rasas sobre a saida de cada um dos quatro blocos do backbone, alimentando um decodificador de borda supervisionado por perda de borda multiescala",transversal,espacial+borda,concatenacao,nao,nao,nao_aplica,nao,NIST; NIST+; Coverage; Columbia; CASIA v1+; CoCoGlide; InTheWild; Korus; DSO,F1; AUC; IoU; acuracia,"mesmo conjunto de treino do CAT-Net v2, sem sobreposicao com os conjuntos de teste; limiar fixo em 0,5 para F1 e IoU; 20 epocas, lote 32, AdamW com taxa inicial 1e-4 e weight decay 1e-5, ReduceLROnPlateau; conjunto de validacao para early stopping; sem folds e sem sementes declaradas","localizacao em nivel de pixel: F1 medio 0,743, AUC medio 0,942 e IoU medio 0,691 nos quatro conjuntos; melhor caso Columbia F1 0,947. Nivel de imagem: F1 medio 0,804, AUC medio 0,887, ACC medio 0,825","+15,2% em F1 de pixel sobre o segundo melhor metodo (TruFor 0,591 para 0,743), +4,3% AUC e +17,1% IoU; em nivel de imagem +6,6% F1, +11,4% AUC, +9,9% ACC. Internamente, adicionar a perda de borda eleva o F1 medio em 5,0% e o IoU em 6,6% (Tabela 4)",sim,nao_informado,nao_informado,nao_informado,nao_informado,"servidor com 4 GPUs NVIDIA A100 80GB, PyTorch 1.13.0",sim,"varia termos da funcao de perda (DiceLoss, DiceBCELoss, adicao da perda de borda) e componentes do treino de forma incremental (imagens autenticas, perda de classificacao, geracao auto-supervisionada iterativa, treino auto-adversarial progressivo), alem do numero de iteracoes de auto-supervisao","AUC suboptima no conjunto Columbia, marginalmente atras do melhor resultado da literatura; autores indicam necessidade de conjuntos maiores de cenario real",1,1,1,1,1,1,6.0,ia_pendente_verificacao,,"A triagem marcou o estudo como borda+frequencia, mas a leitura do texto completo nao encontrou ramo de frequencia: a palavra frequencia aparece na justificativa do operador Laplaciano e na descricao da frequencia do treino adversarial. Reclassificado como espacial+borda. O ganho reportado como percentual e em pontos absolutos de F1 (0,591 para 0,743 = 15,2 pontos), nao ganho relativo. Os autores afirmam significancia estatistica na Secao 4.2 sem aplicar nenhum teste estatistico."
S0231,Yang; He; Ma; Lv; Chen; Wang,2025,Sensors,periodico,MDPI,imagem_natural,splicing,"proprio (encoder-decoder com dois blocos residuais do ResNet-18 no estagio de extracao, treinado do zero sem pesos pre-treinados)","cascata de tres modulos sobre um unico backbone: CSDRFBlock antes do primeiro downsampling, ESFFM com Adaptive Smooth Filter aprendivel que decompoe as features em componentes de baixa e alta frequencia, e MGFA nas skip connections, tudo supervisionado por uma perda de borda multiescala (ME-Dice) com nucleos de diferenca central 1x3 e 1x5",transversal,espacial+frequencia+borda,concatenacao,nao,sim,frequencia+borda,parcial,CASIA v1.0; CASIA v2.0; NIST'16; COLUMBIA,precisao; revocacao; F-measure,"particionamento por imagem-fonte (todas as adulteracoes derivadas de uma mesma imagem autentica ficam na mesma particao). Setup principal: CASIA v2.0 1300 treino / 100 validacao / 200 teste; COLUMBIA 125/10/45; NIST'16 180/15/60. Setup secundario (Secao 4.7): CASIA v1.0 e COLUMBIA com divisao 65% treino / 35% teste e sem data augmentation. Treino do zero, 150 epocas, Adam com taxa inicial 0,0002 e betas (0,5; 0,999), lote 8, agendador cosseno, entrada 256x256. Sem folds, sem sementes e sem selecao de limiar declaradas","F-measure 0,877 na CASIA v2.0 (precisao 0,887, revocacao 0,865), 0,964 na COLUMBIA e 0,919 na NIST'16, melhor F-measure entre todos os metodos comparados nos tres conjuntos","+0,168 de F-measure sobre o baseline interno na CASIA v2.0 (0,709 para 0,877, Tabela 3); sobre o melhor concorrente publicado (CAT-Net, F 0,851) o ganho e de +0,026",nao,nao_aplica,"52,08 M","124,86 GFLOPs para entrada 256x256","35,1 FPS em GPU NVIDIA GeForce RTX 5070 Ti","NVIDIA GeForce RTX 5070 Ti, PyTorch 2.4.1",sim,"Tabela 3 adiciona incrementalmente CSDRFBlock, ESFFM e MGFA sobre o modelo Edgebase (baseline mais perda de borda ME-Dice); Tabela 4 varia a composicao da perda de borda (Sobel 2D, nucleo 1x3, nucleo 1x5, combinacao); Tabela 5 compara ME-Dice com Boundary, Focal e Active Contour Loss; Tabela 6 compara seis estrategias de fusao de informacao de frequencia (SRM fixo, gaussiano fixo, ASF aprendivel, soma versus concatenacao)","degradacao sob ataque de redimensionamento, atribuida pelos autores ao fato de a interpolacao borrar justamente os artefatos de alta frequencia que o ESFFM separa; alta precisao ao custo de revocacao mais baixa em alguns conjuntos; deteccoes incompletas em substituicoes de fundo natural de grande area com contornos finos e baixo contraste",1,1,1,1,1,1,6.0,ia_pendente_verificacao,,"Candidato forte a precedente da combinacao frequencia+borda, mas a combinacao e assimetrica: a customizacao de frequencia e arquitetural (ESFFM/ASF) e a de borda e uma funcao de perda (ME-Dice), nao um ramo de features. Ambiguidade registrada no operador de fusao: o texto da Secao 3.4.2 descreve concatenacao de canais, enquanto a legenda da Figura 8 diz que o ESFFM ""uses frequency decomposition to generate an attention map for feature enhancement""; adotei o texto por ser explicito, mas o autor deve conferir a Figura 8 no PDF (p. 14). O MGFA, que fica nas skip connections e nao na fusao espaco-frequencia, usa mapas de atencao dependentes da entrada (sigmoid), o que tornaria fusao_condicional igual a sim se o campo se referisse a ele. As checkmarks das Tabelas 3 e 4 vieram embaralhadas no pdftotext; os valores foram lidos pelos rotulos de linha e confirmados pela narrativa das Secoes 4.5 e 4.6."
S0240,Sarika; Shankar,2025,Journal of Engineering and Applied Science,periodico,Springer,medico,inpainting+generico,"U-Net (Hybrid Residual U-Net++, unidades residuais combinadas com os caminhos de skip densos do U-Net++)","a rede customizada faz apenas a segmentacao ROI/RONI; a deteccao de adulteracao em si e ativa e nao aprendida, por hash LSH da ROI embutido na RONI via DWT mais LSB e verificado por comparacao de hashes no destino",transversal,espacial+frequencia+borda,ausente,nao,nao,nao_aplica,nao,"Medical Deepfakes Lung Cancer (Kaggle, CT-GAN/3D pix2pix), 200 imagens de tomografia 512x512",PSNR; NC; BER; NAE; TAF; mAP; tempo computacional; acuracia; precisao; revocacao; F1; especificidade,nao_informado,"PSNR 38,79 dB apos o embedding; segmentacao com HResUNet++ em acuracia 99,60%, precisao 99,63%, F1 99,59%, revocacao 99,54% e especificidade 99,65%; LSH com mAP 0,939 em codigo de 32 bits","+5,28 dB de PSNR sobre o melhor metodo de embedding comparado (LSBMR 33,52 para 38,79) e +1,63 dB sobre o melhor trabalho publicado comparado (IWT 37,16); +3,24 pontos de acuracia de segmentacao sobre DeepLab V3+ (96,36% para 99,60%)",nao,nao_aplica,nao_informado,nao_informado,"nao_informado para a rede; o estudo informa apenas o tempo de hashing do LSH (0,0591 s para 32 bits e 0,0579 s para 64 bits, Tabela 1)","PC dual-core de 2 GHz com 4 GB de RAM, Windows 64 bits, Python 3.7.3",nao,nao_aplica,"o cabecalho DICOM, com metadados do paciente, nao e coberto pelo arcabouco; a selecao automatica de ROI e RONI pode levar a interpretacoes medicas incorretas e deveria ser validada por medicos; trabalho futuro para ataques adversariais e transformacoes preservadoras de conteudo mais complexas",0.5,0.5,0.5,0,0.5,0,2.0,ia_pendente_verificacao,,"Estudo de forense ativa (marca d'agua e hash), nao de deteccao passiva por rede neural: a rede customizada serve so para segmentar ROI e RONI, e o veredito de adulteracao vem da comparacao de hashes. Por isso qa1 recebeu 0,5 e qa6 recebeu 0. O campo dominio_representacao registra frequencia por causa da DWT e borda por causa de uma unica mencao ao Sobel na Secao Tamper detection (""the received image's LL3 component is compared to the extracted primary hash using the Sobel edge detection method""), mas nenhum dos dois e ramo da rede, razao pela qual combina_multiplas ficou em nao. Inconsistencias do proprio artigo que o autor deve conferir: (a) o texto afirma que a proposta tem ""the lowest BER (0.9107)"" enquanto na propria Tabela 2 esse e o maior BER da tabela (LWT 0,2128, PVD 0,3188, LSBMR 0,8008); (b) a coluna TAF da Tabela 2 veio com os mesmos valores da coluna NAE em ordem trocada, possivel artefato de extracao ou de diagramacao; (c) o resumo promete SSIM e MSE, que nunca aparecem em nenhuma tabela. Nao ha divisao treino/teste, semente ou fold declarados em nenhum experimento, e o limiar da equacao 17 nunca recebe valor."
S0255,Niu; Chen; Li,2025,"Signal, Image and Video Processing",periodico,Springer,imagem_natural,generico,nao_aplica,"conjunto de tres residuos (residuo de mediana, residuo de sharpening e residuo sharpen-mediana) sobre o qual sao extraidas caracteristicas de modelo autorregressivo e de Markov no dominio espacial e momentos estatisticos dos coeficientes DCT no dominio da frequencia, concatenadas em um vetor de 150 dimensoes para um SVM",entrada_bruta,espacial+frequencia+ruido,concatenacao,nao,sim,espacial+frequencia,sim,UCID; BOSSbase; RAWDresden,acuracia; curva ROC com TPR a baixo FPR,"validacao cruzada com 20 subconjuntos mutuamente exclusivos, 19 para treino e 1 para teste, repetida 20 vezes com media das execucoes; busca em grade para o fator de penalidade C e o parametro de nucleo gamma do SVM; imagens convertidas para tons de cinza de 8 bits, center crop em 128x128, 64x64, 32x32 e 16x16, compressao JPEG com QF em {90, 70, 50, 30}; 1.338 imagens sorteadas de BOSSbase e de RAWDresden para igualar o tamanho do UCID. Sem semente declarada","acuracia 95,39% no UCID com blocos 32x32, filtro 5x5 e QF 90 (Tabela 1); no pior caso declarado no texto, ""Even under extreme conditions (QF=30, 16x16 image blocks), it still maintains an accuracy of 70.39%""; em imagens nao comprimidas do BOSSbase 64x64 com filtro 5x5 a acuracia chega a 99,86%","ganhos pequenos sobre o melhor concorrente MM: +0,56 ponto no UCID 16x16 MF3 QF 90 (83,69% para 84,25%) e +0,97 ponto no UCID 32x32 MF3 QF 70 (84,99% para 85,96%). Na propria ablacao (Tabela 6, UCID QF 70), o metodo completo supera o melhor subconjunto unico (AR) em apenas +0,38 ponto no cenario 32/MF3 (85,58% para 85,96%)",nao,nao_aplica,nao_informado,nao_informado,nao_informado,nao_informado,sim,"a Tabela 6 varia o subconjunto de caracteristicas em seis configuracoes (DCT sozinho, AR sozinho, Markov sozinho, DCT e AR, DCT e Markov, e o conjunto completo proposto) em quatro cenarios de tamanho e janela do filtro, no UCID com QF 70",nao_informado,0,1,1,0.5,1,0.5,4.0,ia_pendente_verificacao,,"Estudo sem rede neural: caracteristicas artesanais classificadas por SVM, motivo de qa1 igual a 0 e de backbone_base igual a nao_aplica. Pelo criterio EC2 (estudo sem rede neural) o autor deve avaliar se o registro deveria ter sido excluido na fase 2; ele so sobreviveu porque o resumo cita DCT e residuos. Ainda assim e o unico caso do lote com ablacao cruzada de verdade, e o resultado e informativo para a RQ1.3 em sentido negativo: cruzar frequencia com espacial rende ganho marginal (+0,26 a +0,38 ponto) sobre o melhor dominio isolado. Os tres residuos (MFR, SR, SMR) sao do dominio de ruido e aparecem em todos os bracos da ablacao, ou seja, o que a Tabela 6 cruza e frequencia contra espacial, nao ruido contra frequencia. As Tabelas 1 a 5 vieram com as colunas em ordem coluna-a-coluna no pdftotext; os valores citados foram remontados pelos rotulos de linha e o numero 70,39% foi confirmado pela prosa da Secao 4.3. O cabecalho da Tabela 2 nao distingue MF3 de MF5, entao evitei citar numeros dela fora do que o texto corrido confirma."
S0272,Wang; Zhu; Sun; Qian; Chen,2023,Electronics,periodico,MDPI,imagem_natural,inpainting,"proprio (MPIF-Net: tres caminhos codificador-decodificador paralelos de mesma estrutura, com blocos densos residuais)","duas customizacoes sobre a mesma rede multi-caminho: FCBAM, atencao de canal calculada sobre componentes 2D DCT em vez de global average pooling, colocada ao fim de cada modulo AARDM do codificador, e BGM, modulo de guia de borda que funde as saidas dos tres decodificadores para prever a fronteira da regiao inpaintada, usado apenas no treino",transversal,espacial+frequencia+borda,atencao,sim,sim,frequencia+borda,sim,"conjunto proprio derivado do Places2: 19.350 imagens 256x256, cada uma adulterada por quatro abordagens de inpainting profundo (Iizuka et al., Yu et al., Zeng et al., Liu et al.), com mascaras circular, retangular e irregular de 1%, 5% e 10% da imagem",IoU; F1; TPR; FPR,"divisao aleatoria em 18.000x4 imagens de treino, 450x4 de validacao e 900x4 de teste; treino com Adam (momentos 0,9 e 0,999), mini-lote 24, 100 epocas, taxa de aprendizado inicial 3e-3 com reducao de 50% a cada 10 epocas, entrada 256x256. Sem folds, sem sementes e sem selecao de limiar declaradas","no conjunto do inpainting de Yu et al.: F1 medio 95,73% e IoU medio 92,17%, TPR medio 95,53% e FPR medio 0,16%; melhor caso F1 98,49% e IoU 97,03% com mascara circular cobrindo 10% da imagem","+7,68 pontos de F1 medio e +11,06 de IoU medio sobre o melhor concorrente (IID-Net, F1 88,05% e IoU 81,11%); em regioes de apenas 1% da imagem a vantagem de F1 chega a 14,9, 18,6 e 13,7 pontos para mascaras circular, retangular e irregular. Internamente, o modelo completo supera o baseline MPN em +2,25 pontos de IoU (89,92% para 92,17%) e +1,28 de F1",nao,nao_aplica,nao_informado,nao_informado,nao_informado,"uma GPU NVIDIA GeForce 3080 Ti com 12 GB de memoria, PyTorch",sim,"Tabela 7 varia o mecanismo de atencao dentro do AARDM (sem atencao, CBAM convencional, FCBAM com 4, 16 e 32 componentes DCT mais altos); Tabela 8 cruza a presenca do modulo de guia de borda com a presenca da atencao de frequencia (MPN, MPN-B, MPN-F16 e MPN-F16-B)","os autores afirmam que robustez e generalizacao ainda precisam melhorar e que o objetivo futuro e detectar tecnicas de inpainting desconhecidas aprendendo direto de imagens sem pos-processamento; os proprios resultados mostram queda forte sob compressao JPEG (IoU de 94,94% sem distorcao para 62,13% com QF 75)",1,1,1,0.5,1,1,5.5,ia_pendente_verificacao,,"Melhor precedente do lote para a RQ1.3: combina frequencia (atencao de canal por DCT) com borda (guia de fronteira) sobre o mesmo backbone e mede as quatro celulas do cruzamento na Tabela 8. Vale registrar que, no caso deles, a combinacao e subaditiva. Diferencas em relacao ao TCC: a frequencia entra como reponderacao de canais e nao como ramo paralelo de features, e a borda entra como ramo auxiliar supervisionado ativo so no treino. Ponto a conferir pelo autor: cross_dataset foi marcado como nao porque a Secao 6.1 declara que as quatro abordagens de inpainting entram no mesmo conjunto de treino (""resulting in a total of 19,350 x 4 inpainted images. The final obtained dataset was randomly divided into a training set with 18,000 x 4 images""), o que contradiz o titulo da Secao 6.5, ""Generalization Performance Evaluation of Networks""; os resultados das Tabelas 4 a 6 (F1 de 98,22%, 89,89% e 98,57%) nao mostram queda em relacao ao conjunto principal, padrao compativel com teste dentro da distribuicao. O texto extraido do PDF veio com grande parte das paginas 2 a 8 duplicada caractere a caractere (artefato de camada dupla de texto no PDF), o que dificultou a leitura das Secoes 1 e 2; os numeros das Tabelas 1, 2, 7 e 8 foram conferidos contra a prosa das Secoes 6.3 e 6.6 e batem."
S0280,Gui; Ye; Zheng,2025,Journal of Electronic Imaging,periodico,SPIE,imagem_natural,splicing+copy_move+inpainting,ConvNeXt-T pre-treinado na ImageNet,"tres modulos sobre o mesmo codificador: HFRM, que aplica Haar wavelet downsampling para recuperar detalhe de alta frequencia nas tres camadas intermediarias, EEM, que extrai bordas com camadas Sobel e Laplaciana em tres taxas de dilatacao, e EGAM, que cruza as features de borda com as semanticas por atencao espacial e de canal",transversal,espacial+frequencia+borda,atencao,sim,sim,frequencia+borda,sim,"CASIA v1.0; CASIA v2.0; COVERAGE; Columbia; NIST16; Wild; pre-treino no conjunto sintetico de Liu et al. (116.583 splicing, 100.000 copy-move, 78.246 removal) mais IMD2020",AUC; F1,"pre-treino no conjunto sintetico mais IMD2020, com amostragem aleatoria de 2.500 imagens por categoria de manipulacao a cada epoca; ajuste fino com as divisoes da Tabela 1 (CASIA v2.0 para treino e CASIA v1.0 para teste; COVERAGE 75 treino e 25 teste; NIST16 404 treino e 160 teste); limiar fixo em 0,5 para o F1, declarado explicitamente para evitar estimativa inflada; imagens redimensionadas para 512x512; Adam com taxa inicial 0,0002 reduzida a metade a cada 10 epocas e betas 0,9 e 0,999. Todas as tabelas reportam melhor execucao unica mais media e desvio padrao sobre multiplas execucoes, mas o numero de execucoes nunca e informado. Sem folds e sem sementes declaradas","modelo pre-treinado: AUC 84,5% no CASIA, 93,7% no COVERAGE, 99,5% no Columbia, 85,3% no NIST16 e 87,6% no Wild. Modelo ajustado: AUC 91,8% e F1 62,9% no CASIA, AUC 97,6% e F1 81,3% no COVERAGE, AUC 99,7% e F1 87,2% no NIST16","na ablacao do NIST16 ajustado, o modelo completo supera o baseline em +2,0 pontos de AUC (97,7% para 99,7%) e +8,8 de F1 (78,4% para 87,2%). Contra concorrentes, +1,9 de AUC e +5,5 de F1 sobre o ObjectFormer no COVERAGE ajustado, e +1,3 de AUC sobre o PSCC-Net no Columbia pre-treinado",sim,"comparando o modelo pre-treinado no conjunto sintetico com o mesmo modelo ajustado no conjunto alvo, a AUC cai 14,4 pontos no NIST16 (99,7% ajustado contra 85,3% pre-treinado), 7,3 pontos no CASIA (91,8% contra 84,5%) e 3,9 pontos no COVERAGE (97,6% contra 93,7%). Os autores atribuem o caso do NIST16 a ""significant distribution differences between these datasets and the synthetic training dataset""",nao_informado,nao_informado,nao_informado,"Ubuntu 20.04, PyTorch 2.1.2, uma GPU NVIDIA RTX 3090",sim,"a Tabela 7 cruza presenca e ausencia de HFRM, EEM e EGAM em sete das oito combinacoes possiveis (falta apenas EEM mais EGAM sem HFRM); alem disso a Tabela 2 compara sete backbones (VGG16, ResNet34, ResNet50, ResNeXt50, Swin-T, PVT-S e ConvNeXt-T), a Tabela 3 compara combinacoes de perdas para os ramos RGB e de borda, e a Tabela 4 varia o peso lambda entre as duas perdas de 0,3 a 0,8","robustez claramente limitada sob desfoque gaussiano, porque o desfoque corrompe o prior de borda de que o metodo depende; os autores reconhecem que ""the degradation under Gaussian blur highlights a limitation in the current method"" e propoem estender o metodo a cenarios reais mais amplos",1,1,1,0.5,1,1,5.5,ia_pendente_verificacao,,"Junto com S0272, e o precedente mais direto do desenho do TCC: frequencia (wavelet de Haar) somada a borda (Sobel e Laplaciano) sobre um mesmo backbone, com ablacao cruzada real. Duas diferencas em relacao ao TCC: a frequencia entra por wavelet e nao por DCT, e a fusao e por atencao cruzada explicita (EGAM) e nao por gate. Achado relevante para a RQ1.3: assim como no S0272, a combinacao dos dois dominios e subaditiva em F1, ou seja, o ganho conjunto e menor que a soma dos ganhos isolados. Atencao para dois contextos experimentais diferentes que usam o mesmo conjunto: a Tabela 2 (escolha de backbone, AUC 85,3% no NIST16) e do modelo pre-treinado, enquanto a Tabela 7 (ablacao, baseline com AUC 97,7%) e do modelo ajustado; comparar numeros entre elas seria erro. O estudo e um dos poucos do lote a reportar dispersao entre execucoes, mas nao diz quantas execucoes, o que impede calcular intervalo de confianca."
S0290,Abuthahir N; Riyas Ahamed S; Santhosh S; Prasanth R; A. Raja,2026,International Journal of Innovative Research in Engineering (IJIRE),periodico,Fifth Dimension Research Publication,imagem_natural,copy_move,nao_aplica (metodo classico sem rede neural),"pipeline hibrido sequencial combinando pre-processamento por wavelet estacionaria (DyWT), descritores SIFT, casamento G2NN e clustering aglomerativo, sem treinamento",entrada_bruta,espacial+frequencia,ausente,nao,nao,nao_aplica,nao,MICC-F220; CoMoFoD; COVERAGE; COLUMBIA; CASIA v2,acuracia; precisao; recall; F1; AUC,metodo sem treinamento; parametros fixados por validacao empirica em 10% do CoMoFoD para evitar vazamento; divisao estratificada 80:20 quando o dataset nao possui split padrao,"acuracia media de 94,2% e F1-score medio de 94,0% entre os cinco datasets (Tabela 3)","supera o metodo CNN-based de Wenchao et al. (2019, DCT+CNN, 93,1% de acuracia) em 1,1 ponto percentual (Tabela 6)",nao,nao_aplica,nao_informado,nao_informado,"2,31s para imagem 512x512; 41,20s para imagem 2048x2048 (Tabela 5)","Intel Core i7 12a geracao, 16 GB DDR5 RAM, SSD NVMe 512GB, Windows 11 (sem GPU mencionada)",nao,nao_aplica,"sensibilidade do limiar G2NN a imagens de baixa textura; queda de recall para compressao JPEG abaixo de Q=50 devido a deriva do descritor; requisito de memoria O(n^2) da matriz de distancia, proibitivo acima de ~15.000 keypoints; nao detecta splicing nem forgeries de remocao",0.5,1,1,1,1,0.5,5.0,ia_pendente_verificacao,,"Estudo classico (sem rede neural/backbone), presente na camada de profundidade provavelmente por combinar dominios frequencia (DyWT) e espacial (SIFT) via pipeline, mas sem fusao de features nem ablacao cruzada; forte candidato a nao contar como precedente para a reivindicacao de originalidade do TCC."
S0334,Dagar; Vishwakarma,2025,"Signal, Image and Video Processing",periodico,Springer,imagem_natural,multiplo,ResNet18,"modelo dual-branch com ramo de alta frequencia (via DCT/IDCT com limiar de corte adaptativo) e ramo contextual RGB sobre encoder-decoder ResNet18, com modulo de extracao de bordas baseado em Sobel e modulo de fusao de features inspirado no BiSeNet",transversal,espacial+frequencia+borda,atencao,sim,sim,frequencia+borda,nao,CASIA V2.0; CASIA V1.0; Columbia; Coverage; NIST16; IMD2020; DEF-12k; Carvalho,IoU; F1,"treino em CASIA2 (5063 imagens) seguido de treino/avaliacao em 7 datasets shallowfake com splits proprios (Tabela 1); imagens redimensionadas para 224x224; Adam, batch 32, lr inicial 1e-3 decaido por fator 0,8 a cada 10 iteracoes, 250 epocas + 100 epocas de fine-tuning; 2 GPUs NVIDIA","F1 0,9638 no NIST16 (Tabela 3); IoU 0,8529 no Columbia (Tabela 2)","supera baselines como U-Net, FCN, DeepLabv3, CAT-NET, PIM e TruFor na maioria dos datasets, ex.: F1 0,855 em CASIAv1 vs 0,673 (U-Net) e 0,739 (TruFor)",sim,nao_informado,"""over 40 trainable parameters"" (Secao Conclusao/limitacoes, unidade nao esclarecida no texto, provavelmente milhoes)",nao_informado,nao_informado,duas GPUs NVIDIA (modelo nao especificado),sim,"estudo de ablacao mencionado como parte da avaliacao, mas o conteudo esta na secao suplementar (nao disponivel no texto extraido); apenas a existencia e citada: ""The ablation study in the evaluation demonstrates the impact of individual components of the model on the overall results. This section has been contained in the supplementary material.""","exige datasets de treino substanciais; desempenho piora com imagens de baixa qualidade/artefatos de compressao; mais de 40 (milhoes de?) parametros treinaveis, custo computacional alto, pouco adequado para dispositivos moveis",1,1,1,1,1,1,6.0,ia_pendente_verificacao,,"Estudo combina explicitamente frequencia e borda sobre o mesmo backbone (ResNet18) com fusao por atencao, candidato relevante a precedente para RQ1.3. Porem a ablacao cruzada que permitiria confirmar avalia_interacao='sim' ou 'parcial' esta no material suplementar, nao incluido no texto extraido nem verificado no PDF. CONFERIDO no PDF original (12 paginas completas, 2026-09-21): o corpo do artigo apenas cita a existencia da ablacao e remete ao material suplementar via DOI externo (""This section has been contained in the supplementary material"", Introducao); nao ha nenhuma tabela de ablacao nem valores isolados de frequencia/borda em nenhuma pagina do PDF principal. O supplementary nao esta anexado a este PDF e nao foi obtido. avalia_interacao mantido em nao, confirmado — nao ha versao da ablacao cruzada no corpo do artigo."
S0336,Chitti; Prabhushetty; Allagi,2022,International Journal of Advanced Computer Science and Applications (IJACSA),periodico,outro,imagem_natural,generico,proprio,"extração de features via operador de Canny (borda) e coeficientes DCT reduzidos (frequência), combinados a histogramas de cor, em pipeline sequencial de SVM seguido por uma CNN simples de duas camadas",entrada_bruta,espacial+frequencia+borda+textura,concatenacao,nao,sim,frequencia+borda,nao,Corel-10K,acuracia,"divisão 70:30 treino/teste, sem folds nem validação cruzada declarada",acurácia combinada (SVM + CNN em duas iterações) de 98%,"SVM isolado 75% de acurácia, CNN isolado 95%, combinação sequencial SVM+CNN acima de 98% (Seção V, Conclusão)",nao,nao_aplica,nao_informado,nao_informado,nao_informado,"Ubuntu 22.0 LTS 64-bit, 24GB RAM, Intel Core i5 @3.40GHz (CPU, sem menção de GPU)",sim,"compara desempenho isolado de SVM (75%), de CNN (95%) e da combinação sequencial SVM+CNN (98%); não isola os domínios de representação (borda vs. frequência) entre si, apenas os classificadores",o modelo proposto pode ser aprimorado com um mecanismo ótimo de redução de features; o uso de modelos não supervisionados pode aumentar o desempenho; a CNN classificou incorretamente algumas imagens forjadas como não forjadas,0.5,0.5,0.5,0.5,0.5,0.5,3.0,ia_pendente_verificacao,,"o artigo é internamente inconsistente sobre o dataset: o resumo cita 'Corel 10K dataset', mas a Seção III-A descreve 'a target set of 100000 images... 100 categories, composing 100 images in each type' (o que daria 10.000, não 100.000); mantido 'Corel-10K' por ser o nome citado no resumo e nas figuras. Metodologia geral é majoritariamente extração de features clássica (não aprendida) com classificadores simples, não uma arquitetura neural customizada de fusão multi-domínio."
S0341,Weng,2025,American Journal of Industrial and Production Engineering,periodico,Australian Science Journals,face,deepfake+splicing+copy_move,Xception (cinco ramos paralelos) + YOLOv5s para localizacao,"pre-processamento da entrada em cinco representacoes (RGB, espectro de Fourier, Fourier+passa-alta, borramento gaussiano, mapa residual) processadas por cinco ramos Xception identicos cujos vetores sao concatenados antes da cabeca de classificacao",entrada_bruta,espacial+frequencia+borda,concatenacao,nao,sim,espacial+frequencia+borda,parcial,"IMDb-Wiki (com falsificacoes geradas pelos autores: StyleGAN2, ProGAN, splicing, copy-move)","acuracia; precisao; recall; F1; AUC-ROC; mAP@0,5","divisao 70/10/20 (350.000 treino, 50.000 validacao, 100.000 teste), sem sobreposicao; limiar fixo em 0,5; parada antecipada com paciencia 10 em no maximo 100 epocas; menciona validacao cruzada de 5 folds apenas para escolher o corte do filtro Butterworth e para medir variancia do dropout; sementes nao informadas","acuracia 92,4%, F1 92,4% e AUC-ROC 0,968 no conjunto de teste do IMDb-Wiki","+7,2 pontos de acuracia sobre CNN-only (85,2%), +4,8 sobre YOLO-only (87,6%) e +10,1 sobre FFT-only (82,3%)",nao,nao_aplica,"YOLOv5s com 27,1 M; numero de parametros do XCE5_Net nao informado","18,2 GFLOPs por imagem no pipeline fim a fim",nao_informado,NVIDIA RTX 3090 (treino do YOLOv5) e NVIDIA A100 40GB (treino do XCE5_Net),sim,"varia a configuracao de canais de entrada (so original, so FFT, FFT+passa-alta, FFT+gaussiano, cinco canais) e remove um canal por vez do modelo completo; compara ainda concatenacao contra fusao ponderada","queda de 8,3 pontos de F1 em imagens abaixo de 128x128; AUC-ROC cai 0,072 sob ruido gaussiano sigma=0,1 (vulnerabilidade antiforense); custo de 18,2 GFLOPs inviabiliza uso em dispositivos com recurso limitado",1,1,1,1,0.5,0.5,5.0,ia_pendente_verificacao,,"Artigo com inconsistencias numericas internas que rebaixaram qa5 e qa6: a Secao 3.4 cita uma 'Table 7 in the original document' que nao existe no artigo; os baselines da Secao 3.4 (RGB-only 80,3% F1, Fourier-only 78,5% F1) nao batem com os da Secao 3.3.1 (CNN-only 85,2%, FFT-only 82,3%); a numeracao das figuras e caotica (Figura 17 e citada como Figura 25 no corpo, legendas descrevem figuras inexistentes). Nao ha teste estatistico nem avaliacao entre conjuntos de dados. Veiculo de area nao relacionada (engenharia industrial), o que soma duvida sobre o rigor editorial."
S0358,Nayerdinzadeh; Yousefi,2021,Majlesi Journal of Electrical Engineering,periodico,"Majlesi Branch, Islamic Azad University",imagem_natural,copy_move,nao_aplica,"pipeline classico sem rede neural: tres extratores de caracteristicas executados em paralelo sobre a mesma imagem (transformada discreta de wavelet, transformada de caracteristicas invariante a escala e padrao binario local), com area suspeita aceita quando pelo menos dois dos tres concordam",nao_aplica,espacial+frequencia+textura,ausente,nao,sim,frequencia+textura+espacial,nao,"MICC (800 imagens: 200 para ajuste de parametros, 600 para experimentos finais); variante da MICC nao especificada",acuracia (taxa de identificacao),"200 imagens para ajuste de parametros e 600 para os experimentos finais; sem folds, sem sementes, sem divisao treino/teste declarada para classificador; vizinho mais proximo com k=3 e distancia euclidiana; limiar de distancia entre vetores mencionado sem valor","98,81% de acuracia na MICC com os quatro desafios (ruido, rotacao, escala, imagens simetricas) ocorrendo simultaneamente (Tabela 14)","+4,53 pontos sobre o metodo SIFT (94,28%), +5,47 sobre wavelet estacionaria + DCT (93,34%) e +7,25 sobre SURF (91,56%), no cenario dos quatro desafios simultaneos; nao ha comparacao contra os proprios componentes isolados",nao,nao_aplica,nao_informado,nao_informado,nao_informado,nao_informado,nao,nao_aplica,nao_informado,0,1,0.5,0.5,0.5,0,2.5,ia_pendente_verificacao,,"ALERTA DE TRIAGEM: este estudo nao usa rede neural em nenhuma etapa (zero ocorrencias de 'neural', 'CNN', 'deep learning' ou 'network' no texto completo). E um metodo classico de processamento de sinais com classificador de vizinho mais proximo. Pela categoria 'classico' do criterio de exclusao 2 (EC2) ele deveria ter sido excluido na fase 2 e nao deveria compor a camada de profundidade. Recomendo que o autor decida se o move para exclusao por EC2 antes da sintese. Campos ponto_intervencao e backbone_base receberam nao_aplica porque o vocabulario fechado pressupoe uma arquitetura neural."
S0387,Rawat,2022,International Journal of Mechanical Engineering (Kalahari Journals),periodico,Kalahari Journals,imagem_natural,generico,nao_aplica,"quatro conjuntos de caracteristicas estatisticas feitas a mao (variancia de bloco, media de bloco, coeficientes AC e DC da transformada discreta do cosseno) usados para treinar maquina de vetores de suporte e arvore de decisao na deteccao de realce global de contraste",nao_aplica,espacial+frequencia,ausente,nao,nao,nao_aplica,nao,"Random Images dataset (citado apenas na legenda da Figura 1, sem descricao, tamanho, origem ou protocolo de adulteracao)",nao_informado,"maquina de vetores de suporte treinada com validacao cruzada de 10 folds; arvore de decisao com indice de diversidade de Gini e limiar de divisao 100; nenhuma divisao treino/teste, tamanho de conjunto ou semente declarados",nao_informado,nao_informado,nao,nao_aplica,nao_informado,nao_informado,nao_informado,nao_informado,nao,nao_aplica,nao_informado,0,0,0,0,0,0,0.0,ia_pendente_verificacao,,"ALERTA DE TRIAGEM E DE QUALIDADE. (1) Nao usa rede neural: propoe caracteristicas estatisticas classicas com maquina de vetores de suporte e arvore de decisao, portanto cai na categoria 'classico' do criterio de exclusao 2 (EC2) e provavelmente deveria ter sido excluido na fase 2. (2) O documento e internamente incoerente: o resumo trata de deteccao de realce global de contraste, a metodologia muda para embutir codigo de autenticacao em metadados e localizar copy-move, e a conclusao e o fecho de um survey sobre forense de fonte de imagem ('The most significant data-driven techniques for solving the forensics of picture sources are presented in this survey'), tema que o artigo nunca desenvolve. Ha ainda uma figura de quadros de video (Figura 3) sem relacao com o texto. (3) Nenhum resultado numerico e reportado. (4) Divergencia de metadados: o PDF traz Vol. 7 No. 5, May 2022, enquanto o lote registra 2023; usei o ano impresso no artigo. (5) Veiculo de engenharia mecanica publicando forense de imagem, sem revisao por pares aparente. Todos os seis criterios de qualidade ficaram em zero; recomendo tratar como candidato a exclusao retroativa."
S0390,Chen; Sun; Zhang,2026,International Conference on Multimedia Retrieval (ICMR '26),conferencia,ACM,documento,generico,VMamba-tiny (pre-treinado em ImageNet),"arquitetura de dois ramos paralelos em quatro niveis, um modelo de espaco de estados visual (VSSM) para contexto global e um modulo de convolucao multiescala com transformada wavelet (WTMC) que realca as subbandas de alta frequencia, fundidos nivel a nivel por atencao bidirecional entre modalidades (CMA) com porta adaptativa",transversal,espacial+frequencia,atencao,sim,sim,espacial+frequencia,parcial,"FCTM (4.000 certificados de registro de marca adulterados); SACP (3.005 documentos adulterados: licencas comerciais, permissoes de operacao, certificados de registro de direitos autorais)",F1; IoU; AUC,"FCTM particionado em treino/validacao/teste na razao 8:1:1; SACP usado integralmente como conjunto externo de generalizacao; todas as imagens redimensionadas para 512x512; inicializacao com VMamba-tiny pre-treinado em ImageNet; lote de 8; taxa de aprendizado de 1e-4 a 1e-8 com ReduceLROnPlateau; perda combinada DICE + Focal; sem folds, sem sementes, sem criterio de escolha de limiar declarado","F1 70,09, IoU 55,65 e AUC 97,49 no FCTM (Tabela 1)","+1,19 ponto de F1 no FCTM e +1,40 no SACP sobre o melhor estado da arte (ForMa: 68,90 e 39,47); nao ha comparacao contra o backbone VMamba puro",sim,"treinado no FCTM e testado no SACP, F1 cai de 70,09 para 40,87, IoU de 55,65 para 29,54 e AUC de 97,49 para 69,03",nao_informado,nao_informado,nao_informado,uma GPU NVIDIA A30 de 24 GB,sim,"remove um de cada vez os tres modulos do modelo completo (sem VSSM, sem WTMC, sem CMA) medindo F1, IoU e AUC no FCTM e no SACP; a remocao do CMA equivale a substitui-lo por concatenacao simples",nao_informado,1,1,1,0.5,1,1,5.5,ia_pendente_verificacao,,"Artigo curto de 5 paginas. A extracao por pdftotext desalinhou a Tabela 1: a coluna FCTM traz 7 valores para 8 metodos (aparentemente o DST-Net nao foi avaliado no FCTM). Os numeros usados aqui foram conferidos contra o texto corrido, que declara ganhos de 1,19% no FCTM e 1,4% no SACP, coerentes com 70,09 menos 68,90 e 40,87 menos 39,47. Estudo altamente relevante para a revisao: e do dominio documento, combina espacial e frequencia sobre a mesma rede e usa operador de fusao condicional, sendo candidato direto a precedente para a lacuna L3, embora sem ablacao cruzada."
S0393,Wankhade; Sohani; Patil,2026,Journal of Basic and Applied Research International,periodico,IKP Press,imagem_natural,splicing+copy_move,ResNet50 (primeira convolucao adaptada para seis canais),"tensor de entrada de seis canais formado por RGB, mapa de analise de nivel de erro, residuo de ruido de alta frequencia por filtro do modelo rico espacial e mapa da transformada discreta do cosseno em escala logaritmica, alimentando um ResNet-50 cuja cabeca densa e substituida por uma camada de Kolmogorov-Arnold com polinomios de Chebyshev",entrada_bruta,espacial+frequencia+ruido,canais_entrada,nao,sim,espacial+frequencia+ruido,parcial,"CASIA ITDE v2.0 e MICC-F2000 agregados em um unico conjunto de 22.614 imagens (7.491 originais, 8.295 copy-move, 6.828 splicing, mais exemplos retocados distribuidos entre autenticos e falsificados)",acuracia; precisao; recall; F1; AUC-ROC,"particao aleatoria estratificada em 70% treino (15.830), 15% validacao (3.392) e 15% teste (3.392); sem folds, sem sementes, sem selecao de limiar declarada; Adam com taxa inicial 1e-4, entropia cruzada categorica esparsa, ReduceLROnPlateau com paciencia 3 e parada antecipada com paciencia 5; os proprios autores registram risco de vazamento de dados por a particao ser aleatoria em bases que contem imagem de origem e suas derivadas","acuracia global de 78,23% no conjunto de teste independente de 3.392 imagens; por classe, AUC-ROC 0,98 (retoque), 0,94 (splicing), 0,93 (original) e 0,91 (copy-move), com F1 de 0,90, 0,79, 0,74 e 0,71 respectivamente (Tabela 1)","+0,16 ponto de acuracia sobre o baseline de quatro canais (78,07% para 78,23%) e +8,2% relativos em classificacoes corretas de splicing (731 para 791); sobre o Res-CNN de seis canais o ganho e de +0,15 ponto de acuracia e +3,9% relativos em splicing (761 para 791), com falsos negativos de splicing caindo de 138 para 112",nao,nao_aplica,nao_informado,nao_informado,nao_informado,"GPU NVIDIA 3050 com precisao mista (float16); Python 3.12.4, TensorFlow 2.15, OpenCV e Keras",sim,"tres configuracoes cumulativas (Tabela 2): CNN baseline com 4 canais (RGB + analise de nivel de erro), Res-CNN melhorada com 6 canais (acrescenta ruido e DCT juntos) e ResNet-KAN com 6 canais e cabeca de Kolmogorov-Arnold no lugar da camada densa","a analise espacial por CNN nao separa copy-move de imagens originais de forma confiavel; conjunto estatico de manipulacoes controladas, sem teste contra recompressao proprietaria de redes sociais como WhatsApp e Instagram; a cabeca KAN aumenta complexidade de treino, tempo de convergencia e uso de memoria; risco de vazamento de dados na particao aleatoria de CASIA e MICC, que pode inflar as estimativas, com recomendacao de protocolo disjunto por fonte e entre conjuntos; metricas de localizacao em nivel de pixel nao foram reportadas",1,1,1,0.5,0.5,1,5.0,ia_pendente_verificacao,,"PDF escaneado sem camada de texto; extracao feita por leitura das 14 paginas rasterizadas em texto/S0393_png/. Todos os numeros aqui vieram da leitura direta das Tabelas 1 e 2 nas paginas p09 e p10. Observacoes de rigor: (a) a quarta classe do problema e 'retouching' (retoque global), que nao tem correspondente no vocabulario de tipo_adulteracao e por isso nao aparece naquele campo, embora seja a classe de melhor desempenho (AUC 0,98); (b) a contagem por classe soma 22.614 apenas com tres classes (7.491 + 8.295 + 6.828), pois os retocados foram diluidos nos subconjuntos autentico e falsificado, o que torna ambigua a cardinalidade da classe retoque; (c) os ganhos de acuracia entre as tres configuracoes sao de 0,01 e 0,15 ponto percentual, sem intervalo de confianca nem teste estatistico, e os proprios autores chamam o resultado de plateau em 'Analysis of Unexpected Results'; por isso qa5 ficou em 0,5. Estudo relevante para a revisao por combinar tres dominios (espacial, frequencia e ruido) por canais de entrada sobre ResNet-50, arranjo proximo ao do TCC, porem sem ablacao cruzada."
S0404,Wei; Bai; Liang; Liu; Ma; Sui; Chen,2026,IEEE Transactions on Geoscience and Remote Sensing,periodico,IEEE,sensoriamento_remoto,inpainting+splicing+copy_move,proprio,"backbone dual-stream próprio (WPC, wavelet pyramid convolution, no ramo espacial e SRM no ramo de ruído) combinado com módulo de fusão multi-escala (MRGF) e módulos de decomposição/atenção foreground-edge (MLFD e FEAG)",transversal,espacial+frequencia+ruido+borda,atencao,sim,sim,frequencia+ruido+borda,parcial,Fake-Vaihingen; Fake-LoveDA; Fake-HRCUS,Precision; Recall; F1; IoU; FLOPs; parametros; tempo de inferencia; FPS,"divisão fixa treino/validação/teste por dataset (ex.: Fake-HRCUS: 1896 treino, 476 validação, 300 teste, Tabela I); sem menção a folds ou sementes","F1 98,37% e IoU 96,45%(aprox.) em Fake-HRCUS (melhor entre os três datasets); F1 96,62%/IoU 93,47% em Fake-Vaihingen; F1 97,81%/IoU 95,71% em Fake-LoveDA","+1,77% F1 e +3,26% IoU sobre o segundo melhor método (DeFINet) em Fake-Vaihingen; +2,67% IoU sobre HDFNet em Fake-LoveDA (Seção V-D)",sim,"F1 cai de ~96-98% (in-domain) para 47,75% (Fake-LoveDA→Fake-Vaihingen), 52,34% (Fake-HRCUS→Fake-Vaihingen) e 34,24% (Fake-HRCUS→Fake-LoveDA); métodos concorrentes geralmente abaixo de 40% (Tabela VII, Seção V-F1)","22,72 M","16,02 G","17,53 s de inferência total no conjunto Fake-HRCUS; throughput 17,11 FPS (Tabela X)",NVIDIA GeForce RTX 4090Ti (24 GB),sim,"varia backbone (ResNet18/34/50, MobileNetV2, LSKNet vs. WPC), remove/adiciona MRGF e seus submódulos SCA/MCA/LCA, remove MLFD&FEAG do modelo completo e depois remove separadamente os ramos foreground (w/o fg) e edge (w/o edge), varia profundidade de decomposição wavelet e pesos das perdas","falsos negativos em regiões forjadas finas ou de pequena escala com alta similaridade ao fundo; falsos positivos em cantos geométricos ou pontos de inflexão de borda devido à suavização espacial das convoluções (Seção V-H, Fig. 11)",1,1,1,1,1,1,6.0,ia_pendente_verificacao,,"Estudo de sensoriamento remoto (fora do domínio documento/face, mas dentro do escopo D3/RSL por combinar frequência+ruído+borda). Backbone é uma arquitetura própria (WPC), não um backbone padrão pré-treinado."
S0427,Avuthu Prudhvi Reddy; Vunnava Dinesh Babu; Chava Hari Babu; R. Vamsi Krishna; D. Sridhar,2026,"International Journal of Technology, Leadership and Sciences (IJTLS)",periodico,"IJTLS (editora independente, nao identificada como IEEE/ACM/Elsevier/Springer/MDPI/CVF)",imagem_natural,splicing+copy_move,proprio,"RIFD-NET: CNN de dois ramos (espacial sobre RGB e frequencia sobre entrada transformada por DCT) fundidos por concatenacao, seguido de modulo de atencao de canal e espacial",transversal,espacial+frequencia,concatenacao,nao,sim,espacial+frequencia,nao,CASIA; Columbia; COVERAGE,acuracia; precisao; recall; F1; IoU,"divisao 80% treino / 20% teste; otimizador Adam com taxa de aprendizado inicial 0,001 e agendamento de taxa de aprendizado; aumento de dados (recorte aleatorio, flip, rotacao, adicao de ruido); treinamento em GPUs NVIDIA","""the proposed RIFD algorithm achieved an 89%"" em fotos de teste de deteccao de splice (Secao VII, texto truncado/incompleto quanto a metrica exata)",nao_informado (o texto afirma qualitativamente que RIFD-NET 'surpasses prominent approaches' mas nao apresenta tabela numerica de comparacao com baseline no corpo disponivel),nao,nao_aplica,nao_informado,nao_informado,nao_informado (apenas qualitativo: 'near real-time' e 'optimized network layers... on conventional hardware'),GPUs NVIDIA (modelo nao especificado),sim,"estudo de ablacao mencionado no resumo/introducao como comprovando a eficacia da atencao e dos modulos hibridos de extracao de features, mas sem tabela de resultados numericos apresentada no texto disponivel","nao_informado (nao ha secao explicita de limitacoes do proprio modelo; a Secao IX 'Future Enhancements' lista apenas extensoes futuras, como deteccao em video e imagens muito comprimidas)",1,1,0.5,0.5,0.5,0.5,4.0,ia_pendente_verificacao,,"Artigo de baixo rigor aparente: sem tabelas numericas de resultados no texto extraido (apenas um numero truncado '89%'), secao de 'Screenshots' descreve capturas de notebook Jupyter em vez de resultados quantitativos, e a alegacao de ablacao no resumo nao e sustentada por dados no corpo do texto. CONFERIDO no PDF original (8 paginas completas, 2026-09-21): nao ha nenhuma tabela de ablacao em lugar nenhum do documento; as unicas ocorrencias de 'ablation' estao no resumo e na introducao, sem dados numericos em nenhuma pagina (paginas 6-7 contem apenas capturas de tela de notebook Jupyter com codigo, nao resultados). avalia_interacao mantido em nao, confirmado."
S0447,Ye; Wang; Zheng; Gao; Huang; Yang,2026,IEEE Journal of Selected Topics in Applied Earth Observations and Remote Sensing (JSTARS),periodico,IEEE,sensoriamento_remoto,copy_move,U-Net+ViT-B+BERT,"módulo de atenção em subbandas wavelet (WSA) aplicado às máscaras de segmentação (fundo/origem/adulterado) para realçar bordas via atenção direcional nas subbandas de alta frequência LH/HL, combinado com um módulo de atenção cross-modal (CMA) que funde as representações visuais com o texto da pergunta para responder perguntas sobre adulteração por copy-move",camadas_finais,espacial+frequencia,atencao,sim,nao,nao_aplica,nao,RS-CMQA; RS-CMQA-B; Real-RSCM,OA (overall accuracy); AA (average accuracy),"divisão 70%/15%/15% treino/validação/teste nos três datasets; batch size 32; otimizador Adam; 20 épocas (RS-CMQA) ou 30 épocas (RS-CMQA-B e Real-RSCM); taxa de aprendizado do módulo de reconstrução de máscara decai de 1e-3 a 1e-4 (primeiras 20 épocas), demais pesos de 5e-4 a 1e-6 (Seção IV-B)","CMA-WSA supera CMFPF (segundo melhor) em OA/AA nos três datasets: +0,19%/+0,33% em RS-CMQA, +0,28%/+0,31% em RS-CMQA-B, +0,30%/+0,21% em Real-RSCM (Seção IV-C, Tabela I)","sobre o baseline com fusão por concatenação (OA 86,99%, AA 84,87%), o modelo completo CMA-WSA atinge OA 93,09% e AA 91,65% em Real-RSCM, ganho de +6,10 p.p. OA e +6,78 p.p. AA (Seção IV-D, Tabela II)",nao,nao_aplica,"baseline 195,66 M; +72 parametros com WSA; +0,89 M parametros com CMA; +0,89 M parametros no modelo combinado (Seção IV-D, Tabela II)","baseline 92,78 G; +0,23 M FLOPs com WSA; +2,04 M FLOPs no modelo combinado (Seção IV-D, Tabela II)",nao_informado,NVIDIA RTX 4090 (GPU única),sim,"adiciona WSA e CMA separadamente e em conjunto sobre um baseline de fusão por concatenação; varia o hiperparâmetro de perda λ e a dimensão C do módulo CMA; mascara individualmente cada subbanda wavelet (LL/LH/HL/HH) e remove a atenção das subbandas LH/HL; compara CMA com quatro métodos clássicos de fusão de features (Seção IV-D, Tabelas II-VI)","alta taxa de erro em perguntas de alta dificuldade, como identificar se a região adulterada foi rotacionada (Q14); dimensão C muito grande no módulo CMA aumenta custo computacional e dificulta convergência; dependência de codificadores pré-treinados (ViT-B e BERT), que poderiam ser substituídos por LLMs mais avançados (Conclusão)",1,1,1,1,1,1,6.0,ia_pendente_verificacao,,"combina_multiplas e avalia_interacao marcados 'nao' porque a única customização de domínio de representação é a frequência (via WSA/wavelet); o módulo CMA é um mecanismo de fusão cross-modal (imagem-texto), não uma segunda customização de domínio (borda/ruído/textura) no sentido do protocolo. A Tabela II contém, no entanto, uma ablação cruzada genuína e completa (baseline, +WSA, +CMA, +ambos) que poderia ser relevante para outras perguntas de pesquisa fora de RQ1.3 — sinalizado para conferência humana."
S0449,Xu; Shen; Lyu,2023,IEEE Transactions on Circuits and Systems for Video Technology,periodico,IEEE,imagem_natural,splicing+copy_move+inpainting,VGG16,"entrada de duplo dominio (RGB + componente de alta frequencia obtida por DCT/IDCT com filtragem gaussiana) concatenada antes do backbone VGG16, mais dois decodificadores parciais guiados por atencao (AGPD) em ramos paralelos e perda estrutural com restricao de incerteza",transversal,espacial+frequencia,concatenacao,nao,sim,espacial+frequencia,parcial,SynData (pre-treino); CASIA; Coverage; Columbia; NIST16; IMD20; Wild,AUC em nivel de pixel; F1 em nivel de pixel,"pre-treino em SynData com 97% treino (63k) e 3% validacao (2k); ajuste fino em Coverage, NIST16 e CASIA com particao 70% treino / 5% validacao / 25% teste; Adam, entrada 256x256, lote 16, taxa de aprendizado 2,5e-4 (UP-Net) e 1e-4 (OCENet), decaimento 0,1 e parada quando a taxa cai abaixo de 2,5e-7; sem folds, sem sementes e sem selecao de limiar declarada","F1 0,916 e AUC 0,995 em NIST16 apos ajuste fino (Seccao IV-B-3); nos conjuntos reais IMD20 e Wild melhora em media 0,6% de AUC e 1,15% de F1 sobre o melhor concorrente (MC-Net)","+5,8% F1 e +19,4% AUC em NIST16 sobre H-LSTM e RGB-N, que tambem usam caracteristicas multimodais; mais de 2,3% de F1 sobre PSCC-Net, TransForensics, SAT e ObjectFormer; na ablacao, substituir AGPD por PD custa 2,3% AUC e 2,0% F1",sim,"nao_informado (o estudo avalia modelos pre-treinados em SynData e testados em CASIA, Coverage, Columbia, NIST16, IMD20 e Wild, mas nao quantifica a queda em relacao a um desempenho no dominio de treino)","reportado na Tabela X, mas o valor nao e extraivel (tabela em imagem no PDF); no texto apenas a afirmacao qualitativa de 'acceptable model parameters and GFLOPs'","reportado na Tabela X em GFLOPs, valor nao extraivel do PDF","aproximadamente 15,47 ms por imagem 256x256 na inferencia (media de 1000 amostras); ManTra-Net consome 27,84 ms",uma NVIDIA GeForce RTX 3090,sim,"cinco conjuntos de ablacao: hiperparametros lambda e k, troca de backbone (ResNet50, HRNet, VGG16), efeito de componentes por remocao de um de cada vez (Variante 1 sem entrada de frequencia, Variante 2 com decodificador parcial sem atencao, Variante 3 sem restricao de incerteza), combinacoes de perda e formas de gerar a mascara de incerteza","dependencia da riqueza do conjunto de pre-treino, que contem apenas splicing e explica o desempenho fraco em Coverage; nao cobre deepfake (troca de identidade e geracao de face); dificuldade pratica de obter conjuntos grandes com adulteracoes e pos-processamentos diversos",1,1,1,1,1,1,6.0,ia_pendente_verificacao,,"Todas as tabelas numericas do PDF (Tabelas I a XI) sao imagens e nao saem no pdftotext nem em modo -layout; pdftoppm nao esta instalado, entao nao foi possivel renderizar as paginas. Os numeros registrados vieram do texto corrido, que os comenta. Custo de parametros e GFLOPs ficou inacessivel por esse motivo, nao por omissao do estudo. 'removal' (NIST16) foi mapeado para inpainting no vocabulario de tipo_adulteracao."
S0453,Kaur; Kalsi; Pandey,2024,"Annals of Computer Science and Information Systems, vol. 42 (Proceedings of the Ninth International Conference on Research in Intelligent Computing in Engineering, RICE 2024, Hyderabad)",conferencia,PTI (Polish Information Processing Society),imagem_natural,copy_move,proprio,"divide a imagem em blocos sobrepostos por janela deslizante, extrai coeficientes de aproximacao da transformada discreta de wavelet (funcao appcoef do MATLAB) e usa esses coeficientes como entrada de uma rede convolucional generica para gerar o vetor de caracteristicas de cada bloco, seguido de casamento de blocos duplicados",entrada_bruta,espacial+frequencia,ausente,nao,nao,nao_aplica,nao,"nao_informado (as imagens adulteradas foram criadas pelos autores no Adobe Photoshop 7.0, em PNG 300x300; nenhum conjunto publico e citado e o numero total de imagens nao e declarado; apenas tres imagens aparecem na Tabela 1)","tempo de execucao; numero de blocos detectados (a acuracia e afirmada no texto, mas nenhum valor numerico de acuracia, F1, AUC ou similar e reportado)","nao_informado (nao ha divisao treino/teste, folds, sementes nem selecao de limiar; nao ha sequer descricao de treinamento da rede)","nao_informado numericamente em termos de deteccao; a Tabela 1 traz apenas tempos de execucao de 0,32 s (Bird, blocos 23x23), 0,50 s (Football, blocos 34x34) e 0,58 s (House, blocos 38x38) e a contagem de blocos adulterados encontrados (1, 2 e 1)","nao_informado (o resumo afirma 'greater detection accuracy' que metodos tradicionais e de aprendizado profundo, mas nao ha tabela comparativa nem numero de nenhum concorrente)",nao,nao_aplica,nao_informado,nao_informado,"0,32 s a 0,58 s por imagem, conforme Tabela 1","Intel Core i3-3120M a 2,50 GHz com 4 GB de RAM, MATLAB R2024b",nao,nao_aplica,"nao_informado (a conclusao menciona apenas trabalho futuro, 'real-time processing optimization and adaptability to different kinds of forgeries', sem declarar limitacao do metodo proposto)",0.5,0.5,0,0,0,0,1.0,ia_pendente_verificacao,,"Estudo de qualidade muito baixa: sem conjunto de dados publico, sem metrica de deteccao, sem baseline e sem ablacao; o proprio titulo fala em 'Approximation Wavelet Coefficient' enquanto o corpo alterna entre coeficientes de aproximacao e 'detailed coefficients', uma incoerencia interna. O ano do lote (_ext_lote_4.csv) registra 2025, mas o PDF traz 'PTI 2024' e o evento RICE 2024, entao o ano foi extraido como 2024. Texto legivel, sem problema de extracao."
S0456,Rana; Rahman; Talukder; Amin,2026,"Khulna University Studies, vol. 23, n. 1",periodico,"Khulna University (periodico institucional, Bangladesh)",imagem_natural,splicing+copy_move+inpainting,EfficientNet-B0 (seis primeiros blocos) no ramo RGB; ramos espectral e de ruido usam seis camadas convolucionais proprias,"decompoe a imagem em tres vistas complementares (RGB semantico, base DCT 8x8 aprendivel com regularizador de ortogonalidade, e residuo de ruido com convolucoes 5x5 inicializadas por filtros do Spatial Rich Model e mantidas treinaveis), codifica cada vista em tokens de 256 dimensoes e funde as tres por atencao cruzada com porta de discrepancia (DGCA), seguida de duas camadas de convolucao em hipergrafo k-NN (k=8)",transversal,espacial+frequencia+ruido,atencao,sim,sim,espacial+frequencia+ruido,parcial,"FIDD-13000 (proprio, 13.000 imagens, 6.500 autenticas e 6.500 adulteradas); CASIA v1; CASIA 2.0; Columbia; MICC-F2000",acuracia; precisao; recall; F1 ponderado; AUC,"divisao estratificada 70% treino / 15% validacao / 15% teste; resolucao 192x192; AdamW com taxa de aprendizado 2x10 e decaimento de peso 5x10 (expoentes perdidos na renderizacao do PDF), aquecimento linear de tres epocas e decaimento cosseno por 40 epocas; lote efetivo 128 (fisico 32 com acumulo de quatro passos); recorte de gradiente em norma 1,0; amostragem aleatoria ponderada para desbalanceamento; parada antecipada por F1 de validacao com paciencia 8; a tabela principal vem de uma unica execucao controlada com semente fixa, e a ablacao reporta media e desvio sobre tres sementes com teste t pareado; selecao de limiar nao declarada","94,36% de acuracia, 94,35 de F1 ponderado e 98,32 de AUC no conjunto de teste do FIDD-13000 (Tabelas 4 e 6); 96,00% de acuracia no MICC-F2000 e 83,64% no Columbia","+4,05 pontos percentuais de acuracia, +5,46 de precisao, +2,26 de recall, +3,88 de F1 e +1,73 de AUC sobre o melhor concorrente (ResNet50v2+TL de Qazi et al., 2022) no FIDD-13000; +25,71 pontos de acuracia no CASIA 2.0; no MICC-F2000 fica 0,67 ponto abaixo do ResNet50v2+TL",nao,"nao_aplica (o estudo chama a Tabela 4 de across-dataset performance, mas todos os numeros sao de particoes de teste de 15% de cada conjunto e o artigo nao declara se o modelo e retreinado por conjunto ou transferido; nao ha protocolo de transferencia confirmado)","5,43 M no modelo completo (Tabela 7); o texto arredonda para around 6 million trainable parameters",nao_informado,nao_informado,"NVIDIA T4 GPU, PyTorch 2.x, CUDA 12.x, precisao mista",sim,"cinco variantes removendo um componente de cada vez do modelo completo (sem ramo RGB, sem ramo espectral DCT, sem ramo de ruido SRM, sem fusao DGCA, sem convolucao em hipergrafo k-NN), com parametros, acuracia, F1 e AUC por variante, media e desvio sobre tres sementes e teste t pareado","nao ha secao dedicada a limitacoes; os autores reconhecem que o FIDF nao lidera no MICC-F2000, atribuindo isso a conjuntos de copy-move cujas adulteracoes coincidem com objetos semanticos, e que o escopo se restringe a imagens estaticas e classificacao binaria, deixando localizacao em nivel de pixel, video e conteudo gerado por IA como trabalho futuro. Declaram uso do ChatGPT (GPT-5.2) para melhorar a redacao",1,1,1,1,1,1,6.0,ia_pendente_verificacao,,"As tabelas saem do pdftotext com as colunas separadas do cabecalho; os valores das Tabelas 4, 6 e 7 foram reconciliados lendo a sequencia de colunas e conferindo contra os numeros citados no texto corrido (94,36 / 94,35 / 98,32 e as quedas de F1 da ablacao), que batem. Os expoentes da taxa de aprendizado e do decaimento de peso (2x10 e 5x10) nao aparecem no PDF nem em modo -layout, provavelmente sobrescritos perdidos na renderizacao, e por isso ficaram incompletos. O conjunto declara um quarto tipo de adulteracao, retouching, que nao existe no vocabulario fechado de tipo_adulteracao e por isso nao foi listado. A avaliacao chamada de across-dataset usa particoes de teste de 15% de cada conjunto, sem declarar transferencia, por isso cross_dataset foi marcado como nao."
S0465,Sedeeq,2023,"Iraqi Journal of Science, vol. 64, n. 11",periodico,"nao_informado (o PDF nao declara editora; consta apenas Iraqi Journal of Science, ISSN 0067-2904)",imagem_natural,splicing,"proprio (classificador Multilayer Perceptron do pacote Weka, com arquitetura, numero de camadas e neuronios nao declarados)","converte a imagem para YCbCr, aplica transformada discreta de wavelet Haar de nivel 1 aos canais Y, Cb e Cr para obter residuos de alta frequencia, limiariza os coeficientes por um limiar T e descreve a sub-banda resultante por matriz de co-ocorrencia, que vira o vetor de entrada do classificador",entrada_bruta,frequencia+textura,ausente,nao,nao,nao_aplica,nao,"CASIA v1.0 (800 autenticas e 921 adulteradas, JPG 384x256 e 256x384); CASIA v2.0 (7.942 autenticas e 5.124 adulteradas, JPG, TIF e BMP de 240x160 a 900x600)",acuracia; AUC,"nao_informado (o artigo nao declara divisao treino/teste, validacao cruzada, numero de folds, sementes nem selecao de limiar de decisao; informa apenas que o classificador e o Multilayer Perceptron do Weka e que a matriz de co-ocorrencia usa d=1 e angulos 0, pi/4, pi/2 e 3pi/4)","92,79% de acuracia e AUC 0,97 no CASIA v1.0 com T=0,007 e canais Cb+Cr; 94,56% de acuracia e AUC 0,98 no CASIA v2.0 com T=0,008 e canais Cb+Cr (Tabela 1)","na Tabela 2, contra tres abordagens reimplementadas pela autora: CASIA v1.0 92,79% contra 66,00% (Wang et al.), 63,97% (Cozzolino et al.) e 65,02% (Verdoliva et al.), ou seja +26,79 pontos sobre a melhor; CASIA v2.0 94,56% contra 91,00%, 62,64% e 62,61%, ou seja +3,56 pontos sobre a melhor",nao,nao_aplica,nao_informado,nao_informado,"nao_informado (o texto afirma qualitativamente que houve reducao de dimensionalidade e de complexidade computacional, sem numero)",nao_informado,sim,"a Tabela 1 varia o limiar T em quatro valores (0,006, 0,007, 0,008 e 0,009) e a configuracao de canal de cor (Y sozinho, Cb sozinho, Cr sozinho e Cb+Cr), sem variar componente arquitetural algum",nao_informado (a conclusao traz apenas trabalho futuro: localizar a regiao adulterada depois de detectada),0.5,1,1,0.5,0.5,0.5,4.0,ia_pendente_verificacao,,"O texto tem o resumo em arabe totalmente corrompido na extracao (caracteres perdidos), mas o corpo em ingles saiu integro e as Tabelas 1 e 2 saiu legiveis, com cabecalho e valores alinhaveis. A camada de profundidade classificou o estudo como borda+frequencia; na leitura, a borda e o fenomeno alvo (o splicing gera bordas abruptas), enquanto as representacoes efetivamente instanciadas sao as sub-bandas de alta frequencia da wavelet e a matriz de co-ocorrencia como descritor de textura, e foi assim que dominio_representacao foi preenchido. Observacao de triagem para o autor: a customizacao e inteiramente de engenharia de atributos, e a rede e um perceptron multicamadas de prateleira do Weka, o que aproxima este estudo do criterio de exclusao EC2 (sem customizacao de rede neural), embora um perceptron multicamadas seja formalmente uma rede neural."
S0467,Nam; Moon; Lee,2025,IEEE/CVF International Conference on Computer Vision (ICCV 2025),conferencia,IEEE/CVF,imagem_natural,splicing+copy_move,"Pyramid Vision Transformer v2 (PVT-v2-B2) pre-treinado em ImageNet-1K, usado tanto no codificador quanto no decodificador","bloco de atencao unificado nas conexoes de salto (M2S) que aplica, sobre um mapa de caracteristicas de escala cruzada, atencao de canal multiespectral construida com imagens base da DCT 2D e selecao top-K, seguida de atencao espacial multiescala numa piramide inspirada em SIFT com convolucoes dilatadas e pesos aprendiveis de primeiro plano e fundo; o decodificador Transformer recebe ainda atencao guiada por dificuldade (DGA) calculada por um mapa de prior global baseado em curvatura de borda (Edge-Aware Difficulty Calculator)",transversal,espacial+frequencia+borda,atencao,sim,sim,frequencia+espacial+borda,sim,"treino: CASIAv2 e DIS25k (dois esquemas separados); teste em dominio nao visto: CASIAv1, Columbia, IMD2020, CoMoFoD, In the Wild, MISD e o conjunto de treino alternativo",DSC (coeficiente de Dice); mIoU,"validacao cruzada de cinco folds com media e desvio padrao reportados em todas as tabelas; dois esquemas de treino (CASIAv2 e DIS25k), com os seis conjuntos externos jamais usados em treino; todos os modelos comparados treinados com as mesmas configuracoes; Adam com taxa de aprendizado inicial 1e-4 reduzida a 1e-6 por cosine annealing, lote 32, 100 epocas, imagens redimensionadas para 256x256; hiperparametros do M2SFormer: Cr=64, resolucao alvo (H/8, W/8), F=16, L=3 niveis de piramide, CT=300 e tau=0,5; selecao de limiar nao declarada","no esquema de treino CASIAv2, DSC 58,8 (desvio 12,8) e mIoU 50,8 (12,8) no dominio visto; nos dominios nao vistos, DSC 69,1 no MISD, 58,4 no CASIAv1, 42,4 no Columbia, 38,5 no DIS25k, 35,0 no In the Wild, 32,6 no IMD2020 e 24,9 no CoMoFoD (Tabela 1)","+3,0 pontos de DSC e +2,3 de mIoU sobre o melhor concorrente no dominio visto (PIMNet, 55,8 / 48,5) usando 27,4 M de parametros contra 73,3 M do PIMNet e 14,2 GFLOPs contra 17,9 G; na ablacao da Tabela 3, o bloco M2S completo (S3) ganha +15,9 pontos de DSC em dominio nao visto sobre a variante sem multiespectral e sem multiescala (S0: 27,1 contra 43,0); na Tabela 4, trocar o decodificador sem DGA pelo EADC+DGA eleva o DSC nao visto de 32,3 para 43,0",sim,"com treino em CASIAv2, o DSC cai de 58,8 no dominio visto para 43,0 na media dos nao vistos (Tabela 3, linha S3), queda de 15,8 pontos; por conjunto a queda maxima e para 24,9 de DSC no CoMoFoD","27,4 M no modelo completo (Tabelas 3, 6 e 7), contra 73,3 M do PIMNet, 104,4 M do FBINet e 136,2 M do MVSSNet","14,2 GFLOPs a 256x256 (Tabelas 3, 6 e 7); menor entre os treze modelos comparados",nao_informado,nao_informado,sim,"tres ablacoes: (i) Tabela 3, fatorial 2x2 do bloco M2S cruzando espectro simples ou multiplo com escala simples ou multipla (S0, S1, S2, S3); (ii) Tabela 4, decodificador sem DGA, com calculador de dificuldade simples e com o calculador ciente de borda; (iii) Tabela 7, troca de backbone entre ResNet50, Res2Net50, ResNeSt50, MiT-B2, P2T-Small e PVT-v2-B2, com parametros e FLOPs em todas","nao_informado (o artigo nao tem secao de limitacoes; a secao de impacto amplo menciona apenas, de forma generica, que o refinamento adversarial das tecnicas de adulteracao continua sendo uma preocupacao)",1,1,1,1,1,1,6.0,ia_pendente_verificacao,,"O PDF disponivel e a versao arXiv (arXiv:2506.20922v1, 26 jun 2025) do artigo publicado no ICCV 2025 (DOI 10.1109/iccv51701.2025.01478); os numeros conferidos sao os dessa versao. As Tabelas 1 e 2 saem do pdftotext com todas as celulas em fluxo continuo, sem cabecalho alinhado: os valores do M2SFormer foram lidos pela ordem de colunas declarada no cabecalho (DIS25k, CASIAv1, Columbia, IMD2020, CoMoFoD, In the Wild, MISD) e conferidos contra os valores citados no texto e nas Tabelas 3 e 4, que batem (58,8 visto e 43,0 media nao vista). As Tabelas 3, 4, 6 e 7 saiu em formato legivel. Este e o estudo mais forte do lote para a RQ1.3: e o unico com fatorial 2x2 completo entre dois dominios de representacao."
S0521,Bhardwaj; Jain; Kritika; Kumar,2026,"International Journal of Science, Engineering and Technology",periodico,nao_informado,face,deepfake,EfficientNet-B0,"arquitetura multi-branch com ramo espacial (EfficientNet-B0), ramo de ruído (filtros SRM) e ramo de frequência (espectro de magnitude log via FFT), fundidos por módulo de atenção adaptativa",transversal,espacial+ruido+frequencia,atencao,sim,sim,espacial+ruido+frequencia,nao,FaceForensics++,Accuracy; Precision; Recall; Specificity; F1-score; Balanced Accuracy,"split 70:30 em nível de vídeo (94.686 amostras de treino / 40.590 de teste, 135.276 frames no total), seed fixa 42; taxa de aprendizado, batch size, número de épocas e hardware ficam marcados como ""[fill value]"" / ""[fill GPU model / CPU details]"" no texto, não preenchidos","acurácia 63,75%, acurácia balanceada 70,95% em FaceForensics++; precisão 95,17%, recall 60,95%, F1 74,31% para a classe deepfake",nao_informado,nao,nao_aplica,nao_informado,nao_informado,nao_informado,nao_informado,nao,nao_aplica,"desempenho desbalanceado entre classes (precisão de 25,19% na classe original); conjunto de teste desbalanceado (34.920 deepfake vs 5.670 original); 13.635 deepfakes classificados incorretamente como originais; detectores de deepfake em geral sofrem com domain shift e falta de diversidade de treino (Seção VII, Limitations)",1,1,0.5,0,0,0.5,3.0,ia_pendente_verificacao,,"Artigo de periódico de baixo rigor editorial (placeholders ""[fill value]"" não preenchidos no corpo publicado); não há comparação com baseline nem ablação; usado com cautela na síntese."
S0523,Yang; Zhang; Liu,2026,SIGGRAPH Posters,conferencia,ACM,misto,generico,ResNet-18,"detector espectral leve, CPU-deployable, que funde ResNet-18 (RGB) com um ramo de magnitude (CNN sobre FFT 2D em log-magnitude) e um ramo de frequência residual radial (bandas rotation-invariant); variante para faces adiciona ramo de relação entre pixels vizinhos (NPR)",transversal,espacial+frequencia,concatenacao,nao,sim,espacial+frequencia,sim,"corpus in-the-wild (1,87M imagens, 20 geradores); pool curado (362.325 imagens, COCO + regeradas, Tabela 1); teste held-out in-the-wild (n=5.120); CIFAKE; AI-vs-real (corpora externos); faces: 1,22M crops alinhados, 40 geradores",Accuracy; F1; AUROC; AUPRC; MCC; ECE; FPR; wg-AUROC,"treino em 1,87M imagens/20 geradores com balanced sampling e Adam mixed-precision, 10% de dados auxiliares curados; teste held-out in-the-wild (n=5.120, threshold 0,5); ablação em Tabela 3; detector de face com group-aware split (sem vazamento de identidade), 1,22M crops/40 geradores","94,2% acurácia, AUROC 0,986, AUPRC 0,987 no teste in-the-wild (detector geral); detector de face: AUROC 0,997, F1 0,982 in-distribution, ECE < 0,003",nao_informado,sim,"AUROC geral cai de 0,986 (in-distribution) para wg-auroc 0,526 incluindo corpora externos e pós-processamento (gap Δ=0,459/0,46); detector de face generaliza melhor: 0,977 AUROC em geradores não vistos e 0,937 sob JPEG pesado",12M parâmetros (detector geral e detector de face),nao_informado,"28 ms/imagem em CPU single-core, footprint 1,2GB (detector geral); 10-30 ms/face, modelo INT8 ONNX de 12MB (detector de face)",CPU (núcleo único),sim,"remove os ramos de frequência (magnitude + radial residual-frequency) do modelo completo, comparando Full (RGB+freq), RGB only e Frequency only — Tabela 3","detector geral de imagens sofre ""generalization cliff"": wg-auroc cai a 0,526 em condições fora de distribuição (corpora externos e pós-processamento); ramo de frequência isolado colapsa ao acaso (AUROC 0,497)",1,1,1,0.5,1,1,5.5,ia_pendente_verificacao,,Formato de pôster SIGGRAPH (3 páginas) — texto denso mas conciso; sem seção de limitações declaradas explícita além do que é discutido na análise de generalização (Seção 5).
S0588,Luo; Zhang; Yan; Liu,2021,nao_informado (texto extraido e do preprint arXiv:2103.12376v1; nenhum cabecalho de periodico ou anais de conferencia consta no texto disponivel),nao_informado,nao_informado,face,deepfake,Xception,"rede de dois fluxos (RGB e residuos de alta-frequencia extraidos por filtros SRM) com atencao espacial guiada pelo residuo (RSA), atencao cruzada dupla entre modalidades (DCMA) e fusao final por atencao de canal sobre features concatenadas",transversal,espacial+ruido,atencao,sim,sim,espacial+ruido,sim,FaceForensics++ (FF++); DeepfakeDetection (DFD); CelebDF; DFDC; DeeperForensics-1.0 (DF1.0),AUC; acuracia,"split oficial do FF++: 740 videos treino, 140 validacao, 140 teste; faces alinhadas a 256x256 via DLIB; backbone Xception pre-treinado em ImageNet; batch size 32; Adam com taxa de aprendizado 0,0002; avaliacoes cross-database treinando em um metodo/dataset e testando em outros","AUC 0,794 no CelebDF quando treinado em FF++ (HQ), superando FWA (0,538) e FFD (0,644) (Tabela 8); dentro do dominio FF++ atinge AUC entre 0,984 e 0,995 (Tabela 4)","na ablacao (Tabela 3, treino em F2F): FS sobe de 0,762 (RGB) para 0,987 (modelo completo) e NT sobe de 0,696 para 0,984; supera Face X-ray e Xception em mais de 15 pontos de AUC no CelebDF (Tabela 8)",sim,"o baseline Xception cai de AUC~0,99 dentro do dominio para AUC entre 0,485 e 0,803 fora do dominio (Tabela 1); o metodo proposto reduz essa queda, mantendo AUC acima de 0,762 em todas as combinacoes cruzadas de metodo (Tabela 4) e superando os concorrentes ao generalizar de FF++ para DFD/DFDC/CelebDF/DF1.0 (Tabela 5)",nao_informado,nao_informado,nao_informado,"nao_informado (detalhes remetidos ao material suplementar, nao disponivel no texto extraido)",sim,"adiciona componentes incrementalmente sobre o baseline Xception: RGB isolado, SRM isolado, Two-stream Fusion (RGB+SRM), Fusion+RSA, Fusion+RSA+DCMA, Fusion+RSA+DCMA+Multi-scale (Tabela 3, Secao 5.2)","nao_informado (a Conclusao apenas resume contribuicoes e resultados positivos, sem secao de limitacoes)",1,1,1,1,1,1,6.0,ia_pendente_verificacao,,"Candidato forte a precedente para a reivindicacao de originalidade do TCC: combina explicitamente customizacao espacial (RGB/Xception) com customizacao em dominio de ruido/alta-frequencia (SRM), com fusao por atencao condicional e ablacao cruzada completa (A isolado, B isolado, A+B) na Tabela 3. Classificado dominio_representacao como 'espacial+ruido' porque a tecnica central e residuo SRM (Rich Model de esteganalise), embora o proprio artigo use o rotulo 'high-frequency' como sinonimo; vale conferir esse enquadramento na sintese S1/S2. Veiculo de publicacao nao pode ser confirmado a partir do texto extraido, que traz apenas o cabecalho arXiv:2103.12376v1."
S0591,Miao; Tan; Chu; Liu; Hu; Yu,2023,IEEE Transactions on Information Forensics and Security,periodico,IEEE,face,deepfake,"proprio (Stem inspirado em ConvNeXt, sem backbone pre-treinado padrao para o corpo da rede)","transformer hierarquico (F2Trans) com bloco de Central Difference Attention (CDA) para artefatos espaciais finos e amostrador wavelet de alta frequencia (HWS) que descarta o sub-banda de baixa frequencia, intercalados em 4 estagios, mais conexao de salto de localidade (LSC)",transversal,espacial+frequencia+borda,atencao,sim,sim,frequencia+borda,parcial,FaceForensics++ (C23/C40); Celeb-DF-1; Celeb-DF-2; DFDC; DeepFake-TIMIT-HQ; DeeperForensics-1.0,AUC; ACC,"split padrao FF++ (720 treino/140 val/140 teste por 1000 videos), 20 frames por video para treino e 300 para teste; Adam lr=2e-5, weight decay 1e-5, batch 12, entrada 224x224; variantes F2Trans-S (layers {1,1,1,1}) e F2Trans-B (layers {1,1,3,1}); GPU unica NVIDIA Tesla V100","F2Trans-B supera SPSL em 7,09% AUC e F3Net em 2,69% AUC (nivel de imagem) no FF++ C40 (Secao IV-C-1); supera SOTA em datasets nao vistos, manipulacoes nao vistas e perturbacoes reais (Tabelas I-IV)","no ablation de modulos (Tabela V), remover HWS reduz AUC de 86,29% para 77,99% no CDF-1; F2Trans-B supera FTCN em 2,97% AUC no CDF-2 e DCL em 2,66% AUC video-level no GID-FF (C40)",sim,"metodos comparados (Local-Relation, MTD-Net, DCL, LiSiam, M2TR) mostram queda de desempenho drastica do intra-dataset para os datasets nao vistos; F2Trans nao reporta sua propria queda numerica de intra para cross-dataset, apenas que supera os concorrentes nos datasets nao vistos (Secao IV-C-2)","reportado na Tabela IX (analise de profundidade e complexidade computacional), mas os valores numericos da tabela nao vieram no texto extraido (tabela quebrada)","reportado na Tabela IX, mesma limitacao de extracao da tabela",nao_informado,NVIDIA Tesla V100 (GPU unica),sim,"remove HWS, CDA ou LSC do modelo completo, um de cada vez (Tabela V); varia sub-bandas de frequencia do DWT usadas (Tabela VI); compara HWS com samplers convencionais (Average/Mixed/Stochastic/MaxBlur Pool, Strided Conv, Tabela VII); compara CDA com Conv/CDC/atencao padrao (Tabela VIII); varia profundidade/complexidade computacional (Tabela IX)","aumentar a profundidade do modelo nao melhora generalizacao/robustez e dificulta o treino, especialmente em datasets menores de forgery facial (Secao IV-D-5)",1,1,1,1,1,1,6.0,ia_pendente_verificacao,,"Estudo forte candidato a precedente para RQ1.3: combina explicitamente um modulo de frequencia (HWS, wavelet) com um modulo de detalhe fino espacial/gradiente (CDA, que captura artefatos como blending boundary via diferenca central, aproximado aqui de 'borda') sobre o mesmo backbone transformer hierarquico. Ablacao remove componentes do modelo completo um de cada vez (Tabela V), nao isola cada componente sobre um baseline puro nem reporta A+B versus A e B isolados — por isso avalia_interacao='parcial'. Tabelas VI-IX (valores numericos de FLOPs/params) vieram quebradas no texto extraido; conferir no PDF original se necessario para extrair custo_params/custo_flops com precisao."
S0594,Cao; Ma; Yao; Chen; Ding; Yang,2022,IEEE/CVF Conference on Computer Vision and Pattern Recognition (CVPR),conferencia,IEEE/CVF,face,deepfake,Xception,"rede de reconstrucao codificador-decodificador treinada apenas com faces reais, acoplada a um modulo de raciocinio em grafo bipartido multiescala (MGR) e a uma atencao guiada pela diferenca de reconstrucao (RGA) antes do classificador",transversal,espacial,atencao,sim,nao,nao_aplica,sim,FaceForensics++ c23; FaceForensics++ c40; Celeb-DF; WildDeepfake; DFDC,acuracia; AUC; EER; LogLoss,"intra-teste nas divisoes padrao dos benchmarks e cross-teste treinando em FF++ c40 e testando em WildDeepfake, Celeb-DF e DFDC; treino com batch 32, Adam, taxa de aprendizado inicial 2e-4, decaimento de peso 1e-5 e escalonador por passo; nao declara numero de folds, sementes nem criterio de selecao de limiar","AUC 99,32% e acuracia 97,06% em FaceForensics++ c23; AUC 95,02% e acuracia 91,03% em FF++ c40; AUC 92,02% e acuracia 83,25% em WildDeepfake","+5,26 pontos de AUC e +6,00 pontos de acuracia sobre o baseline Xception em WildDeepfake (92,02 vs 86,76 de AUC; 83,25 vs 77,25 de acuracia), conforme a Tabela 5; +1,72 ponto de AUC sobre o F3-Net em FF++ c40",sim,"treinando em FF++ c40 (AUC intra 95,02%), a AUC cai para 64,31% em WildDeepfake, 68,71% em Celeb-DF e 69,06% em DFDC (queda de 26 a 31 pontos)",nao_informado,nao_informado,nao_informado,nao_informado,sim,"Tabela 5 cruza os tres componentes propostos (aprendizado por reconstrucao, MGR e RGA) sobre o baseline Xception; Tabela 6 varia as restricoes de treino (perda de reconstrucao calculada so em reais ou em reais e falsas, e presenca da perda de metrica)",nao_informado,1,1,1,0.5,1,1,5.5,ia_pendente_verificacao,,"O campo dominios_detectados do lote indicava frequencia+ruido, mas isso vem de mencoes a trabalhos relacionados no resumo e na introducao (""noise characteristics, local textures, or frequency statistics""); o metodo proposto nao tem ramo de frequencia nem de ruido, operando sobre RGB com diferenca de reconstrucao. Tabela 5 conferida no PDF com pdftotext -layout: as marcas de checagem nao sao extraiveis, a atribuicao de qual modulo esta em (c) e (d) foi feita pelos numeros do texto analitico."
S0608,Gu; Chen; Yao; Chen; Ding; Yi,2022,Proceedings of the AAAI Conference on Artificial Intelligence (AAAI),conferencia,AAAI,face,deepfake,EfficientNet-B4,rede de dois fluxos (RGB e componentes finos de frequencia obtidos por DCT em janelas 8x8 com agrupamento por banda) com modulo de auto-realce (residuo de filtro de mediana para realce de ruido mais atencao de canal) e modulo de realce mutuo (atencao espacial cruzada entre os fluxos) inseridos apos cada bloco convolucional,transversal,espacial+frequencia+ruido,atencao,sim,sim,espacial+frequencia+ruido,sim,FaceForensics++ HQ; FaceForensics++ LQ; WildDeepfake; Celeb-DF; DeepfakeDetection (DFD); DFDC,acuracia; AUC; EER,"divisoes oficiais do FF++ com 720 videos de treino, 140 de validacao e 140 de teste; WildDeepfake com 6.508 sequencias de treino e 806 de teste; 50 quadros amostrados por video em intervalo igual, faces detectadas com DSFD e redimensionadas para 320x320 (FF++) ou 224x224 (WildDeepfake); Adam com taxa de aprendizado 2e-4, decaimento de peso 1e-5 e lote 32; nao declara numero de folds, sementes nem criterio de selecao de limiar","acuracia 97,63% e AUC 0,9932 em FF++ HQ; acuracia 90,52% e AUC 0,9428 em FF++ LQ; acuracia 84,14% e AUC 0,9162 em WildDeepfake (Tabela 1)","+3,66 pontos de acuracia sobre o Xception em FF++ LQ (90,52% vs 86,86%); na ablacao da Tabela 4, +0,0177 de AUC sobre o fluxo RGB isolado (0,9428 vs 0,9251) e +0,0178 sobre o fluxo de frequencia isolado (0,9250)",sim,"treinado em FF++ LQ (AUC intra 0,9428), a AUC cai para 0,6739 em WildDeepfake, 0,6918 em Celeb-DF, 0,7586 em DFD e 0,6331 em DFDC (queda de 0,18 a 0,31); treinado em WildDeepfake (AUC intra 0,9162), cai para 0,6160 em FF++ LQ e 0,5894 em DFDC",nao_informado,nao_informado,nao_informado,nao_informado,sim,"Tabela 4 cruza fatorialmente os fluxos RGB e de frequencia com os modulos de auto-realce e de realce mutuo (8 configuracoes); Tabela 5 varia o metodo de remocao de ruido usado no bloco de realce de ruido (tipo de filtro, tamanho de kernel e combinacoes)",nao_informado,1,1,1,1,1,1,6.0,ia_pendente_verificacao,,"As marcas de checagem da Tabela 4 nao saem no pdftotext; foram recuperadas por coordenadas com PyMuPDF e batem exatamente com a descricao textual da Secao 4.3. A Tabela 2 vem com as colunas Celeb-DF e DFD desalinhadas no texto extraido; os valores de Ours (0,6918 em Celeb-DF e 0,7586 em DFD, treinando em FF++ LQ) foram reconstruidos pela ordem das colunas no PDF com pdftotext -layout. Numero de epocas de treino nao e' declarado."
S0614,Zhao; Zhang; Ding; Cui,2021,Entropy,periodico,MDPI,face,deepfake,Xception,"ramo paralelo de convolucao de Gabor com parametros aprendiveis (comprimento de onda, direcao, fase e sigma) seguido de blocos residuais com atencao CBAM para extrair textura e frequencia, mais um modulo de realce de textura por convolucao dilatada sobre camadas rasas do backbone e um modulo de atencao sobre a ultima camada, agregados por duas fusoes antes do classificador",transversal,espacial+frequencia+textura,nao_informado,nao_informado,sim,espacial+frequencia+textura,parcial,FaceForensics++ HQ (c23); FaceForensics++ LQ (c40); DeepfakeDetection (DFD); Celeb-DF v2; SNGAN vs CelebA; StyleGAN vs CelebA-HQ,acuracia; AUC,"treino de 64 epocas, lote 16, taxa de aprendizado inicial 1e-4 e decaimento de peso 1e-6, em Keras/TensorFlow; para a Tabela 2 os modelos foram treinados e testados exatamente sobre videos de baixa qualidade de cada metodo de manipulacao; nao declara a divisao treino/teste usada no FF++, numero de folds, sementes nem criterio de selecao de limiar","acuracia 98,18% e AUC 99,62% em FaceForensics++ HQ; acuracia 92,21% e AUC 95,58% em FaceForensics++ LQ (Tabela 1)","sobre o backbone Xception puro na ablacao (Tabela 3): +5,35 pontos de acuracia e +6,28 de AUC em LQ (92,21% vs 86,86%; 95,58% vs 89,30%) e +2,45 de acuracia e +3,32 de AUC em HQ (98,18% vs 95,73%; 99,62% vs 96,30%)",sim,"treinado apenas em FaceForensics++ HQ (AUC 99,73%), a AUC cai para 92,53% em DFD (queda de 7,2 pontos) e 75,07% em Celeb-DF (queda de 24,7 pontos), Tabela 4",nao_informado,nao_informado,nao_informado,servidor Linux com GPU NVIDIA Tesla V100 e 16 GB de memoria,sim,"Tabela 3 parte do backbone Xception e acrescenta os componentes de forma cumulativa, um passo de cada vez: modulo de extracao e realce de caracteristicas, depois modulo de atencao, depois perda de diversidade; Tabela 5 avalia robustez a borramento, corte, compressao e ruido com e sem treino adversarial",nao_informado,1,1,1,0.5,1,1,5.5,ia_pendente_verificacao,,"A Figura 3 do PDF foi extraida e inspecionada visualmente para tentar identificar o operador de fusao; e' um diagrama rasterizado que rotula as caixas como ""Texture fusion"" e ""Feature fusion"" sem indicar a operacao. Tabelas 1 e 2 vem com as colunas separadas do nome do metodo no texto extraido; os valores do MFF-Net foram lidos como a ultima linha de cada bloco. O artigo nao declara limitacoes proprias; apenas aponta trabalho futuro (introduzir atencao no processo de fusao)."
S0621,Luo; Kong; Huang; Hu; Kang; Kot,2023,IEEE Transactions on Information Forensics and Security,periodico,IEEE,face,deepfake,EfficientNet-B4,"arcabouco de treino agnostico a conhecimento previo (nao arquitetural): triplas finas aluno-professor com media movel exponencial, aumento de dados que suprime pistas de alta frequencia, cor, ruido e identidade, perdas de similaridade instancia (ISL) e local por patch (LSL), e controlador de aprendizado progressivo (PLC) que descarta canais menos importantes do mapa de caracteristicas do backbone em cronograma cosseno",camadas_finais,espacial,ausente,nao,nao,nao_aplica,parcial,FaceForensics++ C23; FaceForensics++ C40; Celeb-DF v2 (CDF); WildDeepfake (WDF); DFDC; DeepFakeDetection (DFD); DeeperForensics-1.0 (DFR),acuracia; AUC; EER,"faces recortadas com MTCNN e redimensionadas para 320x320, 20 quadros amostrados por video para treino; treino em FF++ C23 ou C40 e avaliacao intra-dataset, cross-dataset em cinco conjuntos nao vistos e cross-manipulation entre DF, F2F, FS e NT; Adam com taxa de aprendizado inicial 1e-3, decaimento de peso 1e-5, lote 32, 30 epocas e decaimento de 0,5 a cada 5 epocas; resultados em nivel de imagem por padrao e em nivel de video pela media dos escores dos quadros; nao declara numero de folds, sementes nem criterio de selecao de limiar","em nivel de imagem, acuracia 96,93% e AUC 99,25% em FF++ C23 e acuracia 93,29% e AUC 96,97% em FF++ C40; em nivel de video, acuracia 98,54% e AUC 99,62% em C23 e 94,57% e 97,87% em C40 (Tabela I)","sobre o backbone EfficientNet-B4 em nivel de imagem: +0,68 de acuracia e +0,09 de AUC em FF++ C23 (96,93 vs 96,25; 99,25 vs 99,16) e +5,87 de acuracia e +6,82 de AUC em FF++ C40 (93,29 vs 87,42; 96,97 vs 90,15); os autores declaram ""an average improvement of 8.06% in AUC and 5.92% in EER across five unknown datasets, as compared to the EN-B4 backbone""",sim,"treinado em FF++ C23 (AUC intra 99,25% em nivel de imagem), a AUC cai para 82,78% em Celeb-DF v2 (queda de 16,5 pontos) e 78,39% em WildDeepfake (queda de 20,9 pontos), valores confirmados nas Tabelas VIII e IX",nao_informado,nao_informado,nao_informado,uma unica GPU NVIDIA GTX 3090,sim,"Tabela VIII remove um componente de cada vez do arcabouco completo (sem ISL, sem LSL, sem PLC) alem de baseline e baseline com aumento de dados; Tabela IX compara PLC com mascaramento aleatorio e sem regularizacao; Tabela X remove um tipo de aumento de dados de cada vez; Tabelas VI e VII variam os hiperparametros d_ins, s_pos, s_neg e a estrategia de ponderacao; Tabela V troca o backbone (Xception, EfficientNet-B0, MobileNet-V2)","""the temporal information has been largely under-explored in this paper. In future work, incorporating temporal features into our model and exposing temporal inconsistency in fake videos opens an important research path forward"" (Secao V)",0.5,1,1,1,1,1,5.5,ia_pendente_verificacao,,"Atencao: o campo dominios_detectados do lote indicava frequencia+ruido, mas o estudo faz o oposto do que a camada de profundidade pressupoe. O CFM nao e' uma customizacao arquitetural em dominio de frequencia, borda ou ruido; e' um arcabouco de treino cujo proposito declarado e' suprimir justamente essas pistas por aumento de dados (Secao III-A-2 nomeia ""High-frequency clues"", ""Color mismatch"", ""Noise artifacts"" e ""Identity inconsistency"" como alvos de supressao). Por isso qa1 recebeu 0,5: o estudo e' de deteccao forense de adulteracao, mas o objeto customizado e' o esquema de aprendizado, nao a arquitetura. As Tabelas I e II vem gravemente desalinhadas no pdftotext (nomes de metodos e valores em blocos separados, com as colunas de cinco datasets embaralhadas); os numeros usados aqui foram restritos aos que se confirmam de forma cruzada no texto corrido e nas Tabelas VIII e IX, e a Tabela II nao foi usada para valores individuais por dataset alem de CDF e WDF."
S0622,Wang; Wu; Tang; Ma; Shan; Wei,2023,Mathematics,periodico,MDPI,face,deepfake,Xception,"módulo de pré-processamento que extrai mapa residual de média-alta frequência via transformada Haar wavelet, interpolação bilinear e subtração da imagem em escala de cinza, concatenado com a imagem RGB antes do backbone Xception",entrada_bruta,espacial+frequencia,canais_entrada,nao,sim,espacial+frequencia,sim,FaceForensics++ (C0/C23/C40); Celeb-DF v2; UADFV,ACC; AUC,"FF++: 720/140/140 vídeos treino/val/teste, 50 frames/vídeo no treino e 100 na validação/teste; Celeb-DF split 6:1:1; UADFV: 37/6/6 vídeos, 50/150 frames; imagens 256x256; Adam, lr inicial 1e-4, batch 32, 20 épocas, lr multiplicado por 0,1 a cada 5 épocas","acurácia média >98% no cenário não comprimido (C0); 88,09% acurácia média em deepfakes de baixa qualidade (C40)","supera Xception em NT sob alta compressão C40 (91,32% vs 87,90%); AUC cross-dataset de 72,27% vs 54,80%/53,60% dos baselines Meso-4/MesoIn-4 (Tabela 4)",sim,"AUC cross-dataset (treino em FF++ Deepfakes leve compressão, teste em Celeb-DF) atinge 71,27%-72,27% (Tabela 4), abaixo dos valores intra-dataset (>90%), mas acima da maioria dos métodos comparados",nao_informado,nao_informado,nao_informado,nao_informado,sim,"varia a base wavelet (Sym2, Coif2, Db2, Haar) sob compressão C40 (Tabela 5) e a composição de domínio (RGB, Frequency, RGB+Frequency) sob C0/C23/C40 e demais datasets (Tabela 6)","desempenho pior que o baseline em generalização para Face2Face e FaceSwap; degradação de desempenho em imagens de baixa qualidade comprimidas melhorou mas ainda persiste; dataset público limitado (Seção 4, Conclusions)",1,1,1,1,1,1,6.0,ia_pendente_verificacao,,
S0626,Dong; Zou; Wang; Liu,2023,Journal of King Saud University - Computer and Information Sciences,periodico,Elsevier,face,deepfake,Xception,"aprendizado contrastivo supervisionado (SCL, arquitetura siamesa com projetor/preditor) + modulo de melhoria multi-escala (MSE: convolucoes multi-kernel 1/3/5/7 concatenadas + atencao de canal) + aumento de dados cross-modal (CMA) que alterna entre visao RGB e visao filtrada por SRM (ruido/alta frequencia) como entrada",transversal,espacial+frequencia+ruido,ausente,nao,sim,espacial+frequencia,parcial,FaceForensics++ (c23/c40); Celeb-DF; DFDC,ACC; AUC; EER,"treino em FF++ c23 com split oficial (720 treino/140 val/140 teste por 1000 videos), 10 frames por video; batch 32; Adam lr=0,0002; avaliacoes cross-manipulation (FF++) e cross-dataset (treino em FF++ c23, teste em FF++ HQ, Celeb-DF, DFDC); GPU NVIDIA GeForce RTX 3090","cross-manipulation FF++ c23: ACC 0,863, AUC 0,941, EER 0,094 (media das 4 manipulacoes, Tabela 1); cross-dataset Celeb-DF: ACC 0,726, AUC 0,823, EER 0,264 (Tabela 3)","melhoria media de ~3% AUC e ~2% ACC sobre 6 metodos SOTA em c23; +12,8% AUC e +5,3% ACC no Celeb-DF cross-dataset vs melhor SOTA (Tabela 3); ablacao (Tabela 4): modelo completo (e) supera baseline Xception puro (a) em AUC +1,2% (FF++HQ), +14,8% (Celeb-DF), +7,8% (DFDC)",sim,nao reporta uma queda numerica propria de intra- para cross-dataset; reporta apenas o ganho relativo sobre outros metodos no cenario cross-dataset (Tabela 3),nao_informado,nao_informado,nao_informado,NVIDIA GeForce RTX 3090,sim,"5 variantes (modelos a-e, Tabela 4) que adicionam progressivamente MSE, CMA e SCL sobre o baseline Xception puro (modelo-a); tambem varia a probabilidade p de aplicar o aumento SRM entre 0 e 0,5 (Tabela 5)",trabalho futuro planeja aumentar a robustez contra ataques adversariais; nenhuma outra limitacao declarada explicitamente,1,1,1,1,1,1,6.0,ia_pendente_verificacao,,"Combina espacial (MSE, multi-escala) com frequencia/ruido (CMA via SRM) sobre o mesmo backbone Xception, mas a integracao entre RGB e SRM ocorre via alternancia de visao + loss de consistencia contrastiva, nao por fusao arquitetural direta (concatenacao/soma/atencao de features). A ablacao (Tabela 4) isola MSE sozinho mas nunca CMA sozinho, por isso avalia_interacao='parcial', nao 'sim'."
S0656,Ding; Bu; Zhai; Hou; Wang,2024,PLOS ONE,periodico,nao_informado,face,deepfake,Inception Transformer (iFormer),"módulo Multi-Feature Extraction (MFE) que concatena features espaciais (Conv2D), de ruído (SRM fixo + BayarConv2D aprendível) e de frequência (FAD/DCT decomposto em baixa/média/alta frequência) antes de alimentar o backbone Inception Transformer, que mistura informação global e local",entrada_bruta,espacial+ruido+frequencia,canais_entrada,nao,sim,espacial+ruido+frequencia,parcial,DFDC; FaceForensics++ (Deepfakes; Face2Face; FaceSwap; FaceShifter; NeuralTextures); Celeb-DF,ACC; AUC; F1; LogLoss,"splits por vídeo conforme Tabela 2 (ex.: DFDC 81.827/24.808/12.556 vídeos treino/val/teste, 172.245/64.592/16.320 imagens de face); Adam lr=0,1e-3, weight decay 0,1e-6, batch 32, 50 épocas, lr reduzido por fator 0,1 a cada 15 passos; imagens 224x224, compressão JPEG 90%","Mixformer: AUC 89,0%, ACC 86,73%, F1 91,51% no DFDC (Tabela 3); acurácia 98,4% em FaceShifter (FF++, Tabela 4)","F1 3,51 pontos percentuais acima do SoTA CrossViT no DFDC (91,51% vs 88%) com menos de 1/5 dos parâmetros; adicionar o módulo de frequência sobre IncepFormer+ruído eleva ACC/AUC/F1 em 5,43/2,1/3,98 pontos percentuais (Tabela 7)",sim,"maioria das acurácias cross-dataset entre subconjuntos de FF++ cai a ~50% (nível de acaso), exceto DFDC→Deepfakes (80,2%); em Celeb-DF (treino DFDC), Mixformer atinge ACC 76,71%/AUC 84,1%/F1 83%, superando IncepFormer sem MFE (72,22%/73,1%/69%) (Tabelas 5 e 6)","20M (menos de 1/5 do CrossViT, que tem 101M)","4,71 GFLOPs","9,8s tempo médio de inferência por vídeo no conjunto de teste Celeb-DF (Tabela 8)",NVIDIA GeForce RTX 3080 10GB,sim,"adiciona incrementalmente componentes do módulo MFE ao backbone Inception Transformer: IncepFormer sozinho (sem MFE) → +Conv2D → +módulo de ruído (SRM+BayarConv) → +módulo de frequência (FAD), modelo completo Mixformer — Tabela 7","acurácia cai em FaceSwap e NeuralTextures porque essas técnicas manipulam poucos frames da sequência, prejudicando a detecção baseada em frame; a maioria das combinações cross-dataset entre subconjuntos de FF++ fica próxima do acaso, atribuído a dados de treino insuficientes e grande diferença entre métodos de falsificação (Seção 4.4.B)",1,1,1,1,1,1,6.0,ia_pendente_verificacao,,
S0677,Prashnani; Goebel; Manjunath,2022,arXiv preprint (arXiv:2211.09363),nao_informado,arXiv,face,deepfake,ResNet18,"extração de movimento facial via fase temporal das subbandas de frequência da pirâmide esteerable complexa (CSP), com filtragem espaço-temporal aprendível, alimentando um extrator ResNet-18 seguido de uma rede convolucional temporal multiescala (MSTCN) para detecção de deepfake baseada em dinâmica facial",entrada_bruta,frequencia+temporal,ausente,nao,nao,nao_aplica,nao,FaceForensics++ (treino); CelebDFv2; DFDC; VFHQ; DeeperForensics (DFor); FaceShifter (FSh),AUC (video-level); MAPE (variacao percentual de AUC sob distorcao),"divisao treino/val/teste especificada pelo dataset FF++; otimizador Adam, taxa de aprendizado 2e-4, batch size 32; early stopping quando a perda de validacao nao melhora por 20.000 iteracoes; pre-treinamento especifico de dominio (LRW por 10 epocas para labios, EVE por 50.000 iteracoes para olhos) antes do ajuste fino para deteccao de DF (Secao 3.2)","AUC video-level de 91,2% em CelebDFv2 (Tabela 1a), superando o estado da arte anterior FTCN (86,9%); 94,2% em VFHQ; 78,2% em DFDC","+4,3 p.p. de AUC sobre FTCN em CelebDFv2 (91,2% vs. 86,9%); em teste controlado isolando fase vs. intensidade de pixel dentro do pipeline do LipForensics, o uso de fase eleva o AUC em CDFv2 de 82,4% para 85,2% (Tabela 4b, Secao 4.2)",sim,"AUC intra-dominio em FF++ de ~99,5% cai para 91,2% (CDFv2), 94,2% (VFHQ) e 78,2% (DFDC) quando treinado apenas em FF++ e testado em datasets nao vistos (Tabela 1)",nao_informado,nao_informado,nao_informado,nao_informado,sim,"varia a configuracao da CSP (largura de banda, numero de escalas e orientacoes), compara entrada de fase vs. apenas amplitude, compara regioes faciais (olho vs. labio), compara tipos de processamento temporal (nenhum, 3DCNN padrao, 3DCNN separavel), e substitui a entrada RGB do LipForensics por fase para isolar o efeito de fase vs. intensidade de pixel (Secao 4.2, Tabelas 3 e 4)","dependente da presenca de movimento nos labios e requer uma etapa de pre-treinamento especifica de dominio; decomposicoes CSP tendem a formar representacoes sobrecompletas/redundantes, criando custo computacional adicional; a robustez a distorcao e a ataques adversariais depende de um desenho cuidadoso dos filtros, permanecendo vulneravel caso as perturbacoes atinjam os componentes de frequencia passa-banda usados (Secao 'Limitations')",1,1,1,1,1,1,6.0,ia_pendente_verificacao,,"O cabecalho do texto extraido mostra apenas 'arXiv:2211.09363v1 [cs.CV] 17 Nov 2022', sem indicacao de veiculo de publicacao formal (periodico ou conferencia) neste documento; tipo_publicacao marcado como nao_informado. Isso e relevante porque a decisao de desenho D2 do protocolo exclui preprints do corpus (IC4+EC5); se este estudo entrou como preprint puro, recomenda-se conferencia humana sobre sua elegibilidade na camada de profundidade."
S0678,Xu; Hu; Zhou; Xu; Qi; Chen,2024,IEEE Transactions on Consumer Electronics,periodico,IEEE,face,deepfake,EfficientNet-B4,"rede de reconstrução-classificação com dois ramos: EfficientNet-B4 para conteúdo facial e um codificador de gradiente (imagem obtida via operador de Sobel), fundidos por agrupamento e concatenação de canais (módulo CGFF), com atenção bidirecional aplicada à disparidade de reconstrução para classificação final",transversal,espacial+borda,concatenacao,nao,sim,espacial+borda,parcial,"FaceForensics++ (FF++); WildDeepfake; DFDC; Celeb-DF; DFD; DeepFakeFace (DFF, baseado em difusão)",acuracia; AUC; EER,"split oficial do FF++: 740 vídeos treino, 140 validação, 140 teste; Adam, batch 128, lr inicial 1e-4 com cosine annealing; PyTorch 1.11.0, GPU NVIDIA A40","AUC de 99,99% no FF++ (HQ); acurácia 93,73% e AUC 97,12% no FF++ (LQ) (Tabela I, Seção IV-B)","AUC 2,10% maior que RECCE no FF++ (LQ); na ablação, baseline EfficientNet-B4 sozinho atinge 75,26% de acurácia e 84,10% de AUC, melhorando a cada módulo adicionado (reconstrução, codificador de gradiente, atenção bidirecional) (Tabela VI, Seção IV-C)",sim,"sem queda numérica declarada explicitamente; treino em FF++ c40 e teste cruzado atinge AUC 91,20% no Celeb-DF e AUC 86,53% no DFDC (Tabela II), valores inferiores ao AUC intra-dataset de 99,99% no FF++ (HQ)",nao_informado,nao_informado,nao_informado,NVIDIA A40 GPU,sim,"Tabela VI (conferida no PDF original, p.8), colunas Rec/DFE/Rec disparity: (a) baseline EfficientNet-B4 sozinho, sem nenhum módulo (75,26% acc / 84,10% AUC); (b) baseline + aprendizado por reconstrução 'Rec' (77,37% / 86,83%); (c) Rec + DFE (codificador de gradiente), sem o módulo de atenção bidirecional 'Rec disparity' (80,16% / 89,44%) — corresponde a 'our method minus the Bi-Directional attention module'; (d) Rec + Rec disparity, sem DFE (79,83% / 88,86%) — corresponde a 'our method excluding the gradient encoder'; 'ours' = Rec+DFE+Rec disparity (86,76% / 95,27%)","trabalho futuro pretende adaptar o método a datasets de cenas naturais mais exigentes, sugerindo que a generalização atual é limitada a rostos (Seção IV-D)",1,1,1,1,1,1,6.0,ia_pendente_verificacao,,"Tabela VI (ablação) veio quebrada na extração de texto. CONFERIDO no PDF original (p.8, 2026-09-21): não há inconsistência real — a lista de configurações do texto ('(c) our method minus the Reconstruction Disparity Based Bi-Directional attention module; (d) our method excluding the gradient encoder') bate exatamente com as colunas Rec/DFE/Rec disparity da Tabela VI: linha (c) tem DFE marcado e Rec disparity vazio (80,16%/89,44%), linha (d) tem Rec disparity marcado e DFE vazio (79,83%/88,86%). A suposta inconsistência apontada na extração anterior não se confirma; avalia_interacao mantido em parcial (ablação cumulativa, nunca isola DFE/borda sem o backbone de conteúdo espacial)."
S0689,Kou; Li; Ma; Zhou; Huang; Li,2025,Artificial Intelligence Review,periodico,Springer,face,deepfake,Xception,"modulo SFFI que converte o quadro para escala de cinza, aplica FFT 2D com centralizacao, log e normalizacao, e concatena o espectro de amplitude como quarto canal da imagem RGB na entrada do Xception, somado a uma perda de margem dinamica (AAML) por classe",entrada_bruta,espacial+frequencia,canais_entrada,nao,sim,espacial+frequencia,parcial,FaceForensics++ c23; Celeb-DF v1; Celeb-DF v2; DFDC Preview,ACC; AUC; AP; F1; GFLOPs; parametros; valor-p,"treino unico em FF++ c23 e teste cruzado em Celeb-DF v1, Celeb-DF v2 e DFDCP; 32 quadros por video, faces recortadas com Dlib em 256x256; Adam, taxa 2e-4, decaimento 5e-4, lote 32, 10 epocas, sem agendador; todos os metodos rodados no benchmark DeepfakeBench com configuracao padrao; nao informa numero de folds, sementes nem criterio de selecao de limiar","AUC 88,40% (ACC 78,06%, AP 92,45%, F1 83,92%) em Celeb-DF v1 com treino em FF++","+14,22 pontos de AUC sobre o Xception puro em Celeb-DF v1 (88,40 contra 74,18); +5,79 em Celeb-DF v2 (79,00 contra 73,21); +2,23 em DFDCP (75,88 contra 73,65)",sim,nao_informado,"20,8113 M (Tabela 2)","192,5195 GFLOPs (Tabela 2)",nao_informado,NVIDIA GTX 3090,sim,"Tabela 5 remove SFFI, remove AAML e remove ambos, formando um fatorial 2x2 completo sobre o Xception; alem disso acopla a AAML a nove outros detectores (Tabela 6), compara a AAML com tres outras perdas sobre o Xception (Tabela 7) e mede o efeito do aumento de dados (Tabela 8)","as diferencas em relacao a RFM, Recce e UCF nao sao estatisticamente significativas e a taxa de falsos positivos ainda precisa de otimizacao; o arcabouco e apenas por quadro, sem modelagem temporal, deixada como trabalho futuro; o custo em GFLOPs e parametros nao e o melhor entre os comparados",1,1,1,0.5,1,1,5.5,ia_pendente_verificacao,,"A atribuicao automatica de dominios trazia borda+frequencia, mas nao ha nenhuma customizacao de borda no artigo; a unica ocorrencia de borda e a expressao incidental ""texture edges"" na Secao 3.3.1. Dominio de representacao corrigido para espacial+frequencia. Tabelas 2, 3 e 5 vieram com colunas deslocadas no pdftotext (as colunas AP e F1 aparecem em bloco separado); os numeros usados foram conferidos contra o texto corrido da Secao 4.3, que repete todos os valores da ablacao."
S0701,Sun; Zhang; Xu; Song,2021,Security and Communication Networks,periodico,Hindawi,face,deepfake,Meso-4 (quatro primeiras camadas convolucionais),"ramo paralelo de transformada de Haar que combina por norma L2 os coeficientes horizontal, vertical e diagonal em um mapa de bordas no dominio da frequencia, vetorizado e concatenado ao vetor de alto nivel do Meso-4 antes da camada totalmente conectada",cabeca,espacial+frequencia+borda,concatenacao,nao,sim,espacial+frequencia+borda,nao,Deepfake Database (MesoNet); FaceForensics++ DP23; FaceForensics++ DP40; FaceForensics++ F2F23; FaceForensics++ F2F40; FaceForensics++ FS23; FaceForensics++ FS40,AUC; acuracia,"no Deepfake Database, 12.355 imagens de treino divididas 5:1 para treino e validacao, e o conjunto de validacao original (7.106 imagens) usado como teste; no FF++, divisao 7:3 entre treino e teste; imagens redimensionadas para 256x256x3; otimizador Adam, taxa inicial 0,1 dividida por 10 a cada 1.000 iteracoes ate 1e-6, decaimento 0,1, 20 epocas, lote 64, resultado otimo com taxa 0,001; ajuste fino de taxa e decaimento declarado dataset a dataset; nao informa folds, sementes nem criterio de selecao de limiar","AUC 0,96 e acuracia 90,50% no Deepfake Database; AUC 0,95 em DP23 e 0,94 em DP40 do FF++","AUC 0,96 contra 0,93 do Meso4 no Deepfake Database (+0,03) e acuracia 90,50% contra 87,05% (+3,45 pontos); em DP40 AUC 0,94 contra 0,81 do Meso4; o MesoInception4 supera o metodo proposto no Deepfake Database (0,98 contra 0,96) e em FS40, F2F40, FS23 e F2F23",sim,"nao ha queda reportada: modelos treinados nas versoes de baixa qualidade e testados nas de alta qualidade atingem AUC 0,97 em DP23 (contra 0,94 no proprio DP40), 0,84 em F2F23 e 0,83 em FS23 (Tabela 3); os autores afirmam que o desempenho nao degrada",nao_informado,nao_informado,nao_informado,"PC com Intel Core i5-7500 CPU a 3,40 GHz e 4 GB de RAM",nao,nao_aplica,"""our method is less effective on Neural Textures dataset as it has less consideration on subtle features such as lips, eye, and nose"" (Secao 5); o ganho concentra-se no subconjunto DeepFake, onde os vestigios aparecem nas bordas, e o metodo fica atras do MesoInception4 nos demais conjuntos",1,1,1,0.5,0.5,0.5,4.5,ia_pendente_verificacao,,"Frequencia e borda nao sao dois ramos independentes: sao o mesmo ramo unico de Haar, que os autores descrevem como ""edge geometric features of the frequency domain"". Registrado assim em dominio_representacao e quais_combinadas, mas o leitor nao deve contar como duas customizacoes separadas. A avaliacao chamada de cross-database pelos autores e na verdade entre niveis de compressao do proprio FF++ (baixa qualidade para alta qualidade), nao entre conjuntos distintos; registrado como sim em cross_dataset com a ressalva. Os valores de AUC estao apenas nas legendas das Figuras 5 a 7, nao em tabela."
S0702,Zhang; Fu; Lu; Li; Zhang,2023,IEEE Transactions on Circuits and Systems for Video Technology,periodico,IEEE,face,deepfake,Xception,"arcabouco codificador-decodificador (BRCNet) com supervisao de reconstrucao dupla, 2D contra o quadro de entrada e 3D contra o mapa PNCC do 3DDFA_V2, seguido de modulos de alinhamento (FAM), atencao multiescala (MAM) e agregacao multiescala (MFAM) sobre as features do decodificador, com o mapa de diferenca de reconstrucao usado como mascara de atencao para refinar a representacao final",transversal,espacial,atencao,sim,nao,nao_aplica,parcial,FaceForensics++ c23; FaceForensics++ c40; Celeb-DF; DFDC,ACC; AUC,"treino e teste intra-dataset em FF++ c23, FF++ c40, Celeb-DF e DFDC; amostragem de 10 quadros por video falso e 40 por video real para balancear rotulos; faces extraidas com SSD sobre ResNet; entrada 299x299; Xception pre-treinado na ImageNet, demais parametros com inicializacao aleatoria; Adam, taxa inicial 2e-4 com decaimento a cada 22.500 passos, 40 epocas, lote 32, mu1 = mu2 = 0,1; nao informa divisao percentual explicita, folds, sementes nem criterio de selecao de limiar","AUC 99,58% e ACC 97,43% em FF++ c23; AUC 95,73% e ACC 91,50% em FF++ c40; AUC 99,94% e ACC 98,73% em Celeb-DF; AUC 91,89% e ACC 81,65% em DFDC (Tabela I)","sobre o Xception puro (Tabela I): +6,43 pontos de AUC e +4,64 de ACC em FF++ c40 (95,73/91,50 contra 89,30/86,86); +3,28 de AUC em FF++ c23 (99,58 contra 96,30); +2,39 de AUC em DFDC (91,89 contra 89,50); sobre o RECCE, +0,71 de AUC e +0,47 de ACC em FF++ c40",sim,"treinado em FF++ e testado em DFDC, o AUC cai para 69,89% (Figura 7), contra 95,73% intra-dataset em FF++ c40, uma queda de cerca de 25,8 pontos; ainda assim supera RECCE em 1,85 e Multi-Att em 0,80 ponto. Ha tambem teste cruzado entre tecnicas de manipulacao dentro do FF++ c40 (Tabela II), com AUC medio geral de 71,67% contra quase 99% quando treino e teste usam a mesma tecnica",nao_informado,nao_informado,nao_informado,nao_informado,sim,"Tabela III cruza FAM e MAM sobre uma base que sempre contem MFAM, com linha de base sem nenhum dos tres; Tabela IV troca a MAM por seis mecanismos de atencao prontos; Tabela V varia quais mapas de diferenca (R2D, R3D) guiam o refinamento e se a combinacao e por soma ou concatenacao; Tabela VI varia os termos e pesos da funcao de perda; Tabela VII troca o sinal 3D entre PNCC, mapa UV e mapa de profundidade; Tabela VIII compara desempenho e tempo de treino com o RECCE por numero de iteracoes","o desempenho cai fortemente na transferencia para o DFDC (AUC 69,89%); o metodo e inferior ao ADAL no DFDC e os autores atribuem isso a construcao de novas amostras com artefatos, que pretendem incorporar no futuro; mapas de profundidade e UV como sinal 3D degradam o resultado por destruir a estrutura de textura; a comparacao da Tabela I e reconhecida como injusta porque alguns metodos usam conjuntos de treino maiores ou ambientes diferentes",1,1,1,1,1,0.5,5.5,ia_pendente_verificacao,,"A atribuicao automatica de dominios trazia frequencia+ruido, mas e falso positivo: as duas palavras aparecem no resumo apenas para descrever o que OUTROS metodos fazem (""Current methods... concentrate on specific patterns of forgery like noise characteristics, local textures, or frequency statistics""). O artigo nao tem nenhum ramo de frequencia nem de ruido. A segunda fonte do metodo e a reconstrucao 3D (mapa PNCC do 3DDFA_V2), que nao tem entrada no vocabulario fechado de dominio_representacao; por isso o campo ficou apenas espacial e combina_multiplas ficou nao, embora os autores chamem o metodo de bi-source. A Tabela VIII reporta tempo medio por epoca de TREINO, nao latencia de inferencia, por isso custo_latencia ficou nao_informado. Todas as tabelas do PDF sao desenhos vetoriais que o pdftotext nao extrai; as Tabelas I e III foram lidas por renderizacao das paginas 8 e 9 do PDF. O texto da Secao IV-C-1 diz AUC 95,37% para o FF++ c40, mas a Tabela I e a Secao de ablacao dizem 95,73%; adotado 95,73% por aparecer duas vezes."
S0724,Liu; Xue; Liu; Liu,2024,IEEE Access,periodico,IEEE,face,deepfake,EfficientNet-B4,"arcabouco de dois ramos independentes, ambos EfficientNet-B4: um ramo de deteccao de falsificacao treinado com imagens auto-mescladas diversificadas pelo modulo Fake Blender (conversao de cor, conversao no dominio da frequencia, deformacao e borramento da mascara facial de 81 pontos) e um ramo de deteccao residual que aprende a reconstruir imagens autenticas e classifica o mapa de residuo anomalo; as probabilidades dos dois ramos sao mediadas na inferencia",entrada_bruta,espacial+ruido,soma,nao,sim,espacial+ruido,sim,FaceForensics++ HQ; FaceForensics++ LQ; Celeb-DF; WildDeepfake; DeepFakeDetection (DFD); DFDC; DFDC Preview,AUC (nivel de video); acuracia; F1,"treino no FF++ e teste em FF++ HQ, FF++ LQ, Celeb-DF, WildDeepfake e, na avaliacao cruzada, em Celeb-DF, DFD, DFDCP e DFDC; os dois ramos sao treinados separadamente; amostragem uniforme de quadros por video com media das predicoes para obter AUC de nivel de video; EfficientNet-B4 pre-treinado na ImageNet nos dois ramos, Adam, lote fixo 32, taxa 2e-4 no ramo residual e 5e-5 no ramo de falsificacao; nao informa numero de epocas, tamanho de entrada, divisao percentual, folds, sementes nem criterio de selecao de limiar","AUC 99,90% e acuracia 98,20% em FF++ HQ; AUC 98,64% e acuracia 95,13% em FF++ LQ; AUC 99,97% em Celeb-DF e 93,52% em WildDeepfake (Tabela V)","na Tabela II, o arcabouco completo com 81 pontos faciais atinge AUC 99,98% contra 98,72% do ramo de falsificacao sozinho (+1,26) e 97,78% do ramo residual sozinho (+2,20); na Tabela V, AUC 99,90% em FF++ HQ contra 96,30% do Xception (+3,60) e 99,32% do RECCE; no cruzamento da Tabela VI supera o EFNB4 + SBIs em +1,07 no Celeb-DF, +1,74 no DFD, +3,05 no DFDCP e +5,94 no DFDC",sim,"treinado em FF++, o AUC cai de 99,90% em FF++ HQ para 94,25% no Celeb-DF, 89,20% no DFDCP e 78,36% no DFDC, queda de ate 21,5 pontos; no DFD fica em 99,3%. Os autores reconhecem que no DFDC o resultado e inferior ao do metodo FRDM",nao_informado,nao_informado,nao_informado,nao_informado,sim,"Tabela II cruza os dois ramos (so o ramo de falsificacao, so o ramo residual, os dois juntos) com o numero de pontos faciais da mascara (68 contra 81); Tabelas III e IV trocam o backbone de cada ramo entre ResNet-50, ResNet-101, ResNeSt-50, Xception, EfficientNet-B1 e EfficientNet-B4; a Tabela VII avalia robustez a compressao JPEG e ruido gaussiano",nao_informado,0.5,1,1,0.5,1,1,5.0,ia_pendente_verificacao,,"Este e o unico estudo do lote com ablacao cruzada de fato entre dois ramos de dominios diferentes. Ressalva importante para quem for usar o dado: os dois ramos sao duas redes EfficientNet-B4 independentes, treinadas em separado e combinadas apenas por media de probabilidades na inferencia, ou seja, um conjunto de dois modelos, e nao duas customizacoes sobre um mesmo backbone. A interacao medida e de conjunto, nao de arquitetura. O componente de frequencia aparece apenas na sintese de dados do modulo Fake Blender (""downsample, upsample, sharpen, gaussian blur, and denoising""), nao na arquitetura, por isso frequencia nao entrou em dominio_representacao; o que entrou foi ruido, pelo mapa de residuo do ramo de reconstrucao. Todas as tabelas sao imagens no PDF e nao saem no pdftotext; Tabelas II a VII foram lidas por renderizacao das paginas 6 e 7. As equacoes 1 a 8 perdem todos os simbolos na extracao. Ha inconsistencia entre a Tabela II (AUC 99,98% e Acc 98,83% em FF++) e a Tabela V (AUC 99,90% e Acc 98,20% em FF++ HQ) para o mesmo modelo completo; o artigo nao explica a diferenca. Nao ha secao nem paragrafo de limitacoes: a unica fraqueza admitida e que no DFDC o resultado fica abaixo do FRDM, registrada em queda_cross_dataset."
S0727,Zhou; Zhao; Xu; Zhang; Zhou,2024,IEEE Access,periodico,IEEE,face,deepfake,EfficientNet-B4,"rede de dois ramos (MDCF-Net): ramo RGB multi-escala baseado em Transformer para textura espacial e ramo de frequencia (filtro global via FFT) para artefatos de compressao, fundidos por modulo de fusao com atencao multi-cabeca (FFM) e classificados via spatial pyramid pooling (SPP)",corpo,espacial+frequencia,atencao,sim,sim,espacial+frequencia,sim,FaceForensics++ (RAW/HQ/LQ); Celeb-DF; WildDeepfake,ACC; AUC,"split FF++ 720:140:140 treino/val/teste; Celeb-DF e WildDeepfake com mesma proporcao 8:1:1; lr=0.001 com decaimento por step, batch size 12, 40 epocas, perda de entropia cruzada binaria, aumento de dados via Albumentations; PyTorch, GPU NVIDIA GTX 3090; otimizador nao nomeado explicitamente",AUC 99.98% e ACC 99.65% no dataset Celeb-DF (Tabela 4); ACC media 97.83% no FF++ HQ NeuralTextures,supera RFM (2o colocado) em 1.69 pontos de ACC e 0.04 pontos de AUC no Celeb-DF; no FF++ NeuralTextures supera MRE-Net em 3.03% (LQ) e 0.33% (HQ) de ACC (Tabelas 2-4),nao,nao_aplica,nao_informado,nao_informado,nao_informado,NVIDIA GTX 3090,sim,"remocao isolada do ramo RGB, remocao isolada do ramo de frequencia, substituicao do FFM por concatenacao simples (w/o FFM), remocao da camada SPP (w/o SPP), comparados ao modelo completo, no metodo NeuralTextures do FF++ (LQ e HQ) - Tabela 5","o metodo e projetado principalmente para deteccao de falsificacao em imagens faciais altamente comprimidas, ainda nao alcancando acuracia otima em datasets nao comprimidos ou de baixa compressao",1,1,1,0.5,1,1,5.5,ia_pendente_verificacao,,
S0734,Zhao; Jin; Gao; Wu; Yao; Jiang,2024,IET Biometrics,periodico,Hindawi/IET,face,deepfake,Swin-B+EfficientNetB4,"framework de dois ramos que combina um ramo transformer (Swin-B), alimentado por caracteristicas de ruido de longo alcance extraidas por um modulo adaptativo de realce de traco de ruido (ANTEM, com filtros RSRM aprendiveis inspirados em esteganalise), com um ramo CNN (EfficientNetB4), alimentado por um modulo de percepcao multinivel de frequencia (MFAM, decomposicao via DCT nas bandas media/alta + convolucoes dilatadas), fundidos por atencao de canal e supervisionados por perda colaborativa (cross-entropy + single-center loss)",transversal,espacial+ruido+frequencia,atencao,sim,sim,ruido+frequencia,sim,FaceForensics++ (FF++); Celeb-DF; DFDC,Acc (acuracia); AUC,"FF++: 720 videos treino, 140 validacao, 140 teste por metodo de manipulacao, com 4x augmentacao de videos originais; Adam (beta1=0,9, beta2=0,999, eps=1e-8); batch size 32; 30.000 iteracoes; taxa de aprendizado inicial reduzida pela metade se a perda de validacao nao melhorar por 3 validacoes consecutivas (a cada 500 iteracoes), treino encerrado quando lr atinge 1e-12; avaliacao cross-dataset treina em FF++(c23) e testa em Celeb-DF/DFDC (Secao 4.1)","Acc 97,37%/AUC 99,34% em FF++ HQ(c23); Acc 88,21%/AUC 89,84% em FF++ LQ(c40) (Tabela 1), melhor entre todos os metodos comparados","+2,02%/+3,82% de AUC sobre Xception (HQ/LQ); +1,03%/+2,72% sobre EfficientNetB4; +11,61%/+10,03% sobre ViT; +7,02%/+6,1% sobre Swin-B (Secao 4.2.1, Tabela 1)",sim,"treinado em FF++(c23) (AUC intra-dataset ~99%), AUC cai para 73,16% em Celeb-DF e 74,89% em DFDC (Tabela 3); ainda assim +6,85%/+5,44% de AUC sobre EfficientNetB4 nesses mesmos datasets (Secao 4.2.2)",nao_informado,nao_informado,nao_informado,Intel(R) i7-10700k CPU e uma unica NVIDIA RTX 3090 GPU (Secao 4.1.2),sim,"ablacao progressiva por componente (backbones isolados EfficientNetB4/Swin-B, combinacao dual-branch sem modulos, +ANTEM isolado, +MFAM isolado, +ambos, +perda colaborativa SC+CE), avaliada em cenario intra-dataset (FF++ c40) e cross-dataset (Celeb-DF); ablacao interna do ANTEM (SRM fixo vs. RSRM aprendivel vs. +FRB) e do MFAM (componentes de frequencia LF/MF/HF isolados e combinados, presenca ou nao do MFRB) (Secao 4.3, Tabelas 4-6)",nao_informado (o artigo nao apresenta uma subsecao dedicada a limitacoes; a Conclusao menciona apenas trabalho futuro voltado a integrar pistas multimodais com informacao de mascara para localizar regioes manipuladas),1,1,1,1,1,1,6.0,ia_pendente_verificacao,,"ACHADO RELEVANTE PARA RQ1.3: este e um dos poucos estudos do corpus com ablacao cruzada genuina e completa (A isolado, B isolado, A+B) combinando duas customizacoes de dominio de representacao distintas (ruido via ANTEM/RSRM e frequencia via MFAM/DCT) sobre o mesmo backbone dual-branch, medida tanto intra-dataset quanto cross-dataset (Tabela 4). E um candidato a precedente direto para a reivindicacao de originalidade do TCC (combinacao frequencia+borda/EA-EC) e deveria receber atencao prioritaria na sintese S3/S4."
S0747,Zou; Luo; Zhang,2024,Complex & Intelligent Systems,periodico,Springer,face,deepfake,ResNet50,"dois módulos cooperativos sobre o ResNet-50: hf-IFLM extrai features de frequência invariantes via transformada wavelet Haar (componentes horizontal/vertical/diagonal) nos estágios 1-4, comparando pares Raw/C40; hd-FDLM alinha, via divergência KL sobre distribuições t-SNE, as features de alta dimensão de Raw e C40, para aprender representações invariantes ao domínio de compressão e melhorar a detecção de deepfakes em imagens de baixa qualidade",transversal,espacial+frequencia,soma,nao,sim,espacial+frequencia,sim,"FaceForensics++ (FF++: DeepFakes, Face2Face, FaceSwap, NeuralTextures; versões Raw, C23, C40)",acuracia; AUC,"split oficial FF++ 720/140/140 vídeos treino/validação/teste; amostragem a cada 30 frames, imagens 128x128 alinhadas por máscara oficial; Adam (β1=0,9, β2=0,999, ε=1e-8), lr 1e-4, weight decay 1e-8, batch 48; validação 10x por época, early stopping após 10 validações sem melhora; GPU RTX 3070","acurácia 82,01% no C40 NeuralTextures, melhoria de 3,67% sobre o método SOTA MCX-API (Resumo, Tabela 2)","13,48% de ganho de acurácia sobre ADD-ResNet50 no C40 NeuralTextures (68,53% -> 82,01%); na ablação, hf-IFLM isolado (sem hd-FDLM) chega a 81,16% (+12,63 p.p. sobre baseline) e hd-FDLM isolado (sem hf-IFLM) chega a 80,56% (+12,03 p.p.), combinados atingem 82,01% (Tabela 5, Seção Ablation study)",nao,nao_aplica,nao_informado,nao_informado,nao_informado,NVIDIA RTX 3070 GPU,sim,"Tabela 5 compara, no dataset C40 NeuralTextures: baseline ADD-ResNet50 sem nenhum módulo (68,53%), modelo sem hf-IFLM (80,56%, isto é, apenas hd-FDLM), modelo sem hd-FDLM (81,16%, isto é, apenas hf-IFLM), e o método completo com ambos os módulos (82,01%)",DIFLD melhora a capacidade de detecção às custas de reduzir a capacidade de generalização; trabalho futuro pretende detectar vídeos deepfake criptografados para proteger privacidade (Conclusão),1,1,1,1,1,1,6.0,ia_pendente_verificacao,,
S0795,Dai; Fei; Xia; Liu; Weng,2023,Journal of Image and Graphics,periodico,outro,face,deepfake,ResNet18,"modulo local similarity predicator (LSP) que decompoe features locais em grupos horizontais/verticais para prever similaridade com vizinhos, combinado com spatial rich model convolutional pyramid (SRMCP) que extrai ruido de alta frequencia em multiplas escalas via kernels SRM, ambos sobre backbone ResNet18",camadas_iniciais,ruido+textura,canais_entrada,nao,sim,ruido+textura,sim,"FaceForensics++ (DF, F2F, FS, NT; RAW/C23/C40); Celeb-DF (avaliacao cross-domain)",ACC; AUC,"PyTorch 1.9, CentOS 7.0, 4x NVIDIA RTX 3090 24GB, 2x Intel Xeon Gold 6126@2.60GHz; otimizador Adam lr=1E-3; ResNet18 pre-treinado em ImageNet; split FF++ treino/val/teste 720/140/140","ResNet18+SRMCP+LSP: 99.72% (RAW), 98.34% (C23), 90.73% (C40), media 96.26% de acuracia no FF++ (Tabela 1)","supera Xception em 2.31% (C40); supera MesoNet em 13.33%/20.26% (C40, duas metricas); supera metodo de aprendizado metrico CVPR2021 em 0.29%/1.63%/1.22% (RAW/C23/C40); ablacao (Tabela 7) mostra ganho de ~0.45% sobre ResNet18 puro na media do C40",sim,acuracia cai de 99.95% (FF++) para 75.82% (Celeb-DF) (Tabela 6),11.264 M (ResNet18+SRMCP+LSP) vs 11.177 M (ResNet18 puro) vs 20.809 M (Xception) (Tabela 10),9.333 G FLOPs (ResNet18+SRMCP+LSP) vs 9.052 G (ResNet18 puro),"9.342 ms e 22.949 ms (dois valores de hardware distintos reportados na Tabela 10, provavelmente GPU e CPU)",4x NVIDIA RTX 3090 24GB; 2x Intel Xeon Gold 6126@2.60GHz,sim,remocao isolada de SRMCP e de LSP do ResNet18 puro (Tabela 7); posicao de insercao do LSP em T0/T1/T2 (Tabela 9); tamanho de patch 8/16/32 (Tabela 8),trabalho futuro visa otimizar ainda mais o modulo de aprendizado de similaridade local para prever anomalias locais em diferentes tipos de rostos falsificados e melhorar a generalizacao para rostos falsos desconhecidos,1,1,1,1,1,1,6.0,ia_pendente_verificacao,,"texto extraido apresenta trechos em chines com codificacao corrompida (mojibake) intercalados com secoes em ingles legiveis (abstract, tabelas, referencias); extracao feita a partir das partes legiveis em ingles e dos valores numericos das tabelas, que estao integros"
S0799,Lan; Xiao; Wen; Chen; Zhu,2024,IEEE Intelligent Systems,periodico,IEEE,face,deepfake,proprio,"extração de features de frequência via DCT (conversão para YCbCr, blocos 8x8) e features de ruído via SRM combinado com camadas convolucionais, fundidas por um módulo de fusão dual-stream (concatenação de canais + conv1x1/BatchNorm/ReLU + conv3x3/sigmoid) sobre um backbone RepLKNet (large kernel network), treinado com single center loss para forense de deepfakes",transversal,frequencia+ruido,atencao,sim,sim,frequencia+ruido,sim,"FaceForensics++ (C23, C40); DFDC; Celeb-DF (mencionado no resumo, sem tabela de resultados detalhada no texto extraído)",acuracia; AUC,"FaceForensics++: 720/140/140 vídeos treino/validação/teste, compressões C23 e C40; DFDC: pastas oficiais 1-35 treino, 36-40 validação, últimas 10 teste, 32 frames extraídos por vídeo","acurácia 88,47% e AUC 0,9497 no FaceForensics++ C40 (Tabela 1)","baseline RepLKNet sem nenhum módulo: 85,61% de acurácia; SRM isolado: 86,34%; F (frequência) isolado: 81,14%; SRM+F combinados (sem DA/LSC): 86,52%; SRM+F+DA+LSC (modelo completo): 88,47%; SRM+F+DA sem LSC: 87,63% (Tabela 2, conferida no PDF original)",nao,nao_aplica,nao_informado,nao_informado,nao_informado,nao_informado,sim,"Tabela 2 varia a presença dos módulos SRM (ruído), F (frequência), DA (fusão dual-stream) e LSC (loss de centro único) sobre o baseline RepLKNet, tudo no FaceForensics++ C40","trabalho futuro aponta a necessidade de um dataset de forense de deepfakes mais completo e próximo do ambiente real, como condição para aplicação prática (Conclusão)",1,1,1,0.5,1,1,5.5,ia_pendente_verificacao,,"Tabela 2 (ablação modular) veio severamente quebrada na extração de texto do PDF (colunas SRM/F/DA/LSC/ACC misturadas com marcadores '@'). CONFERIDO no PDF original (p.6, 2026-09-21): a tabela tem colunas de checkbox SRM/F/DA/LSC e coluna ACC, com 6 linhas incluindo SRM isolado (86,34%), F isolado (81,14%) e SRM+F combinado (86,52%) — avalia_interacao corrigido de parcial para sim."
S0842,Khaldi; Zermi; Moad; Boukhamla; Kafi; Sahu,2026,Intelligent Systems with Applications,periodico,Elsevier,medico,multiplo,proprio,"framework proativo (PFF-WM): watermark fragil em coeficientes wavelet (DWT) + watermark semi-robusto em coeficientes DCT de media frequencia, com forca de embedding modulada por mapa de atencao multi-escala; deteccao via autoencoder empilhado treinado so em imagens autenticas, localizacao via U-Net leve, e explicabilidade via camada de gradiente alinhada a Grad-CAM de um classificador medico congelado",entrada_bruta,espacial+frequencia,concatenacao,nao,sim,espacial+frequencia,parcial,CheXpert; LiTS; ISIC 2019; NIH ChestX-ray14 (teste de deslocamento de dominio),Accuracy; Precision; Recall; F1; AUC; IoU; PSNR; SSIM,"PyTorch 2.0, Adam lr=1e-4 (modulos de embedding) e 1e-3 (autoencoder), batch size 8, NVIDIA A100 GPU 40GB; treino em 3 fases (10+30+20 epocas, com warm-up linear na fase 3); split 60/20/20 treino/val/teste por dataset","97.6% de acuracia de deteccao e AUC 0.989 no CheXpert (Tabela 2, media de 5 execucoes)",supera DeepMark (94.1%) e ASFW (95.2%) em acuracia de deteccao; IoU de localizacao 83.2% vs 75.4% (DeepMark) e 76.1% (ASFW) no LiTS (Tabela 4),sim,"sob deslocamento de dominio de CheXpert para NIH ChestX-ray14, AUC de deteccao cai de 0.989 para 0.951 e IoU de localizacao cai de 0.832 para 0.764; retreinar o modulo de atencao com 20% dos dados NIH restaura AUC para 0.973 (Secao 4.8.7)",nao_informado,nao_informado,44 ms por imagem 512x512 (pipeline completo); 26 ms na variante sem o modulo de explicabilidade (Secao 4.7),NVIDIA A100 GPU (40 GB),sim,"remocao da atencao guiada (forca beta uniforme), remocao do watermark duplo (apenas fragil), remocao do autoencoder empilhado (limiarizacao direta de erro), remocao da perda de alinhamento (L_explain=0), substituicao da atencao multi-escala por kernel unico 5x5 (Tabela 12)","dependencia de classificador medico pre-treinado para o modulo de explicabilidade, indisponivel para doencas raras (correlacao de Pearson cai de 0.78 para 0.43/0.38 sem classificador especifico); efetividade reduzida para patologias difusas (AUC 0.912 vs 0.992 para lesoes localizadas); sensibilidade a transformacoes geometricas nao corrigidas, com taxa de falso positivo de 18.7% a 15 graus de rotacao; generalizacao a geradores de deepfake nao vistos reduz AUC em ~4-5 pontos percentuais",1,1,1,1,1,1,6.0,ia_pendente_verificacao,,
S0856,Aribe Jr.,2025,International Journal of Advanced Computer Science and Applications (IJACSA),periodico,SAI (The Science and Information Organization),face,deepfake,ResNet50+ViT,"descritores forenses manuais (residuos PRNU, tracos de quantizacao JPEG e coeficientes DCT) sao concatenados aos embeddings de ResNet-50 e ViT numa camada de fusao totalmente conectada com dropout antes da classificacao",cabeca,espacial+frequencia+ruido,concatenacao,nao,sim,frequencia+ruido,parcial,FaceForensics++; Celeb-DF v2; DFDC,acuracia; precisao; recall; F1; AUC; IoU,"divisao estratificada 80-10-10 treino/validacao/teste por dataset; testes cross-dataset treinando num conjunto e testando em outro; folds, sementes e selecao de limiar nao informados","F1 0,96 e AUC 0,98 em FaceForensics++ (Tabela III); F1 0,82 / AUC 0,87 em Celeb-DF v2; F1 0,77 / AUC 0,82 em DFDC","+0,01 F1 sobre ViT em FF++ (0,96 vs 0,95) e +0,02 sobre ResNet-50; +0,06 F1 sobre ViT em Celeb-DF v2 (0,82 vs 0,76) e +0,10 sobre ResNet-50 (0,72); +0,05 F1 sobre ViT em DFDC",sim,"treinando em FaceForensics++ e testando em Celeb-DF v2 o hibrido atinge AUC 0,83, contra AUC 0,98 intra-dataset em FF++ (a queda em si nao e nomeada pelos autores); ResNet-50 0,76 e ViT 0,78 no mesmo teste",nao_informado,nao_informado,"2,17 s por clipe de 10 s ponta a ponta, ~120 fps medios, 11,5 videos/min (Tabela IX)","NVIDIA T4 16 GB, Intel Xeon Silver, 32 GB RAM (deploy); treino em GPUs NVIDIA com precisao mista, modelo nao especificado",sim,"Tabela II compara features forenses isoladas (PRNU+JPEG+DCT em bloco), CNN isolada, ViT isolado e o hibrido completo em Celeb-DF v2; Tabela I varia o pre-processamento (alinhamento facial e preservacao de artefatos JPEG)","degradacao sob compressao forte (recall cai de 0,95 em QF=100 para 0,86 em QF=50); autores listam como desafios remanescentes a implantacao leve em dispositivos moveis/edge, a avaliacao contra modelos de difusao emergentes e ferramentas interativas de explicabilidade",1,1,1,0.5,1,0.5,5.0,ia_pendente_verificacao,,"Tabelas vieram desalinhadas no pdftotext (colunas quebradas em linhas separadas), mas os valores foram confirmados pelo texto corrido que repete os mesmos numeros em III.D, IV.B e na Conclusao. Periodico de rigor editorial baixo; todos os resultados sao numeros de duas casas arredondados e nao ha desvio-padrao, semente ou teste estatistico em nenhuma tabela"
S0868,Kumar,2025,IEEE Access,periodico,IEEE,face,deepfake,proprio (HybridNet: blocos residuais com convolucao separavel em profundidade e Squeeze-and-Excitation),"modulo HFSA (Hybrid Frequency-Spatial Attention) que aplica DCT 2D por canal sobre os mapas de features do backbone, mascara as baixas frequencias, retorna por IDCT e funde com o mapa espacial antes de uma reponderacao de canais no estilo SE",corpo,espacial+frequencia,atencao,sim,sim,espacial+frequencia,sim,FaceForensics++ (HQ/c23); Celeb-DF v2; DFDC-preview,acuracia; precisao; recall; F1; AUC; EER; ECE (calibracao); FPR/FNR por grupo demografico,"splits oficiais de FF++ e Celeb-DF v2; DFDC-preview com divisao 80/20 em nivel de video com de-duplicacao de identidade; K=16 quadros uniformes por video agregados por media; media e desvio-padrao sobre 5 sementes; limiar fixo 0,5 apos escalonamento de temperatura calibrado no conjunto de validacao da origem; teste de McNemar para acuracia e intervalos de 95% por DeLong para AUC","96,0 +/- 0,3% de acuracia em FF++ HQ em nivel de video (F1 95,5%); 97,0 +/- 0,4% em Celeb-DF v2; 93,2 +/- 0,6% em DFDC-preview com aumentos de dados e treino adversarial PGD","HFSA rende ganhos de 2 a 4 pontos percentuais de acuracia sobre o HybridNet apenas espacial (Tabela 12); remover os blocos SE derruba FF++ para 89,2% e remover as conexoes residuais para 87,5%; diferenca para o Xception em FF++ significativa com p<0,01 (McNemar); em DFDC o treino adversarial leva de 89,0% para 93,2%",sim,quedas de 8 a 18 pontos de acuracia conforme o par origem/destino (Tabela 9); exemplo citado no texto: 96% treinando e testando em FF++ contra 88% quando treinado em Celeb-DF,"7,2 M (HybridNet com HFSA), contra 25,6 M do ResNet-50 e 28 M do Swin-T","1,3 GFLOPs para entrada 224x224; o HFSA acrescenta cerca de +0,1 GFLOPs","12,0 ms por imagem em RTX 3090 (lote 1, FP32); o HFSA acrescenta cerca de +1,5 ms por imagem","NVIDIA RTX 3090 (medicoes de latencia); treino em uma unica GPU NVIDIA da serie RTX, ~2 h",sim,"Tabela 12 compara HybridNet sem HFSA (so espacial), HFSA isolado sobre backbone CNN leve (so frequencia) e o modelo completo, nos tres datasets; ablacoes adicionais removem os blocos SE, removem as conexoes residuais e substituem as convolucoes separaveis por convolucoes completas; o estagio de insercao do HFSA e o p_ratio da mascara tambem foram variados, porem sem varredura completa reportada","experimentos restritos ao subconjunto DFDC-preview por limitacao de computacao e armazenamento, com expectativa de numeros piores no DFDC completo; disparidade demografica residual (FPR 3,2% para Caucasian contra 5,1% para Other); acuracia cai para 76% sob ataque PGD caixa-branca; uso de um unico bloco HFSA, variantes multi-estagio deixadas para trabalho futuro; varredura completa de p_ratio omitida",1,1,1,1,1,1,6.0,ia_pendente_verificacao,,"As tabelas do PDF nao possuem camada de texto (saem apenas as legendas no pdftotext, inclusive com -layout), entao os valores das Tabelas 1, 3, 4, 5, 7 a 13 nao puderam ser lidos; todos os numeros aqui registrados vem do texto corrido, que repete os principais. Os valores exatos da Tabela 12 (ablacao do HFSA) nao foram verificaveis, so a leitura narrativa de ganho de 2 a 4 pontos. Alerta de qualidade editorial: as referencias [26] e [31] estao trocadas (um artigo sobre 'zero-intelligence traders' e outro sobre deteccao de anomalias em grafos sao citados como metodos de deteccao de deepfake)"
S0876,Zhang; Hu; Min; Sui; Zhou,2024,PLoS ONE,periodico,PLOS,face,deepfake,"EfficientNet-B0 (um por ramo, pre-treinado em ImageNet) + Vision Transformer com cross-attention","duas cabecas de pre-processamento antes do backbone: o ramo espacial converte para YCbCr e aplica o operador Scharr de borda sobre as componentes Cb e Cr, concatenando com a luminancia Y; o ramo de frequencia aplica transformada wavelet de Haar e funde as sub-bandas LH, HL e HH com LL; os dois ramos sao fundidos por cross-attention no Transformer",entrada_bruta,espacial+borda+frequencia,atencao,sim,sim,borda+frequencia,sim,"FaceForensics++ (HQ/c23 e LQ/c40, nas quatro manipulacoes Deepfake, Face2Face, FaceSwap e NeuralTextures); Celeb-DF (somente cross-dataset)",acuracia (ACC); AUC,"divisao 7:1:2 em treino, validacao e teste para cada nivel de qualidade; faces extraidas por MTCNN, amostragem de 1 a cada 30 quadros em treino, validacao e teste; 50 epocas com parada antecipada apos 10 epocas sem melhora na perda de validacao; SGD com taxa 0,01, weight decay 1e-6, lote 32; sem folds, sem sementes e sem criterio de selecao de limiar declarado","acuracia em FF++ (HQ) de 97,7% (Deepfake), 91,0% (Face2Face), 98,9% (FaceSwap) e 90,0% (NeuralTextures); em FF++ (LQ), 85,1%, 83,1%, 78,5% e 66,0% respectivamente (Tabelas 3 e 4)","em FF++ (HQ) +0,4 ponto sobre o melhor comparado em Deepfake (97,7 contra 97,3 do IR-Capsule) e +2,6 em FaceSwap; em FF++ (LQ) a margem e grande, +9,8 pontos em Deepfake (85,1 contra 75,3 do Muti-clues) e +16,7 em Face2Face; pela ablacao (Tabela 6), o modelo completo supera o ramo espacial isolado em 16,7 pontos em Deepfake e 28,1 em NeuralTextures",sim,"AUC 77,10% em Celeb-DF treinando em FF++ (HQ), contra acuracias de 90 a 99% intra-dataset; a queda nao e nomeada pelos autores e as metricas diferem (ACC intra contra AUC cross), entao nao e diretamente comparavel. Ganhos relativos declarados: +9,29 pontos de AUC sobre CNN-Transformer e +4,83 sobre Fre-Xception",nao_informado,nao_informado,nao_informado,nao_informado,sim,"Tabela 6 compara quatro configuracoes nas quatro manipulacoes do FF++ (HQ): somente ramo espacial YCbCr, somente ramo de frequencia Haar, os dois ramos juntos com EfficientNet nao modificado, e o modelo completo com EfficientNet melhorado mais cross-attention","desempenho fraco em NeuralTextures por causa das alteracoes sutis e distribuidas por diferentes regioes faciais, que exigem modelagem de relacao entre regioes; perda de informacao de falsificacao sob compressao alta degrada FaceSwap e NeuralTextures no FF++ (LQ); necessidade de adaptacao a manipulacoes fora dos datasets publicos atuais",1,1,1,1,1,1,6.0,ia_pendente_verificacao,,"Inconsistencia interna: a Secao 4.2 diz redimensionar as faces para 224x224 e a Tabela 2 declara resolucao de imagem 256x256. Nao ha nenhum dado de custo computacional (parametros, FLOPs, latencia) nem de hardware, apesar de o argumento central do artigo ser eficiencia da combinacao CNN+ViT. Nenhum teste estatistico, semente ou desvio-padrao. As tabelas sairam desalinhadas no pdftotext, com os nomes dos modelos numa coluna e os numeros em outra; a leitura por posicao foi conferida pela ordem descrita no texto corrido"
S0889,Jeon; Woo,2025,CIKM 2025 (34th ACM International Conference on Information and Knowledge Management),conferencia,ACM,misto,deepfake+generico,"Xception (principal); tambem ResNet50, EfficientNet-B4 e ViT-16 como extratores alternativos","substitui a entrada RGB por um mapa de desfoque (defocus blur map) estimado por algoritmo baseado em bordas, a razao entre magnitudes de gradiente em duas escalas gaussianas (Zhuo e Sim), alimentando um classificador padrao; numa segunda configuracao, para conteudo gerado por IA, usa dois ramos paralelos (RGB e defocus) fundidos no nivel de features",entrada_bruta,borda+espacial,atencao,sim,sim,borda+espacial,parcial,"FaceForensics++ (raw, nas quatro manipulacoes DF, F2F, FS e NT; mencao sem numeros a uma avaliacao em c40); SYNDOF; LFDOF; CUHK; Flickr; Middlebury; RTF (apenas teste)",AUC; acuracia; recall; divergencia KL e escore de alinhamento entre SHAP e desfoque; estatistica de Kolmogorov-Smirnov,"FF++ raw com 1.000 videos reais e igual numero de falsos por tipo de manipulacao, proporcao 1:1, divisao em treino, validacao e teste sem sobreposicao (proporcoes nao informadas); imagens em 299x299 normalizadas por estatisticas do ImageNet; Adam com BCEWithLogitsLoss, lote 32, melhor checkpoint por parada antecipada, convergencia tipica em 5 epocas; SYNDOF com a composicao da Tabela 2 e lote 128; intervalos de confianca de 95% por DeLong para AUC e teste de Kolmogorov-Smirnov de duas amostras para a variancia local; taxa de aprendizado, sementes e numero de repeticoes nao informados","AUC media 0,998 em FF++ (raw) com entrada composta apenas pelo mapa de desfoque (DF 0,999; F2F 0,998; FS 0,998; NT 0,999), com IC95% de DeLong entre 0,9980 e 0,9997; em SYNDOF, Xception com RGB+Defocus atinge acuracia 0,972, recall 0,946 e AUC 0,998","+0,004 de AUC media sobre o melhor comparado SFCF (0,994) e +0,028 sobre o Xception RGB (0,970), numeros dos comparados retirados do DeepfakeBench; em SYNDOF, acrescentar o ramo de desfoque ao RGB rende +2,1% de acuracia e +4,0% de recall no Xception, +0,3% e +0,5% no ResNet-50 e +2,2% e +4,7% no ViT-16 (Tabela 4)",nao,nao_aplica,nao_informado,nao_informado,"595,178 ms por lote de 64 imagens apenas para o modulo de estimacao do mapa de desfoque, dominado pelo estagio de mapa de bordas (582,088 ms), com pico de memoria de 847,9 MB (Tabela 1); a latencia da rede de deteccao em si nao e reportada","declarado apenas como uma unica GPU, sem modelo especificado",sim,"varia o backbone do detector baseado em desfoque (Xception, EfficientNet-B4, ViT-16) em FF++; varia os desvios-padrao do filtro gaussiano da estimacao de desfoque, (1,0 / 1,5), (1,5 / 2,0) e (2,0 / 2,5); e compara RGB sozinho contra RGB+Defocus em tres backbones no SYNDOF","robustez em implantacao real nao avaliada; sob compressao JPEG agressiva os artefatos de bloco e ringing atrapalham a estimacao de desfoque baseada em bordas, e na avaliacao em c40 o metodo ficou abaixo do estado da arte (sem numeros reportados); ruido de sensor, desfoque de movimento, variacao de iluminacao e distorcao de lente tambem podem mascarar o padrao de desfoque genuino e nao estao representados nos dados sinteticos",0.5,1,1,0.5,1,0.5,4.5,ia_pendente_verificacao,,"Ponto de atencao para comparabilidade: os numeros dos metodos concorrentes na Tabela 3 sao ""taken from DeepfakeBench"", enquanto o modelo proprio foi treinado no FF++ raw com proporcao 1:1 montada pelos autores, entao a comparacao nao esta sob protocolo unico. Os resultados proprios estao no teto (0,998 medio, com IC de DeLong de largura menor que 0,001), o que junto com a proporcao balanceada construida pelos autores merece ceticismo do revisor. O PDF e a versao arXiv (arXiv:2509.23289v1) do artigo do CIKM 2025. O dataset RTF e usado somente em teste dentro do experimento SYNDOF, mas o estudo nao reporta nenhuma avaliacao explicita de treinar num conjunto e testar em outro com queda medida, por isso cross_dataset foi marcado como nao"
S0913,Dutta; Das; Naskar; Chakraborty,2025,CVPR Workshops 2025 (IEEE/CVF Conference on Computer Vision and Pattern Recognition Workshops),conferencia,CVF/IEEE,face,deepfake,nao_aplica (o metodo nao usa rede neural; a classificacao e feita por regressao linear e logistica sobre quatro energias de sub-banda),"pipeline deterministico e sem aprendizado profundo: cada quadro passa por DFT 2D, filtro passa-baixas gaussiano com corte sigma=45 e DFT inversa; os quadros filtrados sao mediados num unico mapa, decomposto por wavelet de Haar em LL, LH, HL e HH, e as quatro energias de sub-banda formam o vetor de caracteristicas de quatro dimensoes",entrada_bruta,frequencia,ausente,nao,nao,nao_aplica,nao,FaceForensics++; Celeb-DF v2,acuracia; precisao; recall; F1; complexidade assintotica,"divisao treino-teste 80-20 em cada dataset; quadros convertidos para escala de cinza e redimensionados para 224x224; energias transformadas por log(1+z) para evitar instabilidade numerica; limiar de decisao aprendido por regressao logistica; sem folds, sem sementes e sem repeticoes","acuracia 0,9493 e F1 0,9495 em FaceForensics++ intra-dataset; acuracia 0,9203 e F1 0,9193 em Celeb-DF v2 intra-dataset (Tabelas 1 e 2)","declara superar os metodos de dominio de frequencia comparados em 0,7433% intra-dataset e 1,1748% cross-dataset; fica abaixo dos metodos espaciais, por exemplo 0,9493 contra 0,9905 de Das et al. em FaceForensics++, o que os proprios autores assumem como troca por custo",sim,"acuracia cai de 0,9493 para 0,8883 em FaceForensics++ (-6,1 pontos) e de 0,9203 para 0,8701 em Celeb-DF v2 (-5,0 pontos); o artigo nao explicita qual conjunto e origem e qual e destino em cada linha","nao_informado (a conclusao afirma ter numero de parametros significativamente menor, sem apresentar contagem; pelo modelo descrito sao quatro coeficientes e um intercepto)","nao_informado (reporta apenas a complexidade assintotica O(n . d log d . f), sem contagem de operacoes)",nao_informado,"Intel Core i7-1065G7 a 1,30 GHz, 16 GiB de memoria principal e GPU NVIDIA GeForce MX330 com 2 GiB",sim,"Tabela 3 remove a filtragem por DFT e cada uma das quatro energias de sub-banda por vez (ELL, ELH, EHL, EHH), nos dois datasets","os proprios autores registram que, como qualquer abordagem puramente de frequencia, o metodo fica abaixo dos metodos de dominio espacial em acuracia, trocando desempenho por custo; trabalho futuro em dinamica temporal e limiar adaptativo para melhorar a generalizacao",0,1,1,1,1,0.5,4.5,ia_pendente_verificacao,,"ALERTA PARA O AUTOR: este estudo nao usa rede neural em nenhuma etapa. O pipeline e DFT, filtro gaussiano, wavelet de Haar, energias e regressao linear/logistica, e o artigo se posiciona explicitamente contra o uso de aprendizado profundo (""Existing techniques mostly rely on deep learning-based feature extraction... In contrast, WaveDIF uses Discrete Wavelet Transformation""). E candidato retroativo a exclusao por EC2, categoria classico, e provavelmente escapou da fase 2 porque o resumo fala em deteccao de deepfake e dominio de frequencia. Por isso qa1 recebeu 0. Segundo ponto: os numeros dos metodos comparados nas Tabelas 1 e 2 aparecem com quatro casas decimais para acuracia, precisao, recall e F1 em avaliacao intra e cross-dataset, sem indicacao de terem sido reimplementados nem citacao de onde vieram, o que merece verificacao. Erro tipografico no artigo: o terceiro item da lista de sub-bandas esta rotulado como ""LH (High-Low)"" quando deveria ser HL"
S0941,Jiang; Cheng; Yu; Wan,2026,计算机工程 (Computer Engineering),periodico,nao_informado,face,deepfake,proprio,"rede dual-stream (MSDSnet) com módulo de fusão multi-escala (MSF, convoluções dilatadas com fatores 1,3,6,12,18) aplicado 16 vezes em cada fluxo, fluxo de ruído de alta frequência extraído via BayarConv modificado, fusão entre fluxos por atenção cruzada multimodal (MIA, atenção de canal + espacial) e cabeça de classificação via FcaNet (atenção de canal em frequência)",transversal,espacial+frequencia+ruido,atencao,sim,sim,espacial+frequencia,parcial,FaceForensics++; Celeb-DF v2,Accuracy; AUC,"FF++ LQ amostrado a cada 10 frames, imagens redimensionadas e recortadas em 380x380, 320.000 imagens de treino e 80.000 de teste; Celeb-DF v2 amostrado a cada 20 frames, 310.000 de treino e 200.000 de teste; AdamW, lr 5e-5 com decaimento 5e-2, batch size 16, 10 épocas com warm-up na 1ª época; teste de generalização por leave-one-out entre os 4 tipos de falsificação do FF++ (Tabela 3); sem menção a folds ou sementes","Celeb-DF v2: acurácia 98,54% e AUC 0,9871 (melhor acurácia do estudo, Tabela 2); FF++ LQ: acurácia 93,11% e AUC 0,9684 (Tabela 1)","na ablação da Tabela 5 (Celeb-DF v2), AUC sobe de 0,9341 (fluxo espacial isolado) para 0,9871 (modelo completo), ganho de +0,0530; sobre o segundo melhor concorrente em acurácia no FF++ LQ (STIL), ganho de +0,13 p.p. em acurácia e +0,0203 em AUC",sim,"treino em FF++ LQ e teste em Celeb-DF v2 (Tabela 4): AUC 0,6682, o melhor entre os métodos comparados (segundo lugar LDFNet, AUC 0,6635), ante AUC 0,9871 na avaliação dentro do próprio dataset",nao_informado,nao_informado,nao_informado,"NVIDIA GeForce RTX 3090 (Seção 3.1); Seção 3.2 cita GTX 3090Ti 24GB, Ubuntu 18.04.1 — inconsistência no próprio texto",sim,"adição progressiva de componentes ao fluxo espacial isolado (fluxo de ruído, MIA, MSF, FCA — Tabela 5); número de módulos MSF de 1 a 18 (Tabela 6); fatores de dilatação das convoluções (Tabela 7); método de extração de domínio de frequência: DCT vs SRM vs BayarConv (Tabela 8)",nao_informado,1,1,1,1,1,1,6.0,ia_pendente_verificacao,,"Texto lido diretamente das imagens rasterizadas (p01-p12), sem problema de mojibake nesta leitura visual — ao contrário do que o registro anterior (falha_leitura) indicava, o conteúdo estava totalmente legível nas páginas. custo_params/flops/latencia genuinamente não informados no artigo. Nenhuma seção de limitações explícita; a conclusão só aponta trabalhos futuros (explorar mais formas de interação frequência/espaço, usar data augmentation)."
S1011,Li; Chen; Li; Wang; Liu,2026,Sensors,periodico,MDPI,face,deepfake,EfficientNet-B0,"FreqMamba: ramo CNN espacial (6 primeiros blocos MBConv do EfficientNet-B0) + ramo hierarquico de transformada wavelet discreta (DWT, subbandas de alta frequencia LH/HL/HH) + backbone bidirecional Vision Mamba (Vim) para modelagem de sequencia global, fundidos por um mecanismo de gated late-fusion aprendivel (softmax sobre 3 pesos)",cabeca,espacial+frequencia,gate_aprendivel,sim,sim,frequencia+espacial,sim,FaceForensics++ (c23); Celeb-DF v2; WildDeepfake,AUC; ACC,"treino exclusivo em FF++ c23, teste cross-domain sem fine-tuning em Celeb-DF v2 e WildDeepfake; AdamW lr=3e-5, weight decay 1e-4, batch 32, OneCycleLR (10% warm-up + cosine annealing), ate 60 epocas, early stopping por AUC de validacao do FF++ (paciencia 15 epocas); PyTorch 2.1, NVIDIA RTX 4060 (8GB)",99.47% AUC em FF++ c23 (in-distribution); 0.7767 AUC em Celeb-DF v2; 0.6993 AUC em WildDeepfake (Tabela 2),"supera baseline CNN de parametros comparaveis (1.14M, 0.7262 AUC) em 5.05 pontos no Celeb-DF v2; supera baseline CNN leve (0.6272 AUC) em 7.21 pontos no WildDeepfake (Tabela 3)",sim,"AUC cai de 99.47% (FF++ c23, in-distribution) para 77.67% (Celeb-DF v2) e 69.93% (WildDeepfake)",1.36 M (FreqMamba completo) vs 22.9 M (Xception) vs 19.0 M (EfficientNet-B4) (Tabela 4),0.57 G FLOPs (entrada 256x256),"5.8 ms por imagem, 172 FPS, batch size 1, medido apos warm-up em 100 execucoes (Tabela 4)",NVIDIA RTX 4060 (8GB),sim,"ablacao incremental: baseline CNN leve -> +ramo de frequencia (CNN+DWT) -> +Mamba bidirecional (CNN+Mamba) -> +fusao com gate (FreqMamba completo), mais um baseline CNN de parametros equivalentes (Tabela 3)",avaliacao focada em deepfakes gerados por GAN; generalizacao para modelos de difusao (ex. Stable Diffusion) ainda precisa ser verificada; trabalho futuro planeja avaliar em datasets de difusao e datasets maiores como DFDC,1,1,1,1,1,1,6.0,ia_pendente_verificacao,,
S1028,Zhang; Luo; Wu; Zhao,2025,2025 The 9th International Conference on Computer Science and Artificial Intelligence (CSAI 2025),conferencia,ACM,misto,deepfake+generico,ResNet50 (stream LGrad) + backbone proprio do FreqNet (stream de frequencia),"fusao tardia por concatenacao de dois modelos pre-treinados congelados/ajustados: LGrad (mapas de gradiente de um modelo StyleGAN pre-treinado, extraidos via ResNet50 truncado) e FreqNet (modulos de alta frequencia HFRI/HFRF/FCL), seguidos por uma nova cabeca MLP unificada",cabeca,borda+frequencia,concatenacao,nao,sim,borda+frequencia,sim,"ForenSynths (treino, ProGAN); ForenSynths test set (ProGAN, StyleGAN, StyleGAN2, BigGAN, CycleGAN, StarGAN, GauGAN, Deepfake/FF++); GANGen-Detection (STGAN, BEGAN, InfoMaxGAN, SNGAN, AttGAN, RelGAN, S3GAN, MMDGAN, CramerGAN) - total 13 GANs nao vistos + Deepfake",acuracia; Average Precision (AP),"treino com Adam, taxa de aprendizado inicial de 1x10^-4 (texto truncado na formula original), 50 epocas, batch size 32; treino em configuracao de 4 classes (cars, cats, chairs, horses) do ForenSynths/ProGAN; backbones congelados inicialmente e so a cabeca de classificacao treinada por algumas epocas, depois ajuste fino da rede completa","acuracia media de 79,39% e AP media de 88,6% em 13 GANs nao vistos (Tabela 4); quase perfeito no StarGAN (97,40% acc, 100% AP)","no conteudo Deepfake, LGrad isolado obtem 57,96% de acuracia contra 85,9% do modelo fundido (Secao 4.1); FreqNet isolado obtem 88,9% no mesmo teste (Tabela 2)",sim,"desempenho cai a nivel de chance em alguns GANs do benchmark GANGen: SNGAN 50,30% e STGAN 50,00% de acuracia, contra 99,58% no ProGAN (Tabela 4); BigGAN cai para 73,75% e a media do benchmark GANGen fica em 68,71% de acuracia / 78,26% de AP",nao_informado,nao_informado,nao_informado,"nao_informado (menciona apenas ambiente Docker/Colab para a conversao dos mapas de gradiente, sem especificar GPU de treino)",sim,"compara o desempenho do LGrad isolado (Tabela 1, reproducao), do FreqNet isolado (Tabelas 2 e 3, reproducao em dois test sets diferentes) e do modelo fundido completo (Tabela 4) sobre os mesmos GANs de teste, incluindo Deepfake","queda de desempenho para nivel de chance em CycleGAN, BigGAN e varios modelos do benchmark GANGen (AttGAN, MMDGAN, SNGAN, STGAN), atribuida a mudancas extremas de dominio e a diferencas nos mecanismos geradores (metodos baseados em energia, casamento de momentos); os autores sugerem ponderacao dinamica de features ou adaptacao consciente de dominio como trabalho futuro (Secao 4.2 e 4.4)",1,1,1,1,1,1,6.0,ia_pendente_verificacao,,"Candidato forte para RQ1.3: fusao explicita de customizacao de dominio de gradiente/borda (LGrad) com customizacao de dominio de frequencia (FreqNet), com numeros de A isolado, B isolado e A+B reportados para os mesmos datasets (Deepfake em particular). Ressalva importante: os dois ramos sao BACKBONES INTEIROS E DISTINTOS pre-treinados separadamente (ResNet50 para LGrad, arquitetura propria do FreqNet) fundidos por concatenacao tardia, nao duas customizacoes inseridas no MESMO backbone como e o caso do dct_hybrid do TCC - vale essa distincao na sintese S3/S4. Classifiquei o dominio do LGrad como 'borda' por analogia (gradientes de imagem capturam informacao de borda/estrutura), mas o termo usado pelo proprio artigo e 'gradiente'; nao ha opcao fechada equivalente no vocabulario e essa seria uma decisao a confirmar. O texto do artigo tem trechos finais (Secao 4.4 e Conclusao) visivelmente incoerentes/mal escritos ('Xanadu', frases sem sentido gramatical), o que sugere baixo rigor editorial apesar da metodologia e das tabelas centrais serem claras e consistentes."
S1063,Sen; Laurie; Hasan,2026,Proceedings of the ... International Florida Artificial Intelligence Research Society Conference,nao_informado,nao_informado,face,deepfake,EfficientNet (fluxo espacial) + codificadores convolucionais proprios (fluxos de frequencia e ruido),"arquitetura de tres fluxos paralelos (espacial via EfficientNet, frequencia via DCT em blocos 8x8, ruido via filtro passa-alta fixo inspirado em SRM), projetados em tokens e fundidos por um modulo transformer leve de autoatencao (2 camadas, 4 cabecas) antes da classificacao",transversal,espacial+frequencia+ruido,atencao,sim,sim,espacial+frequencia+ruido,nao,Celeb-DF v2; FaceForensics++ (FF++),acuracia; AUC; precisao; revocacao; F1 (por classe),"conjuntos fixos de treino/validacao/teste (Tabela 1); avaliado em tres resolucoes de entrada (128x128, 256x256, 384x384), com downsampling bicubico para simular baixa resolucao; normalizacao com estatisticas do ImageNet; Adam, taxa de aprendizado 1e-4, batch size 32; selecao de modelo por desempenho de validacao (Secao Experimental Set Up)","ate 99,6% de acuracia em Celeb-DF v2 (99,44% em 256x256, AUC 0,9996) e 85,7% em FaceForensics++ (85,72% em 128x128) (Resumo, Tabela 2)","em FF++ a 128x128, SFA-Fuse (85,72%) supera Xception (83,22%) e EfficientNet-B4 (50,99%); em 256x256, supera EfficientNet-B4 (62,40% vs. 52,96%) (Secoes de analise de resultados por resolucao)",sim,"queda substancial de desempenho relatada ao treinar em Celeb-DF e testar em FF++, especialmente em resolucoes mais altas, mas sem valor numerico especifico reportado no texto (apenas Figuras 2 e 3); SFA-Fuse descrito como mais estavel que os baselines nesse cenario (Secao 'Generalization Under Dataset Shift')",nao_informado,nao_informado,nao_informado,"NVIDIA L40 GPUs (48 GB de memoria cada), infraestrutura CSU TIDE HPC (Secao Experimental Set Up)",nao,nao_aplica,"""evaluation on face-centric datasets, sensitivity to class imbalance at low resolution, and asymmetric cross-dataset generalization"" (Conclusao)",1,1,1,1,1,0.5,5.5,ia_pendente_verificacao,,"combina_multiplas=sim mas avalia_interacao=nao: o estudo combina explicitamente tres dominios (espacial, frequencia, ruido) via fusao por atencao, mas nunca isola a contribuicao de cada fluxo com uma ablacao interna (A sozinho, B sozinho, A+B); as comparacoes sao sempre contra arquiteturas externas de dominio unico, nao contra variantes do proprio SFA-Fuse. Nenhum veiculo de publicacao (periodico/conferencia) e identificavel no texto extraido, apenas um aviso de copyright 2026 e licenca CC BY-NC 4.0; pode se tratar de material de workshop ou preprint — recomenda-se conferencia humana sobre o veiculo e a elegibilidade quanto a decisao D2 (exclusao de preprints)."
S1066,Laad; Shekar B,2026,International Journal of Advanced Computer Science and Applications (IJACSA),periodico,outro,face,deepfake,proprio,"HDST-CAF: arquitetura tri-stream combinando Vision Transformer leve (semantica global), CNN Feature Pyramid Network multi-escala (textura local) e stream de analise no dominio de frequencia via DFT 2D (impressoes espectrais de GAN/difusao), fundidos por atencao cruzada bidirecional seguida de gating adaptativo",cabeca,espacial+frequencia,gate_aprendivel,sim,sim,frequencia+espacial,nao,"dataset multi-condicao proprio (506 videos, ~5060 faces via YOLOv11; 5 categorias de degradacao: preto-e-branco, ruido, face swap, manipulacao de expressao, baixa resolucao)",Accuracy; Precision; Recall; F1; AUC (apenas citado em tabela comparativa com literatura),"seed fixa 42, split estratificado 80/20 treino-teste, batch size 32, 5 epocas de treino; AdamW, lr inicial 1e-4 com cosine annealing, label smoothing 0.1, peso da loss auxiliar 0.3, dropout 0.3/0.5; embedding dim=256, ViT com 6 blocos/8 cabecas/patches 16x16","92% de acuracia geral no dataset combinado (Tabela IV), superando ResNet18 (89%) em 3 pontos percentuais",supera ResNet18 em 3 pontos percentuais de acuracia geral (92% vs 89%); ganho de ate 10 pontos na categoria Noised (85% vs 75%); ResNet18 supera HDST-CAF em Face Swapping (87% vs 74%) e Low Resolution (78% vs 58%),nao,nao_aplica,14.1 M,~2.1 GFLOPs por imagem de face 224x224,~38 ms de latencia media de inferencia por imagem em GPU RTX 4060,NVIDIA RTX 4060,nao,nao_aplica,desempenho fraco em Face Swapping (74%) e Low Resolution (58%); dataset de apenas 506 videos/5060 imagens limita generalizacao para distribuicoes mais amplas; robustez a manipulacoes nao vistas nao foi avaliada experimentalmente; avaliacao cross-dataset nao foi realizada por design,1,1,1,1,0.5,0.5,5.0,ia_pendente_verificacao,,
S1075,Arabo; Eesa,2026,Machine Learning with Applications,periodico,Elsevier,face,deepfake,Swin-Small; EfficientNetV2-S,"camada de congruencia de fase adaptativa e diferenciavel (APCL) aplicada a imagem de entrada, formando um segundo ramo cujas features sao concatenadas as do backbone RGB",entrada_bruta,espacial+frequencia+borda,concatenacao,nao,nao,nao_aplica,nao,FaceForensics++ c23; Celeb-DF v2; Google DFD,AUC (frame); AUC (video),"FF++ particionado em 72% treino, 14% validacao, 14% teste; sem folds e sem sementes declaradas; score de video = media das predicoes de frame seguida de limiarizacao, valor do limiar nao reportado; treino apenas em FF++, Celeb-DF v2 e DFD usados como teste externo","in-domain FF++ (Swin-Small + APCL): AUC frame 98,76% e AUC video 99,12% (Tabela 2); cross-dataset Celeb-DF v2: AUC frame 82,78% e AUC video 90,04% (Tabela 3); DFD: AUC frame 95,89% e AUC video 97,59% (Tabela 4)","sobre Single RGB (Swin-Small): +0,48 p.p. AUC frame in-domain (98,28 para 98,76); +8,42 p.p. AUC frame e +10,23 p.p. AUC video em Celeb-DF v2 (74,36 para 82,78; 79,81 para 90,04); +7,33 p.p. AUC frame em DFD (88,56 para 95,89). Sobre o controle Dual RGB (mesma capacidade, ramo auxiliar RGB): +3,16 p.p. AUC frame em Celeb-DF v2 (79,62 para 82,78)",sim,"Swin-Small + APCL cai de AUC frame 98,76% em FF++ para 82,78% em Celeb-DF v2 (-15,98 p.p.) e para 95,89% em DFD (-2,87 p.p.)","48,8 M (Swin) para 49,2 M (Swin + APCL), Tabela 7","8,5 GFLOPs (Swin) para 9,0 GFLOPs (Swin + APCL), Tabela 7","throughput 212,35 frames/s (Swin) para 180,47 frames/s (Swin + APCL), Tabela 7",nao_informado,sim,"tres ablacoes: (i) configuracoes Single RGB vs Dual RGB (controle de capacidade com ramo auxiliar RGB) vs Dual RGB + APCL; (ii) canal de fase usado pela APCL (RGB, R, G, B, Gray, Tabela 5); (iii) remocao dos parametros aprendiveis internos da APCL, ganho de escala, mistura de escalas e modulacao de confiabilidade (Tabela 6)",nao_informado,1,1,1,0.5,1,1,5.5,ia_pendente_verificacao,,"Ponto de atencao para o revisor: o estudo foi promovido a camada de profundidade pelos termos borda+frequencia, mas a congruencia de fase e UMA representacao so, de natureza frequencial e resposta do tipo borda (""phase-based representations emphasize edges, geometric structures"", Secao 1.2). Nao sao duas customizacoes distintas combinadas, por isso combina_multiplas = nao e avalia_interacao = nao. Caso o autor decida que fase conta como frequencia+borda simultaneas, o campo vira combina_multiplas = sim com quais_combinadas = frequencia+borda, mas avalia_interacao continuaria nao, pois os dois sinais sao inseparaveis dentro do mesmo modulo. Tabelas 2 a 7 vieram desalinhadas no pdftotext (colunas Frame AUC e Video AUC separadas do corpo); os numeros de Celeb-DF v2 e DFD foram reconciliados pela ordem das linhas e pelos deltas citados no texto da Secao 4."
S1095,Wasin Alkishri; Shahid Kamal; Jabar H. Yousif,2026,Information (MDPI),periodico,MDPI,face,deepfake,ViT-B/16 (ImageNet-21k) no ramo espacial; CNN de 4 blocos no ramo forense,"tensor forense de 11 canais construido da imagem bruta (FFT por canal, sub-bandas Haar DWT, residuo de ruido, magnitude de gradiente Sobel e ELA) processado por um ramo CNN e fundido ao ramo ViT por atencao cruzada bidirecional",entrada_bruta,espacial+frequencia+ruido+borda,atencao,sim,sim,frequencia+borda+ruido,parcial,FaceForensics++ C23; Celeb-DF v2; CIFAKE,acuracia; AUC-ROC; F1; precisao; recall; EER,"particao por video com semente fixa 42, 70% treino, 15% validacao, 15% teste (5548/1188/1190 imagens), garantindo que cada video aparece em um unico split; remocao de frames quase duplicados (SSIM maior que 0,95) verificada como impacto menor que 1%; divisao unica, sem folds e sem repeticoes com sementes diferentes; melhor checkpoint escolhido pela AUC de validacao (epoca 30); AUC-ROC adotada como metrica primaria por ser independente de limiar, sem procedimento de selecao de limiar declarado","FaceForensics++ C23 (teste, 1190 imagens): AUC-ROC 94,26%, acuracia 85,55%, F1 86,22%, EER 8,50% (Tabela 5)","+1,11 a +7,56 p.p. de AUC sobre os baselines da Tabela 6 (XceptionNet 88,30; Swin-T 92,10; ViT+MoE 93,15); na ablacao da Tabela 9, +5,84 p.p. de AUC sobre o ViT-B/16 somente RGB (88,42 para 94,26) e +6,65 p.p. sobre a CNN forense sozinha (87,61)",sim,"sem fine-tuning, AUC cai de 94,26% em FF++ C23 para 63,48% em Celeb-DF v2 (-30,78 p.p., EER 41,08%) e para 42,64% em CIFAKE (-51,62 p.p., abaixo do acaso; os autores atribuem a prioris de frequencia especificos de faces GAN aplicados a imagens nao faciais geradas por difusao)","91,2 M no total (85,8 M do ViT-B/16 espacial e 5,4 M nos ramos de frequencia e fusao); variante com ViT-S/16 tem 27,4 M (Tabela 3)","17,6 GFLOPs (variante ViT-S/16: 5,2 GFLOPs), Tabela 3","14,3 ms por imagem, cerca de 70 FPS (variante ViT-S/16: 6,1 ms), Tabela 3",uma unica GPU NVIDIA de 16 GB; o modelo exato da GPU nao e declarado,sim,"duas ablacoes: (i) Tabela 9, cinco variantes arquiteturais, ViT somente RGB, CNN forense sozinha, fusao por concatenacao, atencao unidirecional e atencao bidirecional completa; (ii) Tabela 8, leave-one-out dos cinco grupos de canais forenses (FFT, DWT, ruido, gradiente, ELA) removidos um por vez do tensor completo de 11 canais","conjunto de treino pequeno (7.926 imagens de um unico dataset) pode nao cobrir a diversidade real de manipulacoes; avaliacao so contra ataques de pos-processamento estaticos, ataques adversariais adaptativos por gradiente permanecem em aberto; custo computacional do processamento de dois ramos com atencao cruzada e preocupante para implantacao em tempo real e inviavel em borda; nao usa representacoes wavelet multiescala; generalizacao entre datasets limitada (63,48% em Celeb-DF v2 e abaixo do acaso em CIFAKE), indicando representacoes especificas do paradigma GAN; forte vulnerabilidade a ruido gaussiano de alta intensidade (AUC 68,18% com sigma igual a 40); restricao a analise de imagem estatica, sem modelagem temporal; pipelines proprietarios de compressao de plataformas podem diferir dos ataques simulados",1,1,1,1,1,1,6.0,ia_pendente_verificacao,,"Sobre ponto_intervencao: se a intervencao for classificada pelo local do modulo proprio (a fusao por atencao cruzada, que opera sobre vetores de 512 dimensoes imediatamente antes do cabecalho MLP), o valor seria camadas_finais ou transversal. Optou-se por entrada_bruta porque e ali que as customizacoes de dominio (FFT, DWT, ruido, Sobel, ELA) sao efetivamente introduzidas. O canal ELA e um indicio de historico de compressao e nao se encaixa bem no vocabulario fechado de dominio_representacao; nao foi mapeado para nenhum rotulo, para nao inferir. Os nomes dos autores nao aparecem no texto extraido pelo pdftotext (cabecalho MDPI perdido), por isso autores = nao_informado; podem ser recuperados do PDF ou do DOI 10.3390/info17090819. Ressalvas editoriais que nao alteram campos: (a) a Tabela 3 tem legenda trocada (""FAViT for more lightweight models"" no lugar de uma legenda de custo computacional); (b) a Tabela 5 troca os rotulos da matriz de confusao, atribuindo TP = 538 e FN = 81 a coluna ""Class: Real"" e TN = 480 e FP = 91 a coluna ""Class: Fake"", ao contrario do texto da Figura 4; (c) a Tabela 6 nao declara se os numeros dos baselines foram reimplementados pelos autores ou copiados das publicacoes originais; (d) a taxa de aprendizado do backbone aparece corrompida no texto extraido como ""1 x 1015-5"", lida como 1 x 10-5 pela frase seguinte (""10x less than new layers""); (e) o texto diz que a taxa minima do cosine annealing e eta_min = 1 x 10-1, valor implausivel e provavelmente erro de digitacao do artigo, nao corrigido aqui."
S1118,Guo Zhen; Qiu Runyao; Xu Jia; Liu Zhiquan; Ma Jianfeng; Zhang Wenjie,2026,Journal on Communications,periodico,"periodico academico chines (Journal on Communications / Tongxin Xuebao, ISSN 1000-436X), publicado pelo China Institute of Communications; nao pertence a IEEE, ACM, Elsevier, Springer, MDPI ou CVF",imagem_natural,splicing+copy_move+inpainting,"DINOv2 ViT-L/14 (ramo semantico, camadas 5, 11, 17 e 23 agregadas por FPN)","framework de dois ramos, semantico (DINOv2 com modulo de atencao no dominio wavelet sobre as sub-bandas de alta frequencia) e forense (SRM mais convolucao restrita de Bayar sobre a imagem bruta), unidos por fusao com porta em nivel de pixel e decodificacao em cascata com refinamento de borda",transversal,espacial+frequencia+ruido+borda,gate_aprendivel,sim,sim,frequencia+ruido+borda,parcial,treino: Fantastic-Reality (16.000); IMD2020 (2.010); CASIA v2 (7.491); SP-COCO e CM-COCO; JPEG-RAISE (24.462). teste: CASIA v1 (800); MISD (618); Coverage (100); Columbia (183); NIST16 (560); CocoGlide (512),F1; IoU; AUC; EER,"treino em conjunto composto (Fantastic-Reality, IMD2020, CASIA v2, SP-COCO, CM-COCO, JPEG-RAISE) e teste em seis conjuntos nao vistos; entrada 448 x 448, batch 8, 50 epocas; estrategia de otimizacao em dois estagios, estagio 1 com AdamW e taxa inicial 1 x 10-4, estagio 2 com AdamW 1 x 10-4 para o adaptador de tarefa e Adam 5 x 10-5, dropout p = 0,9 citado; limiar de binarizacao F1 fixado em 0,5 (""F1 0.5"" na descricao da Tabela 4); sem folds, sem sementes e sem repeticoes declaradas","localizacao, media dos seis conjuntos de teste: F1 69,5% e IoU 61,1% (Tabela 4; CASIA v1 82,6/75,9; MISD 72,0/59,0; Coverage 61,9/53,9; Columbia 81,4/75,6; NIST16 53,2/46,4; CocoGlide 65,7/56,0). Deteccao, media: AUC 90,7% e EER 12,7% (Tabela 5; CASIA v1 95,9; MISD 99,7; Coverage 78,8; Columbia 99,9; NIST16 81,7; CocoGlide 88,1)","sobre o melhor concorrente em localizacao, NC-Net: +1,9 p.p. de F1 medio (67,6 para 69,5) e +1,2 p.p. de IoU medio (59,9 para 61,1). Sobre o melhor concorrente em deteccao, SparseViT: +6,7 p.p. de AUC medio (84,0 para 90,7) e -8,2 p.p. de EER medio (20,9 para 12,7). Na ablacao cumulativa da Tabela 6, +30,9 p.p. de F1 em CASIA v1 sobre o backbone DINOv2 ViT-B/14 puro (51,7 para 82,6)",sim,nao_informado,nao_informado,nao_informado,nao_informado,CPU Intel Core i9-14900K e GPU NVIDIA GeForce RTX 5090D; Python 3.10 e PyTorch 2.7,sim,"cinco ablacoes: (i) Tabela 3, pesos b e e das perdas de contorno e de borda, em grade 3 x 3; (ii) Tabela 6, composicao cumulativa DINOv2 ViT-B/14, mais ramo forense, troca para ViT-L/14, mais atencao wavelet, mais FPN; (iii) Tabela 7, ablacao cruzada do ramo forense, SRM sozinho, Bayar sozinho e SRM+Bayar; (iv) Tabela 8, cumulativa dos modulos de fusao, Baseline, +FA, +FA+GF, +FA+GF+ER; (v) Tabela 9, cumulativa dos descritores de confianca, Baseline, +Fdino, +Fsap, +Fwsp, +Fmmp; e ainda a Tabela 10, comparando o treino em dois estagios contra alternativas de treino conjunto","Secao 4 (Conclusao), confirmada por leitura visual da p.173/p18: o modelo depende de uma estrutura de colaboracao de features relativamente complexa, com custo computacional elevado em cenarios de imagem de alta resolucao; os dados de treino vem majoritariamente de tipos de adulteracao conhecidos, podendo haver queda de desempenho diante de novos modelos generativos ou paradigmas de edicao desconhecidos (""本文模型依赖较复杂的特征协同结构，在高分辨率图像场景下计算开销较高。当前训练数据主要源于已知篡改类型，在面对新型生成模型或未知编辑范式时仍可能存在性能下降"", traducao: ""the model relies on a relatively complex feature collaboration structure, with high computational cost in high-resolution scenarios; training data mainly comes from known tampering types, so performance may still degrade against new generative models or unknown editing paradigms"")",1,1,1,1,1,1,6.0,ia_pendente_verificacao,,"Extracao inicial via pdftotext (glifos CJK descartados, restando so resumo em ingles/equacoes/tabelas/referencias) confirmada e complementada por leitura visual das 20 paginas rasterizadas (p01, p04-05 metodo, p13-14 tabelas 6-9 de ablacao, p17-18 robustez e conclusao, p19-20 referencias/autores). O lote registra o veiculo como ""DOAJ"" e o DOI como vazio; o proprio artigo declara doi 10.11959/j.issn.1000-436x.TXXB260151, Journal on Communications v. 47 n. 8, agosto de 2026, financiado pela National Natural Science Foundation of China (No. 62562027). Apesar do titulo falar em deepfake, os conjuntos de avaliacao sao de localizacao de adulteracao em imagem natural (CASIA, Columbia, Coverage, NIST16, MISD, CocoGlide), por isso dominio_aplicacao = imagem_natural. O campo queda_cross_dataset ficou nao_informado porque toda a avaliacao ja e fora do dominio de treino e o artigo nao reporta um numero in-domain de referencia para calcular a queda. Nenhuma metrica de custo (parametros, FLOPs, latencia) foi encontrada no artigo, inclusive apos leitura visual. Ha ainda avaliacao de robustez a compressao JPEG (Q de 100 a 50), desfoque gaussiano (k de 1 a 9) e ruido (0 a 25) em CASIA v1 e Columbia (Figuras 6 e 7, p.172), confirmando que o metodo proposto degrada menos que PIM e EITLNet nos tres tipos de perturbacao. A Tabela 8 mostra um ponto nao monotonico (Baseline+FA+GF cai abaixo de Baseline e de Baseline+FA em todos os datasets antes do modulo ER recuperar o desempenho); a leitura visual da prosa entre as Tabelas 8 e 9 (p.169) confirma a explicacao dada pelos autores: o modulo GF, sem o refinamento de borda (ER), introduz vies instavel de selecao de features no ponderamento dinamico multi-fonte, o que prejudica a expressao colaborativa de semantica e evidencia forense ate o ER ser adicionado. Nenhuma parte necessaria ao preenchimento dos campos permaneceu ilegivel apos a leitura visual; secoes de detalhe fino nao lidas (2.3 fusao em equacoes, 2.4 decodificacao, 3.1-3.3 configuracao e tabelas 4/5/10 completas) nao alteram nenhum campo ja extraido das equacoes e tabelas de ablacao citadas na evidencia."
S1128,Bodawala; Bhalodia; Patel; Torani,2026,"International Journal for Research in Applied Science and Engineering Technology (IJRASET), v. 14, n. 3",periodico,IJRASET,face,deepfake,"MobileNetV2 adaptado e quantizado para TensorFlow.js (citado apenas na Tabela 5, como ""Model Size (TF.js) < 8 MB, MobileNetV2 adapted, quantised weights""); SSD MobileNet V1 via face-api.js para deteccao de face; a arquitetura de deteccao e descrita somente como ""Two-Step hybrid CNN + RNN"", sem camadas, dimensoes ou treinamento","plataforma forense que roda no navegador e combina doze modulos de analise paralelos (deteccao de face, ELA, FFT, separacao de camadas RGB/borda/luminancia, metadados EXIF, OCR, forma de onda de audio, distribuicao de cores) num escore de autenticacao ponderado de 0 a 100%",nao_informado,espacial+frequencia+borda+metadados,soma,nao,sim,frequencia+borda+metadados,nao,"FaceForensics++ HQ (unico com resultados reportados); a Tabela 4 tambem lista DFDC, Celeb-DF v2 e DF-TIMIT como usados para treino e avaliacao, mas nenhum resultado sobre eles e apresentado",acuracia; AUC-ROC; F1; precisao; recall,"divisao 70% treino, 15% validacao e 15% teste por amostragem aleatoria estratificada, com aumento de dados declarado (espelhamento p = 0,5, rotacao de mais ou menos 15 graus, jitter de brilho e contraste 0,8 a 1,2, recorte aleatorio 80 a 100%, ruido gaussiano sigma 0,01 a 0,05); nao ha folds, sementes, limiar de decisao, otimizador, taxa de aprendizado nem numero de epocas; o artigo tambem nao declara em qual dos quatro datasets o modelo foi efetivamente treinado","FaceForensics++ HQ (teste): acuracia 91,4%, AUC-ROC 94,7%, F1 88,2%, precisao 92,0%, recall 90,9% (Tabela 5)","nao_informado. A Tabela 7 lista acuracias de metodos da literatura (XceptionNet 82,3%; Face X-ray 85,1%; Multi-Attentional 91,1%; SBI 90,4%; LSDA 92,8%; Eff-Aware CNN 90,7%) sem declarar se foram reimplementadas ou copiadas, e o proprio metodo (91,4%) fica abaixo de LSDA; nenhum ganho e declarado, e nao existe baseline proprio",nao,nao_aplica,"nao_informado (reporta tamanho de modelo menor que 8 MB em TensorFlow.js, nao a contagem de parametros)",nao_informado,"menos de 150 ms por quadro na inferencia do navegador e 3,5 s de tempo medio de analise para o pipeline completo de 12 modulos (Tabela 5); o proprio artigo afirma que a janela de 3.500 ms ""simulates neural model inference time"" (Secao III), ou seja, nao e uma latencia medida","apenas ""WebGL-accelerated TensorFlow.js on modern GPU"" (Tabela 5), sem modelo de GPU, CPU, navegador ou versao",nao,nao_aplica,nao_informado,0.5,1,0.5,0,0.5,0,2.5,ia_pendente_verificacao,,"ALERTA DE QUALIDADE para o revisor. Este e um artigo de plataforma web, nao de arquitetura neural, publicado em periodico de baixo rigor editorial (IJRASET), e apresenta contradicao interna grave: a Tabela 2 declara que os modulos de ELA, FFT, cor, escala e audio sao SIMULATED (visualizacoes procedurais em canvas, nao analises reais), e a Tabela 6 mesmo assim atribui acuracia, precisao, recall e F1 de deteccao a esses mesmos modulos simulados (ELA 89,4%, FFT 91,6%). A janela de analise de 3.500 ms e descrita pelo proprio artigo como algo que ""simulates neural model inference time"". Nao ha descricao de treino, nem de qual dataset foi usado para treinar, embora a Tabela 4 liste quatro. A Tabela 7 rotula o proprio metodo como ""DeepFake Detective (Ours) 2025"" num numero de marco de 2026. Os campos combina_multiplas = sim e quais_combinadas foram preenchidos pelo que o artigo REIVINDICA integrar; dado o estado simulado de parte dos modulos, o revisor pode preferir tratar o estudo como sem combinacao efetiva. Recomenda-se considerar este estudo como candidato a peso minimo na analise de sensibilidade de qualidade (soma QA = 2,5 de 6)."
S1149,Marini; Ciamarra; Caldelli; Berretti,2026,ACM Workshop on Information Hiding and Multimedia Security (IH&MMSec '26),conferencia,ACM,face,deepfake,ViT,"gerador PM-VAE (Masked Autoencoder + bottleneck variacional) produz resíduos espaciais e wavelet que alimentam um classificador Transformer multi-ramo (RGB, resíduo espacial, resíduo de frequência)",entrada_bruta,espacial+frequencia,concatenacao,nao,sim,espacial+frequencia,sim,FaceForensics++; Celeb-DF; DFD; DFDC; FFHQ,AUC; EER; acuracia,treino em FF++ (Real+F2F) com número variável de frames falsos por vídeo (1 a 100); seleção de checkpoint pelo maior AUC em conjunto de validação 'mixed' com os quatro tipos de forgery de FF++; teste com 100 frames por vídeo real e manipulado; experimentos em StyleGAN2/SG/SG3/SG-XL/Stable Diffusion variando 10 a 10.000 amostras falsas de treino,"AUC 73,90% / EER 31,1% em média cross-dataset (Celeb-DF, DFD, DFDC), melhor resultado entre os métodos baseados em reconstrução comparados, com 3 frames falsos por vídeo (Tabela 2)","+4,3 pontos de AUC sobre o baseline RFFR no regime de baixa supervisão (Figura 5); no regime de 1 frame falso por vídeo, AUC médio cross-forgery sobe de 74,51 (RFFR) para 78,80 (Ours), Tabela 1",sim,"AUC cai de ~99,9% (F2F, visto) para 73,90% em média no cross-dataset (Celeb-DF/DFD/DFDC) com 3 frames falsos por vídeo (Tabela 2)",nao_informado,nao_informado,nao_informado,"NVIDIA RTX Titan GPU, 24 GB de memória (treino do PM-VAE, Seção 4.1)",sim,"compara latente global vs. patch-wise (Tabela 4), dimensionalidade do latente D_vae em 128/256/512 (Tabela 5), e contribuição isolada e combinada de PM-VAE e do ramo wavelet frente ao baseline RFFR (Tabela 6)","formulação atual opera por frame individual, sem modelagem temporal explícita (flicker, warping, deriva de identidade); reconstrução é em nível de pixel, não uma representação 3D estruturada da face; modelagem de incerteza nos resíduos e sinais multimodais (áudio-visual) ficam para trabalho futuro",1,1,1,1,1,1,6.0,ia_pendente_verificacao,,"Os dois componentes isolados na ablação (PM-VAE only, Wavelet only) não correspondem à combinação frequencia+borda alvo da hipótese do TCC; aqui é resíduo espacial (via reconstrução) + resíduo de frequência (wavelet), sem módulo de borda. Ponto_intervencao marcado como entrada_bruta porque os três ramos ViT recebem imagens/resíduos distintos já computados antes de qualquer embedding de patch, não uma inserção dentro de um backbone único."
S1152,Zhou; Sun; Li,2025,Journal of Applied and Numerical Optimization,periodico,outro,face,deepfake,Xception,"modelo de dois ramos (RGB e ruído de alta frequência via SRM) inicializado com Xception pré-treinado; convolução separável em profundidade (DSCM) no ramo RGB, módulo de kernel seletivo (SKM, kernels 1x1/3x3/5x5/7x7 com atenção softmax) no ramo de ruído, aprendizado cruzado via CMCE nas camadas intermediárias, e fusão multiescala com atenção de canal e espaço (BFM) antes da classificação",transversal,espacial+ruido,atencao,sim,sim,espacial+ruido,sim,"FaceForensics++ (FF++, c23); Celeb-DF; DeepFake Detection (DFD); DFDC; DF1.0; CD2",AUC; acuracia; PSNR; SSIM,"imagens recortadas e alinhadas em 299x299, normalizadas para [0,1]; augmentations (flip, contraste, escala, blur, recorte aleatório); inicialização com Xception pré-treinado; Adam (β1=0,9, β2=0,999, ε=1e-8), batch 32, lr 0,0002; PyTorch, GPU NVIDIA RTX 4090 24GB","AUC médio de 0,996 em avaliação intra-dataset no FF++ (Tabela 2); AUC médio de 0,947 treinando em NT e testando nas quatro técnicas do FF++ (Tabela 1)","modelo completo (DSCM+SKM+BFM) supera o dual-branch básico (RGB+SRM por soma direta) em até 7,3 pontos percentuais de AUC no NT (0,894 -> 0,967); RGB sozinho 0,696 e SRM sozinho 0,858 de AUC no NT, ambos inferiores à fusão (Tabela 7, Seção 5)",sim,"AUC médio cai de 0,996 intra-dataset (Tabela 2) para 0,790 em avaliação cross-dataset de FF++ para DFD/DFDC/CelebDF/DF1.0 (Tabela 5) e para 0,6848 no benchmark CD2 (Tabela 6)",nao_informado,nao_informado,nao_informado,NVIDIA RTX 4090 24GB,sim,"Tabela 7 compara RGB sozinho, SRM sozinho, fusão dual-branch simples (RGB+SRM), +DSCM, +DSCM+SKM e +DSCM+SKM+BFM no FF++ (métrica AUC por técnica DF/F2F/FS/NT); Tabela 8 varia a função de ativação (Tanh/ReLU/Sigmoid/Leaky ReLU); Tabela 9 varia a combinação de tamanhos de kernel do SKM","desempenho cai significativamente sob compressão JPEG pesada (qualidade 50%: acurácia 70,2%, AUC 0,81), devido à perda de detalhes da imagem (Tabela 4, Seção 4.2)",1,1,1,1,1,1,6.0,ia_pendente_verificacao,,
S1222,Thulasimani; Kasthuri,2025,Journal of Advanced Research and Innovation,periodico,nao_informado,face,deepfake,proprio,"pipeline em duas etapas: Crossover Forex Component Analysis (CFCA) extrai componentes de frequencia cruzada e residuo (via DFT 2D e transformada inversa) das faces, e o Multi-Scale Vector Transformer Fusion Network (MSVTF-Net) funde essas features em multiplas escalas espaciais/temporais via transformer com atencao local-global",entrada_bruta,frequencia+ruido+temporal+espacial,soma,nao,nao,nao_aplica,nao,FaceForensics++ (DF; F2F; FS; NT),AUC; acuracia; precisao; recall; F1,"nao especifica split treino/teste numerico, numero de folds, sementes nem hiperparametros de otimizacao (learning rate, epocas, batch size nao informados); menciona apenas Python 3.10, PyTorch v2.x e GPU NVIDIA CUDA; avaliacao por cross-manipulation, treinando em uma manipulacao (DF, F2F, FS ou NT) e testando nas quatro (Tabela 1)","acuracia, precisao, recall e F1 reportados acima de 99% no FaceForensics++ (Figura 7, sem valores numericos exatos no texto); AUC 99,89% treinando e testando em DF (Tabela 1)","supera as baselines MFF, RECCE e VoD na maioria dos cenarios de cross-manipulation (Tabela 1); ex.: 78,92% AUC (proposto) vs 70,66% (RECCE) e 62,68% (VoD) treinando em DF e testando em F2F",nao,nao_aplica,nao_informado,nao_informado,nao_informado,GPU NVIDIA com CUDA (modelo nao especificado),nao,nao_aplica,"trabalho futuro citado pelos autores: avaliacao cross-dataset (Celeb-DF v2, DFDC) ainda nao realizada; falta de robustez adversarial; falta de arquitetura leve para mobile/edge; interpretabilidade por regiao ainda limitada",0.5,0.5,1,0.5,0.5,0.5,3.5,ia_pendente_verificacao,,"Artigo de qualidade duvidosa: periodico pouco reconhecido, prosa com erros evidentes (ex.: ""comunidad method"", frases mal formadas na Introducao e Related Works), nomenclatura inconsistente para MSVTF-Net (tambem chamado de 'Cross Scale Fused Deepfake Detection and Analysis Real-Time System' no texto sem explicacao), tabelas com formatacao quebrada no texto extraido (Table 1 reconstruida por inferencia posicional, pode conter erros de alinhamento numerico), e ausencia total de hiperparametros de treino. Nao ha ablacao interna nem combinacao arquitetural de dominio frequencia+borda comparavel ao escopo de precedencia da RQ1.3; a etapa de extracao de frequencia (CFCA) e sequencial/externa ao transformer, nao uma fusao de branches dentro do mesmo backbone. Resultados percentuais de Table 1 foram remontados a partir de texto fragmentado no PDF extraido; conferir contra o PDF original antes de citar numeros especificos."
S1265,Alshammari; Alshammari,2026,"Sensors (MDPI), vol. 26, artigo 2705",periodico,MDPI,sensoriamento_remoto,inpainting+deepfake+multiplo,MobileNetV3-Small,"arquitetura de tres ramos paralelos com encoders MobileNetV3-Small identicos: ramo espacial RGB, ramo de frequencia (sub-bandas de alta frequencia LH/HL/HH do DWT) e ramo residual (filtro SRM + Laplaciano), fundidos por um transformer leve de atencao cruzada multi-cabeca",transversal,espacial+frequencia+ruido,atencao,sim,sim,espacial+frequencia+ruido,parcial,"VisDrone2019-DET (subconjunto de validacao, 548 imagens aereas reais) + 548 imagens sinteticamente manipuladas geradas pelos proprios autores via GAN/diffusion inpainting e face-swap",acuracia; precisao; recall; F1; AUC,"divisao estratificada 70%/15%/15% (treino/validacao/teste), classes balanceadas 1:1 real/fake; batch size 16, 100 epocas, Adam (beta1=0,9, beta2=0,999), taxa de aprendizado inicial 1e-4 com cosine annealing, dropout 0,3, weight decay 1e-5, treinamento com precisao mista; degradacoes UAV (motion blur, ruido, JPEG, CLAHE) aplicadas somente no conjunto de treino, nunca em validacao/teste (Tabelas 3 e 4)","acuracia 97,8%, precisao 98,1%, recall 97,3%, F1 97,7% e AUC 0,991 no conjunto de teste UAV (Tabela 9)","F1 sobe de 90,8% (RGB isolado) para 97,7% (fusao completa dos tres ramos), ganho de aproximadamente +6,9 pontos percentuais (Tabela 10); supera ResNet-50 (F1 90,2%, AUC 0,942), XceptionNet (F1 92,2%, AUC 0,957) e Noiseprint CNN (F1 92,8%, AUC 0,964) em 7,5 a 10,0 pontos percentuais de F1 (Tabela 13)",nao,nao_aplica,"5,4 M parametros no total; por ramo: espacial 1,5M, frequencia 1,5M, residual 1,6M, fusao transformer 0,8M (Tabela 6)","1,43 GFLOPs no total; por ramo: espacial 0,38G, frequencia 0,42G, residual 0,41G, fusao 0,22G (Tabela 6)","9,8 ms de latencia total reportada por componente (Tabela 6); separadamente, 22,4 ms/frame (44,6 FPS) medidos em entrada 1280x720 (Secao 4.4, Tabela 14)","NVIDIA RTX 3080 GPU (Secao 4.4, medicao de 22,4 ms/frame e 0,74 GB de memoria); a tabela de complexidade computacional (Tabela 6, 9,8 ms) nao repete o hardware explicitamente",sim,"ablacao por ramo com quatro variantes: RGB isolado (baseline), RGB+DWT, RGB+Residual, fusao completa dos tres ramos (Tabela 10); ablacao separada dos componentes de pre-processamento de degradacao UAV (motion blur, ruido de sensor, compressao JPEG, CLAHE) adicionados incrementalmente sobre resize+normalizacao (Tabela 11)","tamanho do dataset limitado (1096 imagens) frente a benchmarks de grande escala, podendo afetar generalizacao para categorias raras e manipulacoes nao vistas; nao avalia modalidades infravermelho, baixa luminosidade ou multiespectral; escopo restrito a analise intra-frame, sem modelagem temporal entre quadros de video; identidade deepfake e a categoria mais dificil (F1 95,6% vs 98,2% para forgeries de cena, Tabela 12); falsos positivos concentrados sob compressao JPEG severa ou motion blur pronunciado; para streaming 4K em tempo real pode ser necessario escalonamento multi-GPU",1,1,1,1,1,1,6.0,ia_pendente_verificacao,,"Candidato relevante para RQ1.3: combina tres dominios (espacial, frequencia via DWT, ruido via SRM+Laplaciano) sobre o MESMO backbone replicado (MobileNetV3-Small em cada ramo), com fusao por atencao condicional e ablacao incremental de ramos. Classifiquei avalia_interacao como 'parcial' porque a Tabela 10 nunca isola DWT ou Residual sem o RGB - a regra de ouro do protocolo pede 'parcial' na duvida. O artigo tem 59 paginas com extensa pseudocodificacao de etapas triviais de pre-processamento (Algoritmos 1-6 para resize, blur, ruido), um padrao tipico de conteudo possivelmente inflado por geracao automatica; apesar disso, a secao de metodologia central (Secao 3.5) e as tabelas de resultados/ablacao (Tabelas 9-14) sao claras, numericas e consistentes entre si. O residual branch combina SRM (ruido) com filtro Laplaciano (borda/gradiente) no mesmo ramo, entao 'ruido' pode estar sub-representando um componente de borda tambem presente - vale checar na sintese."
S1291,Peng; Liu; Zan; Yu,2025,IET Computer Vision,periodico,IET/Wiley,face,deepfake,"U-Net (DDIM) na rede de reconstrucao; detectores avaliados EfficientNet-B3, ResNet-50, ConvNeXt, Swin-Transformer, F3Net e CLIP","duas vias paralelas de reconstrucao por difusao, uma guiada por mascara central espacial e outra com modulo DCT nas conexoes de salto da U-Net que separa e recompoe sub-bandas de baixa e alta frequencia, usadas como amostras positivas e negativas em treino contrastivo",transversal,espacial+frequencia,soma,nao,sim,espacial+frequencia,sim,DiffusionFace (ADM; LDM; DDPM; DDIM; PNDM; SDv1; SDv2; Text2img); DiffSwap,ACC,"limiar fixo em 0,5 para a acuracia; quatro treinos independentes (ADM, LDM, SDv1, SDv2) com avaliacao nos demais geradores; imagens 256x256 reescaladas conforme cada detector; passo de difusao stop=1000; divisao treino/teste do DiffusionFace, numero de imagens, folds e sementes nao informados","ACC 99,78% em ADM e media 73,92% nos sete geradores (EfficientNet-B3 com MF-DRCT, treino em ADM, Tabela 1)","+1,87 pontos de ACC media sobre o DRCT (73,92 contra 72,05, EfficientNet-B3, Tabela 1); no treino com DiffSwap a media supera DRCT em 8 pontos e o detector sem reconstrucao por difusao em 9 pontos (Secao 4.4)",sim,"EfficientNet-B3 com MF-DRCT treinado em ADM cai de 99,78% de ACC em ADM para 49,96% em SDv1 e 52,02% em SDv2 (Tabela 1), ou seja, nivel de acaso fora da familia de difusao em espaco de pixel",nao_informado,nao_informado,"0,86 s por imagem na reconstrucao DCT (lote 16, 128 canais), contra 2,28 s por imagem do DRCT (lote 16, 256 canais)","NVIDIA RTX 3090 24 GB, PyTorch 1.12, CUDA 11.6",sim,"Tabelas 7 a 10 comparam reconstrucao base, mascara isolada, frequencia isolada e as duas juntas, em quatro detectores e quatro conjuntos de treino; Tabelas 11 a 14 variam o tamanho da mascara (64 e 128) e a razao de retencao de baixa e alta frequencia (0,2 e 0,5)","a generalizacao cai diante de variacoes significativas de arquitetura de difusao, por deslocamento de distribuicao e por dependencia de padroes locais e de frequencia aprendidos no treino; treinado apenas em imagens integralmente geradas, o detector tem dificuldade com troca de face baseada em difusao, que envolve manipulacoes locais sutis (Secao 5.2)",1,1,0.5,0.5,1,1,5.0,ia_pendente_verificacao,,"As tabelas saem do pdftotext com cabecalhos de coluna separados dos valores; as medias da Tabela 7 foram lidas na ultima coluna (Avg) em ordem de linha. O artigo alterna os nomes MFDR, MF-DRCT e MF para o mesmo metodo. A media 'Avg' da Tabela 2 repete valores da Tabela 1 em algumas linhas, aparente erro de composicao do proprio artigo"
S1320,Vagadiya; Sen; Hasan,2026,Proceedings of the International Florida Artificial Intelligence Research Society Conference (FLAIRS-39),conferencia,George A. Smathers Libraries / FLAIRS,face,deepfake,Xception (um backbone independente por banda de frequencia),"a imagem de entrada e decomposta por DCT 2D em K bandas radiais disjuntas (baixa, media e alta), cada banda e reconstruida por IDCT e processada por um ramo Xception independente, e os embeddings de 256 dimensoes sao concatenados numa cabeca de fusao leve; o treino soma exemplos adversariais PGD com alinhamento de caracteristicas por MMD e perda de centro",entrada_bruta,frequencia,concatenacao,nao,nao,nao_aplica,nao,"RealVsFake (140k real and fake faces, Kaggle); FaceForensics++",acuracia; AUC; precisao; revocacao; F1,"imagens redimensionadas para 128x128, otimizador Adam com taxa de aprendizado 10-4; tres configuracoes de avaliacao (treino limpo/teste limpo, treino limpo/teste PGD, treino limpo+adversarial/teste limpo+adversarial); ataque PGD com restricao L-infinito, epsilon=8/255, passo alfa=2/255 e 5 iteracoes; divisao treino/teste, numero de imagens, epocas, lote, folds, sementes e selecao de limiar nao informados","AUC 0,8714 e acuracia 0,7800 no RealVsFake em treino limpo e teste limpo (Tabela 1); no FaceForensics++ nas mesmas condicoes, AUC 0,7515 e acuracia 0,6600",nao_informado,sim,"treinado no RealVsFake limpo e testado no FaceForensics++, AUC 0,4603 e acuracia 0,2763 (Configuracao 1, Figura 1), ou seja, abaixo do acaso em AUC, contra AUC 0,8714 no proprio RealVsFake; com treino limpo mais adversarial a AUC sobe para 0,6760 e a acuracia para 0,4524",nao_informado,nao_informado,nao_informado,nao_informado,nao,nao_aplica,"""Limitations include reduced raw accuracy under strong attacks and sensitivity to calibration across datasets"" (Conclusao); os autores tambem colocam como trabalho futuro o ajuste fino seletivo do backbone, avaliacoes adversariais mais fortes e ineditas e agregacao temporal para video",1,1,0.5,0,0.5,0.5,3.5,ia_pendente_verificacao,,"Artigo curto de duas paginas, do tipo resumo estendido, com resultados explicitamente chamados de ""preliminary experiments"" pelos proprios autores. O veiculo na planilha do lote aparece como ""DOAJ"", que e o indexador, nao a revista; o registro duplicado S1321 na triagem.csv traz o veiculo real, FLAIRS, com DOI 10.32473/flairs.39.1.141622, e foi o usado aqui. Numeros internamente estranhos e nao comentados pelos autores: acuracia 0,2853 com revocacao 0,9936 no FF++ sob treino adversarial, e AUC 0,2178 e 0,1879 sob teste PGD, isto e, bem abaixo do acaso. Nao ha comparacao com nenhum metodo concorrente nem com o Xception puro"
S1322,Cheng; Pang; Li; Wei; Song; Chen,2025,Journal of Imaging,periodico,MDPI,face,deepfake,"duas redes Xception paralelas, uma por fluxo","arquitetura de fluxo duplo com Xception em cada ramo, um sobre RGB bruto e outro sobre mapas de ruido do banco de filtros SRM, acoplados por tres modulos: CFIE, que usa similaridade de cosseno por posicao espacial como sinal-guia da interacao entre os fluxos e aplica atencao de canal com conexao residual de peso aprendivel; EFG, que usa autoatencao multinivel mais atencao de canal e espacial do fluxo RGB para guiar o fluxo SRM; e EMFF, que recombina caracteristicas de diferentes profundidades e escalas",transversal,espacial+ruido,atencao,sim,sim,espacial+ruido,parcial,FaceForensics++ c23 (DeepFakes; Face2Face; FaceSwap; NeuralTextures); CelebDF-v1; CelebDF-v2,AUC; ACC,"treino e teste no FF++ c23 para desempenho in-domain e treino no FF++ com teste no CelebDF-v1 e CelebDF-v2 para generalizacao; entrada 299x299 normalizada em [0,1]; Adam com taxa inicial 1x10-4 e decaimento de peso 1x10-5, lote 32, escalonamento por recozimento cossenoidal, parada antecipada por validacao; numero de epocas declarado como variavel, ""30 epochs"" em analises preliminares e ""100 epochs"" na avaliacao completa, ""depending on each experimental scenario""; aumento de dados por espelhamento, rotacao pequena, brilho, contraste, desfoque e recorte aleatorio; sem folds, sem sementes, sem repeticoes, sem teste estatistico e sem criterio de escolha de limiar; as metricas dos metodos concorrentes na Tabela 1 nao foram reproduzidas, ""the metrics in Table 1 are sourced from the corresponding papers""","AUC media 0,995 e ACC 0,960 no FF++ (treino e teste no mesmo conjunto, Tabelas 1 e 3); AUC 0,995 no NeuralTextures, a subcategoria mais dificil","sobre o Xception de fluxo unico, +0,075 de ACC (0,885 para 0,960) e +0,036 de AUC (0,959 para 0,995) no FF++ (Tabela 3); sobre a rede de fluxo duplo Locate and Verify, +0,091 de AUC no CelebDF-v1 (0,938 contra 0,847) e +0,073 de AUC no CelebDF-v2 (0,995 contra 0,922) (Tabela 2)",sim,"praticamente nenhuma queda reportada: treinado no FF++ e testado no CelebDF-v2, a AUC e 0,995, identica a AUC in-domain no FF++, e 0,938 no CelebDF-v1 (Tabela 2). Valor atipico para a literatura da area e nao discutido pelos autores","69,43 M (contra 61,87 M do Locate and Verify, Tabela 4)","101,33 G (contra 21,39 G do Locate and Verify, Tabela 4), com entrada 299x299",aproximadamente 9 quadros por segundo em laptop com RTX 4080 (cerca de 111 ms por imagem),"NVIDIA RTX 4080, PyTorch 1.12.1",sim,"Tabela 3 acrescenta um modulo por vez, de forma cumulativa, sobre o Xception: Xception, +SRM, +SRM+CFIE, +SRM+CFIE+EFG, +SRM+CFIE+EFG+EMFF, treinando e testando no FF++","""its dual-stream design and multi-stage feature fusion mechanism introduce high computational complexity"" e a velocidade de processamento de cerca de 9 fps, reconhecida no resumo como ""potential limitations regarding real-time processing efficiency""; os autores indicam como trabalho futuro modelos mais leves para ambientes com recurso restrito (Secoes 4 e 5)",1,1,1,0.5,1,1,5.5,ia_pendente_verificacao,,"Os autores rotulam o fluxo SRM como ""frequency domain"", mas o descrevem literalmente como ""noise feature maps extracted via SRM filter banks"" e ""noise residuals"" (Secoes 2.2.1 e 2.2.3); por isso o dominio foi registrado como ruido, com o rotulo dos autores anotado aqui. As Tabelas 1 e 2 saem desalinhadas no pdftotext e varias celulas de concorrentes ficam vazias no original; a Tabela 3 foi conferida no PDF (p. 11) e a Tabela 4 no texto corrido. A Discussao grafa o nome do modelo como ""EFMID-Net"", inconsistente com ""EFIMD-Net"" do resto do artigo. Ponto de atencao para o revisor: a AUC cross-dataset no CelebDF-v2 (0,995) e igual a AUC in-domain no FF++, o que e incomum e nao e justificado no texto"
S1374,Patil R.; Shinde R.; Patil S.; Patil Y.; Shahade,2026,Scientific Reports,periodico,Springer Nature,face,multiplo,EfficientNet-V2B0+ResNet50+DenseNet121+VGG16+Xception+CNN proprio (ensemble heterogeneo de 6 backbones independentes),"ensemble heterogeneo de 6 detectores pre-treinados e ajustados, cada um especializado em um tipo de pista forense (textura espacial, borda/blending, ruido residual, coerencia semantica, frequencia), combinados por fusao adaptativa calibrada por confianca: pesos de confiabilidade globais (prior de validacao via softmax) multiplicados por pesos de confianca especificos por amostra",cabeca,espacial+frequencia+borda+ruido+textura,gate_aprendivel,sim,nao,nao_aplica,parcial,"dataset proprio de 192.000 imagens autenticas e manipuladas, agregando StyleGAN, StyleGAN2 (sintese GAN), DeepFaceLab, FaceSwap (troca de face), FaceApp, Reflect (manipulacao de atributo), DALL-E, Midjourney (sintese de imagem completa)",acuracia; precisao; recall; F1-score; AUC-ROC,"split 80/10/10 treino/validacao/teste com particionamento source-aware (mesma identidade/pipeline/gerador confinados a um unico split); Adam lr=1e-3, beta1=0,9, beta2=0,999, batch 32, early stopping por perda de validacao, precisao mista, entrada 224x224; GPU NVIDIA RTX 3090 24GB VRAM (Tabela 5)","acuracia 97,8%, precisao 98,0%, recall 97,5%, F1 97,7% no conjunto de teste com o ensemble proposto (Tabela 6)","supera o melhor detector individual (EfficientNet-V2B0, 96,5% acuracia) em +1,3 p.p.; supera outras estrategias de fusao — voto majoritario 96,7%, media ponderada estatica 97,1%, media por confianca 97,3%, stacking com meta-aprendiz 97,4% — em ate +1,1 p.p. de acuracia (Tabela 7)",nao,nao_aplica,nao_informado,nao_informado,"nao_informado (declara apenas qualitativamente que o ensemble tem overhead computacional maior que um detector unico, sem numeros de latencia)",NVIDIA RTX 3090 (24 GB VRAM),sim,"compara desempenho de cada um dos 6 detectores individuais contra o ensemble completo (Tabela 6); compara a fusao adaptativa proposta contra voto majoritario, media ponderada estatica, media por confianca e stacking com meta-aprendiz (Tabela 7); nao ha ablacao leave-one-detector-out (remover um detector especifico do ensemble para medir seu impacto isolado)","sensibilidade a resolucao (degrada abaixo de 128x128 pixels); degradacao sob compressao JPEG repetida; vulnerabilidade a perturbacoes adversariais e a metodos de sintese emergentes (ex. diffusion); sobrecarga computacional do ensemble heterogeneo em cenarios de borda/mobile; escopo limitado a imagens (sem video, audio ou multimodal); interpretabilidade do modulo forense avaliada apenas qualitativamente, sem validacao formal com especialistas forenses",1,1,1,1,1,1,6.0,ia_pendente_verificacao,,"Estudo relevante mas de natureza distinta do escopo central da RQ1.3: e um ENSEMBLE de 6 backbones independentes e completos (cada um especializado em um dominio forense), fundidos no nivel de probabilidade de saida por um gate de confianca aprendido — nao uma fusao arquitetural de features dentro de um UNICO backbone compartilhado (como o dct_hybrid do TCC, que funde DCT Branch + EA-EC dentro do mesmo ResNet50). Por isso combina_multiplas='nao' aqui: os dominios sao combinados no nivel de decisao entre modelos separados, nao 'sobre o mesmo backbone' como exige a definicao do protocolo. Isso e uma distincao importante para a sintese S3 (matriz de combinacao): ensemble pos-hoc de modelos especializados vs fusao interna de branches é uma dimensao de design diferente que pode merecer categoria propria na taxonomia S1."
S1400,Khan; Batool; Jalbani; Ali; Naz; Hassan; Waheed; Ghaffar,2026,Journal of Global Social Transformation (JGST),periodico,JGST (editora nao identificada como IEEE/ACM/Elsevier/Springer/MDPI/CVF),face,deepfake,"Xception (quatro instancias identicas, uma por representacao)","RAM-FusionNet: quatro ramos Xception independentes processando RGB, Error-Level Analysis (ELA), residuo de ruido e DCT de frequencia, fundidos por uma Reliability-Gating Network (MLP de duas camadas + softmax) que gera pesos de confiabilidade dependentes da imagem de entrada",cabeca,espacial+frequencia+ruido,gate_aprendivel,sim,sim,espacial+frequencia+ruido,parcial,"FaceForensics++ (FF++: DeepFakes, Face2Face, FaceSwap, NeuralTextures); subconjunto gerado por modelo de diffusion (cross-generation); Dataset B; Dataset C (cross-dataset, capturas e geradores nao detalhados no texto)",acuracia; precisao; recall; F1; AUC; Expected Calibration Error (ECE); Brier score,"split 70/15/15 sobre o pool de imagens derivado do FF++, sem sobreposicao de identidade entre splits; conjunto de teste balanceado de 20.000 imagens (10.000 reais/10.000 fake); resolucao de entrada 299x299; Adam, taxa de aprendizado inicial 1x10^-4 (formula truncada no texto extraido), batch size 32, early stopping por perda de validacao (melhor epoca tipicamente ~27 para o modelo completo); 5 execucoes com sementes aleatorias distintas para estabilidade","acuracia 98,1%, precisao 98,2%, recall 97,9%, F1 98,0% e AUC 0,996 no conjunto de teste FF++ (Tabela 2)","melhora de 95,8% de acuracia (RGB-Xception) para 98,1% (RAM-FusionNet); a fusao com pesos aprendidos (gating) supera a fusao fixa de pesos iguais em 0,4 ponto percentual (97,7% para 98,1%, Tabelas 2 e 4)",sim,"acuracia cai de 98,1% (in-domain FF++) para 95,2% no Dataset B, 93,8% no Dataset C e 91,7% no subconjunto gerado por diffusion (AUC 0,958), o pior caso (Tabela 8)","84,1 M parametros no RAM-FusionNet completo, contra 83,6 M da fusao fixa de 4 ramos e 20,9 M do RGB-Xception isolado (Tabela 14)","34,1 GFLOPs no RAM-FusionNet, contra 33,6 GFLOPs da fusao fixa e 8,4 GFLOPs do RGB-Xception isolado (Tabela 14)","69,7 ms/imagem de inferencia no RAM-FusionNet, contra 67,9 ms da fusao fixa e 18,6 ms do RGB-Xception isolado; geracao de explicacao Grad-CAM em 42,5 ms/imagem, contra 109,4 ms da fusao fixa (Tabela 14)","uma unica GPU NVIDIA (modelo nao especificado), implementacao em PyTorch (Secao 'Implementation Details')",sim,"adiciona representacoes cumulativamente sobre o baseline RGB: RGB+ELA, RGB+ELA+Noise, RGB+ELA+Noise+Frequency, fusao fixa dos 4 ramos com pesos iguais, e RAM-FusionNet com o gate de confiabilidade aprendido (Tabela 4); isola separadamente o efeito da propria porta de confiabilidade comparando fusao fixa vs RAM-FusionNet mantendo as mesmas representacoes","escopo de datasets e cobertura de geradores restrito ao FaceForensics++ e as colecoes avaliadas, nao abrangendo todos os metodos de geracao facial; ausencia de comparacao sistematica com esquemas alternativos de estimativa de confiabilidade para a porta de gating; tempos computacionais dependentes do hardware utilizado; recomendam testes futuros em conjuntos mais amplos e variados de geradores, ataques anti-forenses controlados e experimentos repetidos com poder estatistico (Conclusao)",1,1,1,1,1,1,6.0,ia_pendente_verificacao,,"Candidato relevante para RQ1.3: combina customizacoes de dominio espacial, frequencia (DCT) e ruido (residuo) sobre backbones Xception identicos, fundidos por um gate aprendivel condicional a entrada, com evidencia de qual representacao domina por categoria de manipulacao (Tabela 12, Figura 7). avalia_interacao classificado como 'parcial' seguindo a regra de ouro do protocolo (na duvida entre sim e parcial, escolher parcial): a Tabela 4 e cumulativa (RGB -> +ELA -> +ELA+Noise -> +ELA+Noise+Frequency) e nunca isola ELA, Noise ou Frequency sozinhos sem o RGB. A representacao ELA (Error-Level Analysis, diferenca entre a imagem original e uma recompressao JPEG controlada) nao tem categoria propria no vocabulario fechado de dominio_representacao; foi tratada implicitamente dentro de 'frequencia' por estar ligada a artefatos de compressao/quantizacao, mas e conceitualmente distinta de DCT puro - vale essa ressalva na sintese S1/S2. Datasets B e C do cross-dataset nao sao nomeados explicitamente no texto extraido (apenas 'external face-image collections that differ in capture conditions and generator families')."
